501	Red Potion
502	Orange Potion
503	Yellow Potion
504	White Potion
505	Blue Potion
506	Green Potion
507	Red Herb
508	Yellow Herb
509	White Herb
510	Blue Herb
511	Green Herb
512	Apple
513	Banana
514	Grape
515	Carrot
516	Sweet Potato
517	Meat
518	Honey
519	Milk
520	Leaflet Of Hinal
521	Leaflet Of Aloe
522	Fruit Of Mastela
523	Holy Water
525	Panacea
526	Royal Jelly
528	Monsters Feed
529	Candy
530	Candy Striper
531	Apple Juice
532	Banana Juice
533	Grape Juice
534	Carrot Juice
535	Pumpkin
536	Ice Cream
537	Pet Food
538	Well Baked Cookie
539	Piece Of Cake
540	Falcons Feed
541	Pecopecos Feed
542	Festive Cookie
543	Festive Rainbow Cake
544	Fish Slice
545	Red Slim Potion
546	Yellow Slim Potion
547	White Slim Potion
548	Cheese
549	Nice Sweet Potato
550	Popped Rice
551	Shusi
552	KETUPAT
553	Bun
554	Mojji
555	Rice Cake
556	Long Rice Cake
557	Hash Rice Cake
558	Chocolate
559	HandMade Chocolate
560	HandMade Chocolate 
561	White Chocolate
562	Pizza
563	Pizza 01
564	Rice Ball
565	Vita500 Bottle
566	Tomyumkung
567	Prawn
568	Lemon
569	Novice Potion
570	Lucky Candy
571	Lucky Candy Cane
572	Lucky Cookie
573	Chocolate Drink
574	Egg
575	Piece Of Cake 
576	Prickly Fruit
577	Grain
578	Strawberry
579	Delicious Fish
580	Bread
581	Mushroom
582	Orange
583	KETUPAT 
584	Fish Ball Soup
585	Wurst
586	Mothers Cake
587	Prickly Fruit 
588	Spaghetti
589	Pizza 02
590	Brezel 
591	Caviar Pancake
592	Jam Pancake
593	Honey Pancake
594	Sour Cream Pancake
595	Mushroom Pancake
596	Cute Strawberry Choco
597	Lovely Choco Tart
598	Light Red Pot
599	Light Orange Pot
601	Wing Of Fly
602	Wing Of Butterfly
603	Old Blue Box
604	Branch Of Dead Tree
605	Anodyne
606	Aloebera
607	Yggdrasilberry
608	Seed Of Yggdrasil
609	Amulet
610	Leaf Of Yggdrasil
611	Spectacles
612	Portable Furnace
613	Iron Hammer
614	Golden Hammer
615	Oridecon Hammer
616	Old Card Album
617	Old Violet Box
618	Worn Out Scroll
619	Unripe Apple
620	Orange Juice
621	Bitter Herb
622	Rainbow Carrot
623	Earthworm The Dude
624	Rotten Fish
625	Lusty Iron
626	Monster Juice
627	Sweet Milk
628	Well Dried Bone
629	Singing Flower
630	Dew Laden Moss
631	Deadly Noxious Herb
632	Fatty Chubby Earthworm
633	Baked Yam
634	Tropical Banana
635	Horror Of Tribe
636	No Recipient
637	Old Broom
638	Silver Knife Of Chaste
639	Armlet Of Obedience
640	Shining Stone
641	Contracts In Shadow
642	Book Of Devil
643	Pet Incubator
644	Gift Box
645	Center Potion
656	Awakening Potion
657	Berserk Potion
658	Union Of Tribe
659	Heart Of Her
660	Prohibition Red Candle
661	Sway Apron
662	Inspector Certificate
663	Korea Rice Cake
664	Gift Box 1
665	Gift Box 2
666	Gift Box 3
667	Gift Box 4
668	Handsei
669	Rice Cake Soup
670	Gold Coin Moneybag
671	Gold Coin
672	Copper Coin Moneybag
673	Copper Coin
674	Mithril Coin
675	Silver Coin
676	Silver Coin Moneybag
677	White Gold Coin
678	Poison Bottle
679	Gold Pill
680	Magical Carnation
681	Memory Of Wedding
682	Realgar Wine
683	Exorcize Herb
684	Durian
685	RAMADAN
686	Earth Scroll 1 3
687	Earth Scroll 1 5
688	Cold Scroll 1 3
689	Cold Scroll 1 5
690	Fire Scroll 1 3
691	Fire Scroll 1 5
692	Wind Scroll 1 3
693	Wind Scroll 1 5
694	Ghost Scroll 1 3
695	Ghost Scroll 1 5
696	Fire Scroll 2 1
697	Fire Scroll 2 5
698	Fire Scroll 3 1
699	Fire Scroll 3 5
700	Cold Scroll 2 1
701	Ora Ora
702	Animal Blood
703	Hinalle
704	Aloe
705	Clover
706	Four Leaf Clover
707	Singing Plant
708	Ment
709	Izidor
710	Illusion Flower
711	Shoot
712	Flower
713	Empty Bottle
714	Emperium
715	Yellow Gemstone
716	Red Gemstone
717	Blue Gemstone
718	Dark Red Jewel
719	Violet Jewel
720	Skyblue Jewel
721	Azure Jewel
722	Scarlet Jewel
723	Cardinal Jewel
724	Cardinal Jewel 
725	Red Jewel
726	Blue Jewel
727	White Jewel
728	Golden Jewel
729	Bluish Green Jewel
730	Crystal Jewel
731	Crystal Jewel 
732	Crystal Jewel  
733	Crystal Jewel   
734	Red Frame
735	Blue Porcelain
736	White Platter
737	Black Ladle
738	Pencil Case
739	Rouge
740	Stuffed Doll
741	Poring Doll
742	Chonchon Doll
743	Spore Doll
744	Bunch Of Flowers
745	Wedding Bouquet
746	Glass Bead
747	Crystal Mirror
748	Witherless Rose
749	Frozen Rose
750	Baphomet Doll
751	Osiris Doll
752	Grasshopper Doll
753	Monkey Doll
754	Raccoondog Doll
756	Oridecon Stone
757	Elunium Stone
901	Danggie
902	Tree Root
903	Reptile Tongue
904	Scorpions Tail
905	Stem
906	Pointed Scale
907	Resin
908	Spawn
909	Jellopy
910	Garlet
911	Scell
912	Zargon
913	Tooth Of Bat
914	Fluff
915	Chrysalis
916	Feather Of Birds
917	Talon
918	Sticky Webfoot
919	Animals Skin
920	Claw Of Wolves
921	Mushroom Spore
922	Orcish Cuspid
923	Evil Horn
924	Powder Of Butterfly
925	Bill Of Birds
926	Scale Of Snakes
928	Insect Feeler
929	Immortal Heart
930	Rotten Bandage
931	Orcish Voucher
932	Skel Bone
934	Mementos
935	Shell
936	Scales Shell
937	Posionous Canine
938	Sticky Mucus
939	Bee Sting
940	Grasshoppers Leg
941	Nose Ring
942	Yoyo Tail
943	Solid Shell
944	Horseshoe
945	Raccoon Leaf
946	Snails Shell
947	Horn
948	Bears Foot
949	Feather
950	Heart Of Mermaid
951	Fin
952	Cactus Needle
953	Stone Heart
954	Shining Scales
955	Worm Peelings
956	Gill
957	Decayed Nail
958	Horrendous Mouth
959	Rotten Scale
960	Nipper
961	Conch
962	Tentacle
963	Sharp Scale
964	Crap Shell
965	Clam Shell
966	Flesh Of Clam
967	Turtle Shell
968	Voucher Of Orcish Hero
969	Gold
970	Alchol
971	Detrimindexta
972	Karvodailnirol
973	Counteragent
974	Mixture
975	Scarlet Dyestuffs
976	Lemon Dyestuffs
978	Cobaltblue Dyestuffs
979	Darkgreen Dyestuffs
980	Orange Dyestuffs
981	Violet Dyestuffs
982	White Dyestuffs
983	Black Dyestuffs
984	Oridecon
985	Elunium
986	Anvil
987	Oridecon Anvil
988	Golden Anvil
989	Emperium Anvil
990	Boody Red
991	Crystal Blue
992	Wind Of Verdure
993	Yellow Live
994	Flame Heart
995	Mistic Frozen
996	Rough Wind
997	Great Nature
998	Iron
999	Steel
1000	Star Crumb
1001	Sparkling Dust
1002	Iron Ore
1003	Coal
1004	Patriotism Marks
1005	Hammer Of Blacksmith
1006	Old Magic Book
1007	Penetration
1008	Frozen Heart
1009	Sacred Marks
1010	Phracon
1011	Emveretarcon
1012	Lizard Scruff
1013	Colorful Shell
1014	Jaws Of Ant
1015	Thin N Long Tongue
1016	Rat Tail
1017	Moustache Of Mole
1018	Nail Of Mole
1019	Wooden Block
1020	Long Hair
1021	Dokkaebi Horn
1022	Fox Tail
1023	Fish Tail
1024	Chinese Ink
1025	Spiderweb
1026	Acorn
1027	Porcupine Spike
1028	Wild Boars Mane
1029	Tigers Skin
1030	Tiger Footskin
1031	Limb Of Mantis
1032	Blossom Of Maneater
1033	Root Of Maneater
1034	Cobold Hair
1035	Dragon Canine
1036	Dragon Scale
1037	Dragon Train
1038	Petite DiablOfs Horn
1039	Petite DiablOfs Wing
1040	Elder Pixies Beard
1041	Lantern
1042	Short Leg
1043	Nail Of Orc
1044	Tooth Of 
1045	Sacred Masque
1046	Tweezer
1047	Head Of Medusa
1048	Slender Snake
1049	Skirt Of Virgin
1050	Tendon
1051	Detonator
1052	Single Cell
1053	Tooth Of Ancient Fish
1054	Lip Of Ancient Fish
1055	Earthworm Peeling
1056	Grit
1057	Moth Dust
1058	Wing Of Moth
1059	Transparent Cloth
1060	Golden Hair
1061	Starsand Of Witch
1062	Pumpkin Head
1063	Sharpened Cuspid
1064	Reins
1065	Booby Trap
1066	Tree Of Archer 1
1067	Tree Of Archer 2
1068	Tree Of Archer 3
1069	Mushroom Of Thief 1
1070	Mushroom Of Thief 2
1071	Mage Test 1
1072	Delivery Message
1073	Merchant Voucher 1
1074	Merchant Voucher 2
1075	Merchant Voucher 3
1076	Merchant Voucher 4
1077	Merchant Voucher 5
1078	Merchant Voucher 6
1079	Merchant Voucher 7
1080	Merchant Voucher 8
1081	Merchant Box 1
1082	Merchant Box 2
1083	Merchant Box 3
1084	Kapras Pass
1085	Mage Test 2
1086	Mage Test 3
1087	Mage Test 4
1088	Morocc Potion
1089	Payon Potion
1090	Mage Test Etc
1091	Merchant Box Etc
1092	Empty Cylinder
1093	Empty Potion
1094	Short Daenggie
1095	Needle Of Alarm
1096	Round Shell
1097	Worn Out Page
1098	Manacles
1099	Worn Out Prison Uniform
1101	Sword
1102	Sword 
1103	Sword  
1104	Falchion
1105	Falchion 
1106	Falchion  
1107	Blade
1108	Blade 
1109	Blade  
1110	Lapier
1111	Lapier 
1112	Lapier  
1113	Scimiter
1114	Scimiter 
1115	Scimiter  
1116	Katana
1117	Katana 
1118	Katana  
1119	Tsurugi
1120	Tsurugi 
1121	Tsurugi  
1122	Ring Pommel Saber
1123	Haedonggum
1124	Orcish Sword
1125	Ring Pommel Saber 
1126	Saber
1127	Saber 
1128	Hae Dong Gum 
1129	Flamberge
1130	Nagan
1131	Ice Falchon
1132	Edge
1133	Fire Brand
1134	Scissores Sword
1135	Cutlas
1136	Solar Sword
1137	Excalibur
1138	Mysteltainn 
1139	Tale Fing 
1140	Byeorrun Gum
1141	Immaterial Sword
1142	Jewel Sword
1143	Gaia Sword
1144	Sasimi
1145	Holy Avenger
1146	Town Sword
1147	Town Sword 
1148	Star Dust Blade
1149	Flamberge 
1151	Slayer
1152	Slayer 
1153	Slayer  
1154	Bastard Sword
1155	Bastard Sword 
1156	Bastard Sword  
1157	Two Hand Sword
1158	Two Hand Sword 
1159	Two Hand Sword  
1160	Broad Sword
1161	Balmung
1162	Broad Sword 
1163	Claymore
1164	Muramasa
1165	Masamune
1166	Dragon Slayer
1167	Schweizersabel
1168	Zweihander
1169	Executioner 
1170	Katzbalger
1171	Zweihander 
1172	Claymore 
1173	Muramasa C
1174	Executioner C
1175	Altas Weapon
1176	Muscle Cutter
1177	Muramash
1178	Schweizersabel 
1179	Executioner  
1180	Dragon Slayer 
1181	Tae Goo Lyeon
1182	Bloody Eater
1183	BF Two Handed Sword1
1184	BF Two Handed Sword2
1185	Violet Fear
1186	Death Guidance
1187	Krieger Twohand Sword1
1188	Veteran Sword
1189	Krasnaya
1190	Claymore C
1191	Alca Bringer
1192	P Slayer1
1193	P Slayer2
1194	F Executioner C
1195	E Executioner C
1196	Chrome Twohand Sword
1197	P Slayer3
1198	Hairtail
1199	Ebony Toe Nail
1201	Knife
1202	Knife 
1203	Knife  
1204	Cutter
1205	Cutter 
1206	Cutter  
1207	Main Gauche
1208	Main Gauche 
1209	Main Gauche  
1210	Dirk
1211	Dirk 
1212	Dirk  
1213	Dagger
1214	Dagger 
1215	Dagger  
1216	Stiletto
1217	Stiletto 
1218	Stiletto  
1219	Gladius
1220	Gladius 
1221	Gladius  
1222	Damascus
1223	Forturn Sword
1224	Sword Breaker
1225	Mail Breaker
1226	Damascus 
1227	Weeder Knife
1228	Combat Knife
1229	Mamas Knife
1230	House Auger
1231	Bazerald
1232	Assasin Dagger
1233	Exercise
1234	Moonlight Sword
1235	Azoth
1236	Sucsamad
1237	Grimtooth 
1238	Zeny Knife
1239	Poison Knife
1240	Princess Knife
1241	Cursed Dagger
1242	Counter Dagger
1243	Novice Knife
1244	Holy Dagger
1245	Cinquedea
1246	Cinquedea 
1247	Kindling Dagger
1248	Obsidian Dagger
1249	Fishermans Dagger
1250	Jur
1251	Jur 
1252	Katar
1253	Katar 
1254	Jamadhar
1255	Jamadhar 
1256	Katar Of Cold Icicle
1257	Katar Of Thornbush
1258	Katar Of Raging Blaze
1259	Katar Of Piercing Wind
1260	Ghoul Leg
1261	Infiltrator
1262	Nail Of Loki
1263	Unholy Touch
1264	Various Jur
1265	Bloody Roar
1266	Infiltrator 
1267	Infiltrator C
1268	Wild Beast Claw
1269	Inverse Scale
1270	Drill Katar
1271	Blood Tears
1272	Scratcher
1273	Bloody Roar C
1274	Unholy Touch C
1275	Katar Of Cold Icicle 
1276	Katar Of Thornbush 
1277	Katar Of Raging Blaze 
1278	Katar Of Piercing Wind 
1279	BF Katar1
1280	BF Katar2
1281	Krieger Katar1
1282	Krieger Katar2
1283	Katar Of Speed
1284	Krishna
1285	Cakram
1286	Jamadhar C
1287	Durga
1288	Bloody Fear C
1289	P Katar1
1290	Agent Katar
1291	Guillotine Katar
1292	Upg Katar
1293	Velum Jamadhar
1294	Velum Scare
1295	Blood Tears 
1296	Metal Katar
1297	Inverse Scale 
1298	Shiver Katar
1299	TE Woe Katar
1301	Axe
1302	Axe 
1303	Axe  
1304	Orcish Axe
1305	Cleaver
1306	War Axe
1307	Windhawk
1308	Golden Axe
1309	Orcish Axe 
1310	Krieger Onehand Axe1
1311	Vecer Axe
1312	Orcish Axe C
1313	Tourist Axe
1314	F Tomahawk C
1315	F Right Epsilon C
1316	Adventure Axe
1317	Academy Axe
1318	Dofle Axe
1319	TE Woe Axe
1323	Ru Gold Axe
1326	War Axe IL
1351	Battle Axe
1352	Battle Axe 
1353	Battle Axe  
1354	Hammer
1355	Hammer 
1356	Hammer  
1357	Buster
1358	Buster 
1359	Buster  
1360	Two Handed Axe
1361	Two Handed Axe 
1362	Two Handed Axe  
1363	Brood Axe
1364	Great Axe
1365	Sabbath
1366	Right Epsilon
1367	Slaughter
1368	Tomahawk
1369	Guillotine
1370	Doom Slayer
1371	Doom Slayer 
1372	Right Epsilon C
1373	Brood Axe C
1374	Tomahawk C
1375	Berdysz
1376	Heart Breaker
1377	Hurricane Fury
1378	Great Axe C
1379	BF Two Handed Axe1
1380	BF Two Handed Axe2
1381	N Battle Axe
1382	Krieger Twohand Axe1
1383	Holy Celestial Axe
1384	Veteran Axe
1385	Bradium Stonehammer
1386	Doom Slayer I
1387	Giant Axe
1388	Two Handed Axe C
1389	E Tomahawk C
1390	E Right Epsilon C
1391	P Two Handed Axe1
1392	Ygnus Stale
1393	End Sektura
1394	Upg Two Handed Axe
1395	Velum Buster
1396	Velum Guillotine
1397	Bradium Stonehammer 
1398	Metal Two Handed Axe
1399	TE Woe Two Handed Axe
1400	Spear of Vicious Mind
1401	Javelin
1402	Javelin 
1403	Javelin  
1404	Spear
1405	Spear 
1406	Spear  
1407	Pike
1408	Pike 
1409	Pike  
1410	Lance
1411	Lance 
1412	Lance  
1413	Gungnir
1414	Gelerdria
1415	Skewer
1416	Tjungkuletti
1417	Pole Axe
1418	Gungnir 
1419	Pole Axe C
1420	Long Horn
1421	Battle Hook
1422	Hunting Spear
1423	Pole XO
1424	Skewer C
1425	BF Spear1
1426	Krieger Onehand Spear1
1427	Spear Of Excellent
1428	Long Horn M
1429	Hunting Spear M
1430	Pike C
1431	F Pole Axe C
1432	E Pole Axe C
1433	Imperial Spear
1434	P Sphere1
1435	Cannon Spear
1436	Velum Spear
1437	TE Woe Pike
1438	Thanos Spear
1441	Ru Blue Spear
1443	Scarlet Spear
1450	Lance of Vicious Mind
1451	Guisarme
1452	Guisarme 
1453	Guisarme  
1454	Glaive
1455	Glaive 
1456	Glaive  
1457	Partizan
1458	Partizan 
1459	Partizan  
1460	Trident
1461	Trident 
1462	Trident  
1463	Halberd
1464	Halberd 
1465	Halberd  
1466	Crescent Scythe
1467	Bill Guisarme
1468	Zephyrus
1469	Longinuss Spear
1470	Brionac
1471	Hell Fire
1472	Staff Of Soul
1473	Wizardy Staff
1474	Gae Bolg
1475	Horseback Lance
1476	Crescent Scythe 
1477	Spectral Spear
1478	Ahlspiess
1479	Spectral Spear 
1480	Gae Bolg 
1481	Zephyrus 
1482	BF Lance1
1483	Ivory Lance
1484	Cardo
1485	Battle Fork
1486	Krieger Twohand Spear1
1487	Lance C
1488	Ahlspiess C
1489	Spearfish 
1490	Giant Lance
1491	Upg Lance
1492	Velum Glaive
1493	Metal Lance
1494	Undine Spear
1495	TE Woe Lance
1496	Thanos Long Spear
1498	Scarlet Lance
1501	Club
1502	Club 
1503	Club  
1504	Mace
1505	Mace 
1506	Mace  
1507	Smasher
1508	Smasher 
1509	Smasher  
1510	Flail
1511	Flail 
1512	Flail  
1513	Morning Star
1514	Morning Star 
1515	Morning Star  
1516	Sword Mace
1517	Sword Mace 
1518	Sword Mace  
1519	Chain
1520	Chain 
1521	Chain  
1522	Stunner
1523	Spike
1524	Golden Mace
1525	Long Mace
1526	Slash
1527	Quadrille
1528	Grand Cross
1529	Iron Driver
1530	Mjolnir
1531	Spanner
1532	Stunner 
1533	Warrior Balmung
1534	Spanner C
1535	Hollgrehenn Hammer
1536	Good Morning Star
1537	Quadrille C
1538	Spike 
1539	Golden Mace 
1540	Grand Cross 
1541	Nemesis
1542	BF Morning Star1
1543	BF Morning Star2
1544	Lunakaligo
1545	N Mace
1546	Krieger Onehand Mace1
1547	Mace Of Madness
1548	Veteran Hammer
1549	Pilebuncker
1550	Book
1551	Bible
1552	Tablet
1553	Book Of Billows
1554	Book Of Mother Earth
1555	Book Of Blazing Sun
1556	Book Of Gust Of Wind
1557	Book Of The Apocalypse
1558	Girls Diary
1559	Legacy Of Dragon
1560	Diary Of Great Sage
1561	Hardback
1562	Bible Of Battlefield
1563	Diary Of Great Sage C
1564	Encyclopedia
1565	Death Note
1566	Diary Of Great Basil
1567	Hardback C
1568	Book Of Billows 
1569	Book Of Mother Earth 
1570	Book Of Blazing Sun 
1571	Book Of Gust Of Wind 
1572	Principles Of Magic
1573	Ancient Magic
1574	BF Book1
1575	BF Book2
1576	Krieger Book1
1577	Krieger Book2
1578	Book Of Prayer
1579	Death Note M
1580	Encyclopedia C
1581	F Diary Of Great Sage C
1582	E Diary Of Great Sage C
1583	P Dic1
1584	Chilly Spell Book
1585	Upg Book
1586	Velum Bible
1587	Velum Encyclopedia
1588	Metal Book
1589	Legacy Of Dragon 
1590	Snake Encyclopedia
1591	TE Woe Book
1598	Snake Encyclopedia 
1599	Angra Manyu
1600	Rod of Vicious Mind
1601	Rod
1602	Rod 
1603	Rod  
1604	Wand
1605	Wand 
1606	Wand  
1607	Staff
1608	Staff 
1609	Staff  
1610	Arc Wand
1611	Arc Wand 
1612	Arc Wand  
1613	Mighty Staff
1614	Blessed Wand
1615	Bone Wand
1616	Staff Of Wing
1617	Survival Rod
1618	Survival Rod 
1619	Survival Rod2
1620	Survival Rod2 
1621	Hypnotists Staff
1622	Hypnotists Staff 
1623	Mighty Staff C
1624	Lich Bone Wand
1625	Healing Staff
1626	Piercing Staff
1627	Staffy
1628	Survival Rod C
1629	Walking Stick
1630	Release Of Wish
1631	Holy Stick
1632	BF Staff1
1633	BF Staff2
1634	BF Staff3
1635	BF Staff4
1636	Thorn Staff
1637	Eraser
1638	Healing Staff C
1639	N Rod
1640	Krieger Onehand Staff1
1641	Krieger Onehand Staff2
1642	Staff Of Darkness
1643	Dead Tree Cane
1644	Piercing Staff M
1645	Lich Bone Wand M
1646	Lacryma Stick
1647	Croce Staff
1648	Staff Of Bordeaux
1649	Rafini Staff
1650	P Staff1
1651	P Staff2
1652	Tourist Staff
1653	Staff Of Healing C
1654	Mental Stick
1655	Adventure Staff
1656	Academy Wand
1657	Wand Of Affection
1658	P Staff3
1659	Recovery Light
1660	Wand Of Affection2
1661	Mental Destroyer
1662	Bone Wand 
1663	Staff Of Bordeaux 
1664	Thorn Staff 
1665	Piercing Staff 
1666	Healing Staff 
1667	TE Woe Staff
1668	Sword Stick
1669	Thanos Staff
1670	RWC Memory Staff
1671	Staff Of Evil Slayer
1680	Scarlet Rod
1681	Short Foxtail Staff
1683	Enriched Foxtail Staff
1684	Long Foxtail Staff
1685	Dragonfly Sitting Foxtail Staff
1686	Large Foxtail Staff
1687	Beginner Foxtail Staff
1690	Mysterious Foxtail Staff
1691	Strange God Foxtail Staff
1692	Magical Foxtail Staff
1693	Magical Yellow Foxtail Staff
1694	Foxtail Model
1695	Delicate Foxtail Model
1696	Exquisite Foxtail Model
1697	Exquisite Yellow Foxtail Model
1699	Paradise Foxtail Staff I
1701	Bow
1702	Bow 
1703	Bow  
1704	Composite Bow
1705	Composite Bow 
1706	Composite Bow  
1707	Great Bow
1708	Great Bow 
1709	Great Bow  
1710	CrossBow
1711	CrossBow 
1712	CrossBow  
1713	Arbalest
1714	Kakkung
1715	Arbalest 
1716	Kakkung 
1718	Hunter Bow
1719	Bow Of Roguemaster
1720	Bow Of Rudra
1721	Repeting CrossBow
1722	Balistar
1723	Luna Bow
1724	Dragon Wing
1725	Bow Of Minstrel
1726	Hunter Bow 
1727	Balistar 
1728	Balistar C
1729	Bow Of Rudra C
1730	Burning Bow
1731	Frozen Bow
1732	Earth Bow
1733	Gust Bow
1734	Orc Archer Bow
1735	Kkakkung
1736	Double Bound
1737	Ixion Wing
1738	BF Bow1
1739	BF Bow2
1740	Nepenthes Bow
1741	Cursed Lyre
1742	N Composite Bow
1743	Krieger Bow1
1744	Bow Of Evil
1745	Falken Blitz
1746	Elven Bow
1747	P Bow1
1748	P Bow2
1749	Tourist Bow
1750	Arrow
1751	Silver Arrow
1752	Fire Arrow
1753	Steel Arrow
1754	Crystal Arrow
1755	Arrow Of Wind
1756	Stone Arrow
1757	Immatrial Arrow
1758	Stun Arrow
1759	Freezing Arrow
1760	Flash Arrow
1761	Curse Arrow
1762	Rusty Arrow
1763	Poison Arrow
1764	Incisive Arrow
1765	Oridecon Arrow
1766	Arrow Of Counter Evil
1767	Arrow Of Shadow
1768	Sleep Arrow
1769	Silence Arrow
1770	Iron Arrow
1771	Venom Knife
1772	Holy Arrow
1773	Arrow Of Elf
1774	Hunting Arrow
1775	Siege Arrow S
1776	Siege Arrow A
1800	Fist of Vicious Mind
1801	Waghnakh
1802	Waghnakh 
1803	Knuckle Duster
1804	Knuckle Duster 
1805	Hora
1806	Hora 
1807	Fist
1808	Fist 
1809	Claw
1810	Claw 
1811	Finger
1812	Finger 
1813	Kaiser Knuckle
1814	Berserk
1815	Claw Of Garm
1816	Berserk 
1817	Kaiser Knuckle C
1818	Magma Fist
1819	Icicle Fist
1820	Electric Fist
1821	Seismic Fist
1822	Combo Battle Glove
1823	BF Knuckle1
1824	BF Knuckle2
1825	Horn Of Hilthrion
1826	Krieger Knuckle1
1827	Krieger Knuckle2
1828	Monk Knuckle
1829	Fist C
1830	Sura Rampage
1831	P Knuckle1
1832	Velum Claw
1833	Claw Of Flash
1834	TE Woe Fist
1835	Spartacus
1836	Thanos Knuckle
1839	Scarlet Knuckle
1846	Combo Battle Glove IL
1847	Iron Nail K
1848	Rebeginer SR Nuckle
1862	Burning Knuckle OS
1864	Evt Iron Nail K
1867	Ein 1HKNUCK
1900	Violin of Vicious Mind
1901	Violin
1902	Violin 
1903	Mandolin
1904	Mandolin 
1905	Lute
1906	Lute 
1907	Guitar
1908	Guitar 
1909	Harp
1910	Harp 
1911	Guh Moon Goh
1912	Guh Moon Goh 
1913	Electronic Guitar
1914	Guitar Of Passion
1915	Guitar Of Blue Solo
1916	Guitar Of Vast Land
1917	Guitar Of Gentle Breeze
1918	Oriental Lute
1919	Base Guitar
1920	Berserk Guitar
1921	Guh Moon Gom
1922	Oriental Lute 
1923	BF Instrument1
1924	BF Instrument2
1925	Cello
1926	Harp Of Nepenthes
1927	Krieger Instrument1
1928	Berserk Guitar I
1929	Guitar C
1930	Green Whistle
1931	P String Inst1
1932	TE Woe Guitar
1933	Thanos Violin
1934	Contabass
1935	Ukulele Of Newoz
1936	Ru Blue Violin
1937	Ru Gold Violin
1938	Infinity Violin
1939	Scarlet Viollin
1940	Conch 
1950	Rope
1951	Rope 
1952	Line
1953	Line 
1954	Wire
1955	Wire 
1956	Rante
1957	Rante 
1958	Tail
1959	Tail 
1960	Whip
1961	Whip 
1962	Lariat
1963	Rapture Rose
1964	Chemeti
1965	Whip Of Red Flame
1966	Whip Of Ice Piece
1967	Whip Of Earth
1968	Jump Rope
1969	Bladed Whip
1970	Queens Whip
1971	Electric Wire
1972	Electric Eel
1973	Sea Witch Foot
1974	Carrot Whip
1975	Queen Is Whip
1976	Queens Whip 
1977	BF Whip1
1978	BF Whip2
1979	Stem Of Nepenthes
1980	Whip Of Balance
1981	Krieger Whip1
1982	Phenomena Whip
1983	Rante C
1984	Stem Whip
1985	Rosebine
1986	P Tail1
1987	TE Woe Rope
1988	Thanos Whip
1989	Gymnastics Ribbon
1990	Floral Mic Of Igu
1991	Ru Blue Whip
1992	Ru Gold Whip
1994	Infinity Wire
1995	Scarlet Wire
1996	Wire of Vicious Mind
2000	Destruction Rod
2001	Divine Cross
2002	Krieger Twohand Staff1
2003	Destruction Rod M
2004	Kronos
2005	Dea Staff
2006	G Staff Of Light
2007	Golden Rod Staff
2008	Aqua Staff
2009	Crimson Staff
2010	Forest Staff
2011	Golden Rod Staff2
2012	Aqua Staff2
2013	Crimson Staff2
2014	Forest Staff2
2015	Upg Staff
2016	Velum Arc Wand
2017	Divine Cross 
2018	Metal Staff
2019	TE Woe Two Hand Staff
2020	Jormungand
2021	Ganbantein
2022	Staff Of Geffen
2023	Thanos Rod
2024	Infinity Staff
2025	Scarlet Staff
2026	Staff of Vicious Mind
2039	Wizardy Staff IL
2046	Rebeginer WL Staff
2048	Iron Staff
2051	Survival Staff IL
2054	Evt Iron Staff
2058	Ein BHSTAFF
2101	Guard
2102	Guard 
2103	Buckler
2104	Buckler 
2105	Shield
2106	Shield 
2107	Mirror Shield
2108	Mirror Shield 
2109	Memorize Book
2110	Holy Guard
2111	Herald Of GOD
2112	Novice Guard
2113	Novice Shield
2114	Stone Buckler
2115	Valkyrjas Shield
2116	Angels Safeguard
2117	Arm Guard
2118	Arm Guard 
2119	Improved Arm Guard
2120	Improved Arm Guard 
2121	Memorize Book 
2122	Platinum Shield
2123	Orleans Server
2124	Thorny Buckler
2125	Strong Shield
2126	Guyak Shield
2127	Secular Mission
2128	Herald Of GOD 
2129	Exorcism Bible
2130	Cross Shield
2131	Magic Study Vol1
2132	Shelter Resistance
2133	Tournament Shield
2134	Shield Of Naga
2135	Shadow Guard
2136	Cracked Buckler
2137	Valkyrjas Shield C
2138	Bradium Shield
2139	Flame Thrower
2140	Energy Rune Guard
2141	Freyja SShield7
2142	Freyja SShield30
2143	Freyja SShield60
2144	Freyja SShield90
2145	Time Keepr Shield
2146	Siver Guard
2147	Round Buckler
2148	Rotha Shield
2149	Upg Guard
2150	Upg Buckler
2151	Upg Shield
2152	Anti Demon Shield C
2153	Imperial Guard
2154	Toy Shield
2155	Academy Shield
2156	Bible Of Promise1
2157	Insecticide
2158	Ramor Shield Undead
2159	Sharel Shield
2160	Giant Shield
2161	Geffenia Book Water
2162	Bible Of Promise2
2163	Flow Shield
2164	Sombre Shield
2165	Sol Shield
2166	Exorcism Bible 
2167	Poison Shield
2168	Immuned Shield
2169	Kalasak
2170	Bayani Kalasak
2171	Fox Armguard
2172	Wolf Armguard
2173	Crescent Armguard
2174	Lumiere Shield
2175	Esprit Shield
2176	Dark Book
2177	Shield Of Death
2178	TE Woe Buckler
2179	TE Woe Shield
2180	TE Woe Magic Guard
2181	Hervor
2182	Hervor Alvitr
2183	Impr Angels Safeguard
2185	Magic Reflector
2186	Encyclopedia Revision
2187	Shield Of Gray
2188	Svalinn J
2189	Mad Bunny
2190	Ancient Shield Of Aeon
2194	Rouban Shield
2195	Lian Shield
2198	Lapine Shield
2199	Ahura Mazda
2201	Sunglasses
2202	Sunglasses 
2203	Glasses
2204	Glasses 
2205	Divers Goggles
2206	Wedding Veil
2207	Fancy Flower
2208	Ribbon
2209	Ribbon 
2210	Hair Band
2211	Bandana
2212	Eye Bandage
2213	Cat Hairband
2214	Bunny Band
2215	Flower Hairband
2216	Biretta
2217	Biretta 
2218	Flu Mask
2219	Flu Mask 
2220	Hat
2221	Hat 
2222	Turban
2223	Turban 
2224	Goggle
2225	Goggle 
2226	Cap
2227	Cap 
2228	Helm
2229	Helm 
2230	Gemmed Sallet
2231	Gemmed Sallet 
2232	Circlet
2233	Circlet 
2234	Tiara
2235	Crown
2236	Santas Hat
2237	Weird Goatee
2238	Weird Moustache
2239	One Eyed Glass
2240	Beard
2241	Granpa Beard
2242	Luxury Sunglasses
2243	Spinning Eyes
2244	Big Sis Ribbon
2245	Sweet Gents
2246	Golden Gear
2247	Oldmans Romance
2248	Western Grace
2249	Coronet
2250	Fillet
2251	Holy Bonnet
2252	Star Sparkling
2253	Sunflower
2254	Angelic Chain
2255	Satanic Chain
2256	Magestic Goat
2257	Snowy Horn
2258	Sharp Gear
2259	Mini Propeller
2260	Mini Glasses
2261	Prontera Army Cap
2262	Pierrot Nose
2263	Gangster Patch
2264	Munak Turban
2265	Ganster Mask
2266	Iron Cane
2267	Cigar
2268	Smoking Pipe
2269	Centimental Flower
2270	Centimental Leaf
2271	Jack A Dandy
2272	Stop Post
2273	Doctor Cap
2274	Ghost Bandana
2275	Red Bandana
2276	Eagle Eyes
2277	Nurse Cap
2278	Mr Smile
2279	Bomb Wick
2280	Sahkkat
2281	Phantom Of Opera
2282	Spirit Chain
2283	Ear Mufs
2284	Antler
2285	Apple Of Archer
2286	Elven Ears
2287	Pirate Bandana
2288	Mr Scream
2289	Poo Poo Hat
2290	Funeral Costume
2291	Masquerade
2292	Welding Mask
2293	Pretend Murdered
2294	Star Dust
2295	Blinker
2296	Binoculars
2297	Goblini Mask
2298	Green Feeler
2299	Viking Helm
2301	Cotton Shirt
2302	Cotton Shirt 
2303	Leather Jacket
2304	Leather Jacket 
2305	Adventure Suit
2306	Adventureres Suit 
2307	Mantle
2308	Mantle 
2309	Coat
2310	Coat 
2311	Mink Coat
2312	Padded Armor
2313	Padded Armor 
2314	Chain Mail
2315	Chain Mail 
2316	Plate Armor
2317	Plate Armor 
2318	Clothes Of The Lord
2319	Glittering Clothes
2320	Formal Suit
2321	Silk Robe
2322	Silk Robe 
2323	Scapulare
2324	Scapulare 
2325	Saint Robe
2326	Saint Robe 
2327	Holy Robe
2328	Wooden Mail
2329	Wooden Mail 
2330	Tights
2331	Tights 
2332	Silver Robe
2333	Silver Robe 
2334	Mage Coat
2335	Thief Clothes
2336	Thief Clothes 
2337	Ninja Suit
2338	Wedding Dress
2339	G Strings
2340	Novice Breast
2341	Full Plate Armor
2342	Full Plate Armor 
2343	Robe Of Casting
2344	Flame Sprits Armor
2345	Flame Sprits Armor 
2346	Water Sprits Armor
2347	Water Sprits Armor 
2348	Wind Sprits Armor
2349	Wind Sprits Armor 
2350	Earth Sprits Armor
2351	Earth Sprits Armor 
2352	Novice Plate
2353	Odins Blessing
2354	Goibnes Armor
2355	Angels Protection
2356	Vestment Of Grace
2357	Valkyrie Armor
2358	Dress Of Angel
2359	Ninja Suit 
2360	Robe Of Casting 
2361	Blue Aodai
2362	Red Aodai
2363	White Aodai
2364	Meteo Plate Armor
2365	Orleans Gown
2366	Divine Cloth
2367	Sniping Suit
2368	Golden Armor
2369	Freyja Overcoat
2370	Used Mage Coat
2371	G Strings 
2372	Mage Coat 
2373	Holy Robe 
2374	Diabolus Robe
2375	Diabolus Armor
2376	Assaulter Plate
2377	Elite Engineer Armor
2378	Assassin Robe
2379	Warlock Battle Robe
2380	Medic Robe
2381	Elite Archer Suit
2382	Elite Shooter Suit
2383	Brynhild
2384	Spritual Tunic
2385	Recuperative Armor
2386	Chameleon Armor
2387	Sprint Mail
2388	Kandura
2389	Armor Of Naga
2390	Improved Tights
2391	Life Link
2392	Old Pant
2393	N Adventurers Suit
2394	Krieger Suit1
2395	Krieger Suit2
2396	Krieger Suit3
2397	Incredible Coat
2398	Sniping Suit M
2399	Dragon Vest
2401	Sandals
2402	Sandals 
2403	Shoes
2404	Shoes 
2405	Boots
2406	Boots 
2407	Chrystal Pumps
2408	Cuffs
2409	Spiky Heel
2410	Sleipnir
2411	Grave
2412	Grave 
2413	Safty Boots
2414	Novice Boots
2415	Slipper
2416	Novice Shoes
2417	Fricco Shoes
2418	Vidars Boots
2419	Goibnes Combat Boots
2420	Angels Arrival
2421	Valkyrie Shoes
2422	High Fashion Sandals
2423	Variant Shoes
2424	Tidal Shoes
2425	Black Leather Boots
2426	Shadow Walk
2427	Golden Shoes
2428	Freyja Boots
2429	Iron Boots01
2430	Iron Boots02
2431	Valley Shoes
2432	Spiky Heel 
2433	Diabolus Boots
2434	Black Leather Boots 
2435	Battle Greave
2436	Combat Boots
2437	Battle Boots
2438	Paw Of Cat
2439	Refresh Shoes
2440	Sprint Shoes
2441	Beach Sandal
2442	Boots Perforated
2443	Fish Shoes
2444	Krieger Shoes1
2445	Krieger Shoes2
2446	Krieger Shoes3
2447	Military Boots
2448	Air Boss
2449	Variant Shoes M
2450	Vital Tree Shoes
2451	Freyja SSandal7
2452	Freyja SSandal30
2453	Freyja SSandal60
2454	Freyja SSandal90
2455	Time Keepr Boots
2456	Para Team Boots1
2457	Para Team Boots2
2458	Para Team Boots3
2459	Upg Shoes
2460	Upg Boots
2461	Upg Greave
2462	Sleipnir C
2463	Feral Boots
2464	No Fear Shoes
2465	Dance Shoes
2466	Training Shoes
2467	Golden Rod Shoes
2468	Aqua Shoes
2469	Crimson Shoes
2470	Forest Shoes
2471	Shoes Of Affection
2472	Shoes Of Judgement
2473	Para Team Boots4
2474	Lehmannza Shoes
2475	Ur Greave
2476	Peuz Greave
2477	Sabah Shoes
2478	Nab Shoes
2479	White Wing Boots
2480	Black Wing Boots
2481	Rune Boots
2482	Shoes Of Valor
2483	Siege Greave
2484	Siege Boots
2485	Siege Shoes
2486	Shadow Walk 
2487	Vital Tree Shoes 
2488	Fricco Shoes 
2489	Vidars Boots 
2491	Bangungot Boots
2492	Bayani Bangungot Boots
2493	Goibnes Combat Boots 
2494	Chrystal Pumps 
2495	Egir Shoes
2496	TE Woe Shoes
2497	TE Woe Boots
2498	TE Woe Magic Sandal
2499	Temporal Boots
2501	Hood
2502	Hood 
2503	Muffler
2504	Muffler 
2505	Manteau
2506	Manteau 
2507	Cape Of Ancient Lord
2508	Ragamuffin Cape
2509	Clack Of Servival
2510	Novice Hood
2511	Skeletons Cape
2512	Novice Manteau
2513	Celestial Robe
2514	Pauldron
2515	Wing Of Eagle
2516	Falcon Robe
2517	Valis Manteau
2518	Morpheuss Shawl
2519	Morriganes Manteau
2520	Goibnes Shoulder Arms
2521	Angels Warmth
2522	Undershirt
2523	Undershirt 
2524	Valkyrie Manteau
2525	Cape Of Ancient Lord 
2526	Dragon Scale Coat
2527	Dragon Breath
2528	Wool Scarf
2529	Rider Insignia
2530	Rider Insignia 
2531	Ulfhedinn
2532	Mithril Magic Cape
2533	Freyja Cape
2534	Ruffler
2535	Cloak Of Survival C
2536	Skin Of Ventus
2537	Diabolus Manteau
2538	Commander Manteau
2539	Commander Manteau 
2540	Sheriff Manteau
2541	Asprika
2542	Flame Manteau
2543	Sylphid Manteau
2544	Leather Of Tendrilion
2545	Musika
2546	Beach Manteau
2547	Cheap Running Shirts
2548	Muffler C
2549	Krieger Muffler1
2550	Fishers Muffler
2551	Rider Insignia M
2552	Mithril Magic Cape M
2553	Dragon Manteau
2554	Piece Of Angent Skin
2555	Freyja SScarf7
2556	Freyja SScarf30
2557	Freyja SScarf60
2558	Freyja SScarf90
2559	Time Keepr Manteau
2560	Para Team Manteau
2561	Upg Hood
2562	Upg Muffler
2563	Upg Manteau
2564	Feral Tail
2565	Beach Towel
2566	Half Asprika
2567	Academy Manteau
2568	Muffler Of Roki
2569	Shawl Of Affection
2570	Shawl Of Judgement
2571	Para Team Manteau2
2572	Katabart Sholder
2573	Archangel Wing
2574	Ur Manteau
2575	Peuz Manteau
2576	Bravery Bag
2577	Sabah Hood
2578	Nab Hood
2579	Magic Stole
2580	White Wing Manteau
2581	Black Wing Manteau
2582	Salvage Cape
2583	Holy Cape
2584	Wanderer Outer
2585	Muffler Of Valor
2586	Siege Manteau
2587	Siege Muffler
2588	Ragamuffin Cape 
2589	Fallen Angel Wing
2590	Buwaya Cloth
2591	Bayani Buwaya Cloth
2592	Boss Brownie Manteau
2593	Flow Manteau
2594	Wrapping Manteau
2595	Sombre Manteau
2596	Sharel Manteau
2597	Scarlet Poncho
2598	Ramor Manteau
2599	Goibnes Shoulder Arms 
2601	Ring
2602	Earring
2603	Necklace
2604	Glove
2605	Brooch
2607	Clip
2608	Rosary
2609	Skul Ring
2610	Gold Ring
2611	Silver Ring
2612	Flower Ring
2613	Diamond Ring
2614	An Eye Of Dullahan
2615	Safety Ring
2616	Critical Ring
2617	Mitten Of Presbyter
2618	Matyrs Flea Guard
2619	Thimble Of Archer
2620	Ring Of Rogue
2621	Ring 
2622	Earring 
2623	Necklace 
2624	Glove 
2625	Brooch 
2626	Rosary 
2627	Belt
2628	Novice Armlet
2629	Magingiorde
2630	Brysinggamen
2631	First Age Ring
2632	Korean Trinket
2633	Jade Ring
2634	Bridegroom Ring
2635	Bride Ring
2636	Gold Ring 
2637	Silver Ring 
2638	Exorcize Sachet
2639	Purification Sachet
2640	Kafra Ring
2641	Fashionable Sack
2642	Serins Gold Ring
2643	Serins Gold Ring 
2644	The Sign 
2645	Moonlight Ring
2646	Bunch Of Carnation
2647	Nile Rose
2648	Morpheuss Ring
2649	Morpheuss Armlet
2650	Morriganes Belt
2651	Morriganes Pendant
2652	Cursed Lucky Brooch
2653	Sacrifice Ring
2654	Shinobis Sash
2655	Bloody Iron Ball
2656	Hyper Changer
2657	Lab Passport
2658	Nile Rose 
2659	Vesper Core01
2660	Vesper Core02
2661	Vesper Core03
2662	Vesper Core04
2663	Gauntlet Of Accuracy
2664	Scarf Belt
2665	Ring Of Exorcism
2666	Lamp Of Hope
2667	Glove Of Archer
2668	Womens Glory
2669	Golden Necklace 
2670	Ring Of Longing
2671	Thimble Of Archer 
2672	Anniversary Ring
2673	Shining Ring
2674	Honor Ring
2675	Lord Ring
2676	Hunter Earring
2677	Spiritual Ring
2678	Ring Of Flame Lord
2679	Ring Of Resonance
2680	Lesser Elemental Ring
2681	Republic Ring
2682	Ring Of Water
2683	Ring Of Fire
2684	Ring Of Wind
2685	Ring Of Earth
2686	Elven Ears C
2687	Steel Flower C
2688	Critical Ring C
2689	Earring C
2690	Ring C
2691	Necklace C
2692	Glove C
2693	Brooch C
2694	Rosary C
2695	Safety Ring C
2696	Vesper Core01 C
2697	Vesper Core02 C
2698	Vesper Core03 C
2699	Vesper Core04 C
2700	Red Silk Seal
2701	Orleans Glove
2702	Bison Horn
2703	Expert Ring
2704	Golden Accessory
2705	Golden Accessory2
2706	Handcuff
2707	GUSLI
2708	Chinese Handicraft
2709	5 Anniversary Coin
2710	Bloody Iron Ball C
2711	Spiritual Ring C
2712	Ragnarok Limited Ed
2713	Certificate TW
2714	Marvelous Pandent
2715	Skul Ring 
2716	Librarian Glove
2717	Pocket Watch 
2718	Lunatic Brooch
2719	Iron Wrist
2720	Medal Swordman
2721	Medal Thief
2722	Medal Acolyte
2723	Medal Mage
2724	Medal Archer
2725	Medal Merchant
2726	Icarus Wing
2727	Bowman Scarf
2728	Cursed Hand
2729	Diabolus Ring
2730	Morroc Seal
2731	Morroc Charm Stone
2732	Morroc Ring
2733	Medal Gunner
2734	Directive A
2735	Directive B
2736	Navel Ring
2737	Foot Ring
2738	Shiny Coin
2739	Ordinary Coin
2740	Rusty Coin
2741	All In One Ring
2742	Lucky Clip
2743	Angelic Ring
2744	Sprint Ring
2745	Pinguicula Corsage
2746	Cold Heart
2747	Black Cat
2748	Cursed Star
2749	Linen Glove
2750	Summer Night Dream
2751	Academy Badge
2752	Praxinus C
2753	Beholder Ring
2754	Hallow Ring
2755	Clamorous Ring
2756	Chemical Ring
2757	Insecticide Ring
2758	Fisher Ring
2759	Decussate Ring
2760	Bloody Ring
2761	Satanic Ring
2762	Dragoon Ring
2763	Skul Ring C
2764	Small Fishing Rod
2765	Novice Figure
2766	Swordman Figure
2767	Acolyte Figure
2768	Mage Figure
2769	Archer Figure
2770	Thief Figure
2771	Merchant Figure
2772	Krieger Ring1
2773	Krieger Ring2
2774	Krieger Ring3
2775	Lure
2776	Cool Towel
2777	Shaman Ring
2778	Shaman Earing
2779	Dark Knight Belt
2780	Dark Knight Glove
2781	Aumduras Grace
2782	Ring Of Wise King
2783	Eyes Stone Ring
2784	Oh Holy Night
2785	Orleans Glove M
2786	Spiritual Ring M
2787	Waterdrop Brooch
2788	Bradium Earing
2789	Bradium Ring
2790	Bradium Brooch
2791	Just Got Fish
2792	Ring Of Flame Lord I
2793	Ring Of Resonance I
2794	Magic Stone Ring
2795	Green Apple Ring
2796	Magical Stone
2797	Magical Stone 
2798	Will Of Exhausted Angel
2799	Kuirpenring
2800	Accelerator
2801	Hovering Booster
2802	Suicidal Device
2803	Shape Shifter
2804	Cooling Device
2805	Mag Field Generator
2806	Barrier Builder
2807	Repair Kit
2808	Camouflage Generator
2809	High Quality Cooler
2810	Special Cooler
2811	Freyja SBracelet7
2812	Freyja SBracelet30
2813	Freyja SBracelet60
2814	Freyja SBracelet90
2815	Th Ring Of Water
2816	Radar Ring1
2817	Radar Ring2
2818	Radar Ring3
2819	Swordman Manual
2820	Thief Manual
2821	Acolyte Manual
2822	Archer Manual
2823	Merchant Manual
2824	Mage Manual
2825	Shaman EaringB
2826	Dark Knight BeltB
2827	Dark Knight GloveB
2828	Upg Clip
2829	Greed Clip
2830	Magingiorde C
2831	Brysinggamen C
2832	Freyja Ring
2833	Odins Recall
2834	F All In One Ring
2835	F Critical Ring C
2836	F Glove C
2837	F Safety Ring C
2838	F Necklace C
2839	F Ring C
2840	F Rosary C
2841	Caracas Ring
2842	F Earing C
2843	Gold Trickle
2844	El Dicastes Light
2845	No Fear Belt
2846	E All In One Ring
2847	E Critical Ring C
2848	E Glove C
2849	E Safety Ring C
2850	E Ring C
2851	E Necklace C
2852	E Rosary C
2853	Telekinetic Orb
2854	Alchemy Glove
2855	Whike Black Tail
2856	Half Megin
2857	Half Brysing
2858	Pendant Of Guardian
2859	Golden Rod Orb
2860	Aqua Orb
2861	Crimson Orb
2862	Forest Orb
2863	Ring Of Valkyrie
2864	Light Of Cure
2865	Seal Of Cathedral
2866	Ring Of Archbishop
2867	Broken Bamboo Piece
2868	Green Batik
2869	Colorful Ketupat
2870	Tw 8th Anni Ring
2871	Brazilian Emblem
2872	G Honor Certificate
2873	Cat Hand Glove
2874	Buffalo Horn
2875	RO Appreciation Ring
2876	Necklace Spica
2877	Glove Sabik
2878	Bracelet Arunairi
2879	Badge Giorredart
2880	Ring Lupak
2881	Orleans Necklace
2882	Ecoro Cardslip
2883	Ur Seal
2884	Peuz Seal
2885	Mother Heart
2886	Sabah Ring
2887	Nab Ring
2888	School Bag
2889	Endure Ring
2890	White Wing Brooch
2891	Black wing Brooch
2892	Assassin Handcuffs
2893	Cursed Heart
2894	Glove Of Shura
2895	Medal Of Valor1
2896	Medal Of Valor2
2897	2011RWC Necklace J
2898	Black Rosary
2899	Sound Amplifier
2900	Morriganes Belt 
2901	Morriganes Pendant 
2902	Morpheuss Ring 
2903	Morpheuss Armlet 
2904	Naqsh
2905	Super Ora Ora
2906	Happy Gauntlet
2907	Buwaya Tattoo
2908	Light Ring
2909	Darkness Ring
2910	Bakonawa Tattoo
2911	Bangungot Tattoo
2912	Xylitol 2011
2913	Thief Handcuff
2914	Wizard Left Eye
2915	Ettlang Keepsake
2916	Fairy Wing
2917	Str Glove
2918	Int Glove
2919	Agi Glove
2920	Vit Glove
2921	Dex Glove
2922	Luk Glove
2923	Str Glove 
2924	Int Glove 
2925	Agi Glove 
2926	Vit Glove 
2927	Dex Glove 
2928	Luk Glove 
2936	Recovery Ring
2940	Ninja Manual
2941	Gunslinger Manual
2942	Taekwon Manual
2944	TE Ring Of Protection
2945	TE Ring Of Rage
2946	TE Ring Of Defiance
2949	Silversmith Bracelet
2950	Rune Ring
2951	Kvasir Ring Blue
2952	Kvasir Ring Red
2953	Kvasir Ring Green
2954	Kvasir Ring Brown
2959	Fidelity Necklace
2960	Badge Of Manny
2963	Body Power Up Ring
2964	Ring Of Spell Explosion
2966	RWC 2012 Ring
2967	RWC 2012 Ring 
2968	RWC 2012 Pendant
2969	RWC 2012 Pendant 
2971	Pocket Watch  
2981	RingOfHero
2986	Snake Ring
2987	Snake Pendant
2988	Winged Ring Of Newoz
2989	Floral Bracelet Of Igu
2997	RWC Gold Brooch
2999	RWC Silver Brooch
4001	Poring Card
4002	Fabre Card
4003	Pupa Card
4004	Drops Card
4005	Poring  Card
4006	Lunatic Card
4007	Pecopeco Egg Card
4008	Picky Card
4009	Chonchon Card
4010	Wilow Card
4011	Picky  Card
4012	Thief Bug Egg Card
4013	Andre Egg Card
4014	Roda Frog Card
4015	Condor Card
4016	Thief Bug Card
4017	Savage Babe Card
4018	Andre Larva Card
4019	Hornet Card
4020	Farmiliar Card
4021	Rocker Card
4022	Spore Card
4023	Desert Wolf Babe Card
4024	Plankton Card
4025	Skeleton Card
4026	Thief Bug Female Card
4027	Kukre Card
4028	Tarou Card
4029	Wolf Card
4030	Mandragora Card
4031	Pecopeco Card
4032	Ambernite Card
4033	Poporing Card
4034	Worm Tail Card
4035	Hydra Card
4036	Muka Card
4037	Snake Card
4038	Zombie Card
4039	Stainer Card
4040	Creamy Card
4041	Coco Card
4042	Steel Chonchon Card
4043	Andre Card
4044	Smokie Card
4045	Horn Card
4046	Martin Card
4047	Ghostring Card
4048	Poison Spore Card
4049	Vadon Card
4050	Thief Bug Male Card
4051	Yoyo Card
4052	Elder Wilow Card
4053	Vitata Card
4054	Angeling Card
4055	Marina Card
4056	Dustiness Card
4057	Metaller Card
4058	Thara Frog Card
4059	Soldier Andre Card
4060	Goblin Card
4061	Cornutus Card
4062	Anacondaq Card
4063	Caramel Card
4064	Zerom Card
4065	Kaho Card
4066	Orc Warrior Card
4067	Megalodon Card
4068	Scorpion Card
4069	Drainliar Card
4070	Eggyra Card
4071	Orc Zombie Card
4072	Golem Card
4073	Pirate Skel Card
4074	BigFoot Card
4075	Argos Card
4076	Magnolia Card
4077	Phen Card
4078	Savage Card
4079	Mantis Card
4080	Flora Card
4081	Hode Card
4082	Desert Wolf Card
4083	Rafflesia Card
4084	Marine Sphere Card
4085	Orc Skeleton Card
4086	Soldier Skeleton Card
4087	Giearth Card
4088	Frilldora Card
4089	Sword Fish Card
4090	Munak Card
4091	Kobold Card
4092	Skel Worker Card
4093	Obeaune Card
4094	Archer Skeleton Card
4095	Marse Card
4096	Zenorc Card
4097	Matyr Card
4098	Dokebi Card
4099	Pasana Card
4100	Sohee Card
4101	Sand Man Card
4102	Whisper Card
4103	Horong Card
4104	Requiem Card
4105	Marc Card
4106	Mummy Card
4107	Verit Card
4108	Myst Card
4109	Jakk Card
4110	Ghoul Card
4111	Strouf Card
4112	Marduk Card
4113	Marionette Card
4114	Argiope Card
4115	Hunter Fly Card
4116	Isis Card
4117	Side Winder Card
4118	Petit Card
4119	Bathory Card
4120	Petit  Card
4121	Phreeoni Card
4122	Deviruchi Card
4123	Eddga Card
4124	Medusa Card
4125	Deviace Card
4126	Minorous Card
4127	Nightmare Card
4128	Golden Bug Card
4129	Baphomet  Card
4130	Scorpion King Card
4131	Moonlight Flower Card
4132	Mistress Card
4133	Daydric Card
4134	Dracula Card
4135	Orc Load Card
4136	Khalitzburg Card
4137	Drake Card
4138	Anubis Card
4139	Joker Card
4140	Knight Of Abyss Card
4141	Evil Druid Card
4142	Doppelganger Card
4143	Orc Hero Card
4144	Osiris Card
4145	Berzebub Card
4146	Maya Card
4147	Baphomet Card
4148	Pharaoh Card
4149	Gargoyle Card
4150	Goat Card
4151	Gajomart Card
4152	Galapago Card
4153	Crab Card
4154	Rice Cake Boy Card
4155	Goblin Leader Card
4156	Steam Goblin Card
4157	Goblin Archer Card
4158	Flying Deleter Card
4159	Nine Tail Card
4160	Antique Firelock Card
4161	Grand Peco Card
4162	Grizzly Card
4163	Gryphon Card
4164	Gullinbursti Card
4165	Gig Card
4166	Nightmare Terror Card
4167	Neraid Card
4168	Dark Lord Card
4169	Dark Illusion Card
4170	Dark Frame Card
4171	Dark Priest Card
4172	The Paper Card
4173	Demon Pungus Card
4174	Deviling Card
4175	Poison Toad Card
4176	Dullahan Card
4177	Dryad Card
4178	Dragon Tail Card
4179	Dragon Fly Card
4180	Driller Card
4181	Disguise Card
4182	Diabolic Card
4183	Vagabond Wolf Card
4184	Lava Golem Card
4185	Rideword Card
4186	Raggler Card
4187	Raydric Archer Card
4188	Leib Olmai Card
4189	Wraith Dead Card
4190	Wraith Card
4191	Loli Ruri Card
4192	Rotar Zairo Card
4193	Lude Card
4194	Rybio Card
4195	Leaf Cat Card
4196	Marin Card
4197	Mastering Card
4198	Maya Puple Card
4199	Merman Card
4200	Megalith Card
4201	Majoruros Card
4202	Civil Servant Card
4203	Mutant Dragon Card
4204	Mini Demon Card
4205	Mimic Card
4206	Mystcase Card
4207	Mysteltainn Card
4208	Miyabi Ningyo Card
4209	Violy Card
4210	Wander Man Card
4211	Vocal Card
4212	Bon Gun Card
4213	Brilight Card
4214	Bloody Murderer Card
4215	Blazzer Card
4216	Sasquatch Card
4217	Live Peach Tree Card
4218	Succubus Card
4219	Sageworm Card
4220	Solider Card
4221	Skeleton General Card
4222	Skel Prisoner Card
4223	Stalactic Golem Card
4224	Stem Worm Card
4225	Stone Shooter Card
4226	Sting Card
4227	Spring Rabbit Card
4228	Sleeper Card
4229	C Tower Manager Card
4230	Shinobi Card
4231	Increase Soil Card
4232	Wild Ginseng Card
4233	Baby Leopard Card
4234	Anolian Card
4235	Cookie XMAS Card
4236	Amon Ra Card
4237	Owl Duke Card
4238	Owl Baron Card
4239	Iron Fist Card
4240	Arclouse Card
4241	Archangeling Card
4242	Apocalips Card
4243	Antonio Card
4244	Alarm Card
4245	Am Mut Card
4246	Assulter Card
4247	Aster Card
4248	Ancient Mummy Card
4249	Ancient Worm Card
4250	Executioner Card
4251	Elder Card
4252	Alligator Card
4253	Alice Card
4254	Tirfing Card
4255	Orc Lady Card
4256	Orc Archer Card
4257	Wild Rose Card
4258	Wicked Nymph Card
4259	Wooden Golem Card
4260	Wootan Shooter Card
4261	Wootan Fighter Card
4262	Evil Cloud Hermit Card
4263	Incant Samurai Card
4264	Wind Ghost Card
4265	Li Me Mang Ryang Card
4266	Eclipse Card
4267	Explosion Card
4268	Injustice Card
4269	Incubus Card
4270	Giant Spider Card
4271	Giant Honet Card
4272	Dancing Dragon Card
4273	Shellfish Card
4274	Zombie Master Card
4275	Zombie Prisoner Card
4276	Lord Of Death Card
4277	Zherlthsh Card
4278	Gibbet Card
4279	Deleter Card
4280	Geographer Card
4281	Zipper Bear Card
4282	Tengu Card
4283	Greatest General Card
4284	Chepet Card
4285	Choco Card
4286	Karakasa Card
4287	Kapha Card
4288	Carat Card
4289	Caterpillar Card
4290	Cat O Nine Tail Card
4291	Kobold Leader Card
4292	Kobold Archer Card
4293	Cookie Card
4294	Quve Card
4295	Kraben Card
4296	Cramp Card
4297	Cruiser Card
4298	Cremy Fear Card
4299	Clock Card
4300	Chimera Card
4301	Killer Mantis Card
4302	Tao Gunka Card
4303	Whisper Boss Card
4304	Tamruan Card
4305	Turtle General Card
4306	Toad Card
4307	Kind Of Beetle Card
4308	Tri Joint Card
4309	Parasite Card
4310	Panzer Goblin Card
4311	Permeter Card
4312	Fur Seal Card
4313	Punk Card
4314	Penomena Card
4315	Pest Card
4316	Fake Angel Card
4317	Mobster Card
4318	Knight Windstorm Card
4319	Freezer Card
4320	Bloody Knight Card
4321	Hylozoist Card
4322	High Orc Card
4323	Garm Baby Card
4324	Garm Card
4325	Harpy Card
4326	See Otter Card
4327	Blood Butterfly Card
4328	Hyegun Card
4329	Phendark Card
4330	Dark Snake Lord Card
4331	Heater Card
4332	Waste Stove Card
4333	Venomous Card
4334	Noxious Card
4335	Pitman Card
4336	Ungoliant Card
4337	Porcellio Card
4338	Obsidian Card
4339	Mineral Card
4340	Teddy Bear Card
4341	Metaling Card
4342	Rsx 0806 Card
4343	Mole Card
4344	Anopheles Card
4345	Hill Wind Card
4346	Ygnizem Card
4347	Armaia Card
4348	Whikebain Card
4349	Erend Card
4350	Rawrel Card
4351	Kavac Card
4352	B Ygnizem Card
4353	Removal Card
4354	Gemini Card
4355	Gremlin Card
4356	Beholder Card
4357	B Seyren Card
4358	Seyren Card
4359	B Eremes Card
4360	Eremes Card
4361	B Harword Card
4362	Harword Card
4363	B Magaleta Card
4364	Magaleta Card
4365	B Katrinn Card
4366	Katrinn Card
4367	B Shecil Card
4368	Shecil Card
4369	Venatu Card
4370	Dimik Card
4371	Archdam Card
4372	Bacsojin Card
4373	Chung E Card
4374	Apocalips H Card
4375	Orc Baby Card Card
4376	Lady Tanee Card
4377	Green Iguana Card
4378	Acidus Card
4379	Acidus  Card
4380	Ferus Card
4381	Ferus  Card
4382	Novus  Card
4383	Novus Card
4384	Hydro Card
4385	Dragon Egg Card
4386	Detale Card
4387	Ancient Mimic Card
4388	Deathword Card
4389	Plasma Card
4390	Breeze Card
4391	Retribution Card
4392	Observation Card
4393	Shelter Card
4394	Solace Card
4395	Tha Maero Card
4396	Tha Odium Card
4397	Tha Despero Card
4398	Tha Dolor Card
4399	Thanatos Card
4400	Aliza Card
4401	Alicel Card
4402	Aliot Card
4403	Kiel Card
4404	Skogul Card
4405	Frus Card
4406	Skeggiold Card
4407	Randgris Card
4408	Gloom Under Night Card
4409	Agav Card
4410	Echio Card
4411	Vanberk Card
4412	Isilla Card
4413	Hodremlin Card
4414	Seeker Card
4415	Snowier Card
4416	Siroma Card
4417	Ice Titan Card
4418	Gazeti Card
4419	Ktullanux Card
4420	Muscipular Card
4421	Drosera Card
4422	Roween Card
4423	Galion Card
4424	Stapo Card
4425	Atroce Card
4426	Byorgue Card
4427	Sword Guardian Card
4428	Bow Guardian Card
4429	Salamander Card
4430	Ifrit Card
4431	Kasa Card
4432	Magmaring Card
4433	Imp Card
4434	Knocker Card
4435	Zombie Slaughter Card
4436	Ragged Zombie Card
4437	Hell Poodle Card
4438	Banshee Card
4439	Flame Skull Card
4440	Necromancer Card
4441	Fallen Bishop Card
4442	Tatacho Card
4443	Aqua Elemental Card
4444	Draco Card
4445	Luciola Vespa Card
4446	P Skeleton Card
4447	Centipede Card
4448	Cornus Card
4449	Dark Shadow Card
4450	Banshee Master Card
4451	Ant Buyanne Card
4452	Centipede Larva Card
4453	Hilsrion Card
4454	Light Up Card1
4455	Light Up Card2
4456	Nidhogg Shadow Card
4457	Nahtzigger Card
4458	Duneirre Card
4459	Lata Card
4460	Ringco Card
4461	Pillar Card
4462	Hardrock Mommos Card
4463	Tendrilion Card
4464	Aunoe Card
4465	Panat Card
4466	Beholder Master Card
4467	Heavy Metaling Card
4468	Pinguicula Dark Card
4469	Naga Card
4470	Nepenthes Card
4471	Egg Of Draco Card
4472	Bradium Goram Card
4473	Ancient Tree Card
4474	Jakudam Card
4475	Cobalt Mineral Card
4476	Pinguicula Card
4477	Hell Apocalips Card
4478	Light Up Card3
4479	Light Up Card4
4480	Sealed Kiel Card
4481	Sealed Ktullanux Card
4482	Sealed B Ygnizem Card
4483	Sealed Dracula Card
4484	Sealed Mistress Card
4485	Sealed Gloom Card
4486	Sealed Berz Card
4487	Sealed Ifrit Card
4488	Sealed D Lord Card
4489	Sealed Pharaoh Card
4490	Sealed M Flower Card
4491	Sealed B Shecil Card
4492	Sealed Orc Hero Card
4493	Sealed Tao Card
4494	Sealed TurtleG Card
4495	Sealed Amon Ra Card
4496	Sealed Drake Card
4497	Sealed Knight WS Card
4498	Sealed Lady Tanee Card
4499	Sealed Samurai Card
4500	Sealed Orc Load Card
4501	Sealed B Magaleta Card
4502	Sealed B Harword Card
4503	Sealed Apocalips H Card
4504	Sealed Eddga Card
4505	Scaraba Card
4506	Dolomedes Card
4507	Q Scaraba Card
4508	Gold Scaraba Card
4509	Gold Q Scaraba Card
4510	Miming Card
4511	Little Fatum Card
4512	Parus Card
4513	Angra Mantis Card
4514	Pom Spider Card
4515	Alnoldi Card
4516	Comodo Card
4517	Cendrawasih Card
4518	Banaspaty Card
4519	Butoijo Card
4520	Leak Card
4521	Sedora Card
4522	Sropho Card
4523	Pot Dofle Card
4524	King Dramoh Card
4525	Kraken Card
4526	Odd Coelacanth Card
4527	Black Coelacanth Card
4528	Mutant Coelacanth Card
4529	Cruel Coelacanth Card
4530	Siorava Card
4531	Red Eruma Card
4532	Wild Rider Card
4533	Mini Octopus Card
4534	Giant Octopus Card
4535	Sealed Rand Card
4536	Sealed Atroce Card
4537	Sealed Phreeoni Card
4538	Sealed Bacsojin Card
4539	Sealed F Bishop Card
4540	SLD Lord Of Death Card
4541	SLD B Katrinn Card
4542	SLD Detale Card
4543	SLD Garm Card
4544	SLD Dark Snake Card
4545	Novice Poring Card
4546	Valkhiri Card
4547	Upd Byorgue Card
4548	Upd Salamander Card
4549	Upd Maya Puple Card
4550	Upd Bow Guardian Card
4551	Upd Necromancer Card
4552	Manny Card
4553	Sid Card
4554	Diego Card
4555	Scrat Card
4556	Fenrir Card
4557	Fenrir Card 
4558	Woodie Card
4559	M Morocc Card
4560	Clown Card
4561	Professor Card
4562	Champion Card
4563	Creator Card
4564	Stalker Card
4565	Paladin Card
4566	Gypsy Card
4567	Alphoccio Card
4568	Ceila Card
4569	Chen Card
4570	Flamel Card
4571	Gertie Card
4572	Randel Card
4573	Trentini Card
4574	Daehyon Card
4575	Soheon Card
4576	Gioia Card
4577	Elvira Card
4578	Pyuriel Card
4579	Lora Card
4580	Kades Card
4581	Rudo Card
4582	Bungisngis Card
4583	Engkanto Card
4584	Manananggal Card
4585	Mangkukulam Card
4586	Tikbalang Card
4587	Tiyanak Card
4588	Wakwak Card
4589	Jejeling Card
4590	Bangungot Card
4591	Bakonawa Card
4592	Buwaya Card
4593	Menblatt Card
4594	Petal Card
4595	Cenere Card
4596	AntiqueBook Card
4597	LichternB Card
4598	LichternY Card
4599	LichternR Card
4600	LichternG Card
4601	Amdarais Card
4602	AmdaraisH Card
4603	CorruptionRoot Card
4604	CorruptionRootH Card
4605	UndeadKnightM Card
4606	UndeadKnightF Card
4607	FaithfulManager Card
4608	White Knightage Card
4609	Khali Knightage Card
4610	Sarah Card
4625	Timeholder Card
4626	Big Ben Card
4627	Big Bell Card
4628	Neo Punk Card
4629	Arc Elder Card
4630	Time Keeper Card
4631	Owl Viscount Card
4632	Owl Marquees Card
4633	P Archer Skeleton Card
4634	P Soldier Skeleton Card
4635	P Amdarais Card
4636	Bijou Card
4637	Immortal Corpse Card
4638	Watcher Card
4639	Taffy Card
4640	Frozen Wolf Card
4641	Zombie Guard Card
4642	Min Toad Card
4643	Min Vagabond Wolf Card
4644	Min Vocal Card
4645	Min Eclipse Card
4646	Min Chimera Card
4647	Min Osiris Card
4648	Min Eddga Card
4649	Min Phreeoni Card
4650	Min Ork Hero Card
4651	Min Tao Gunka Card
4652	N Amon Ra Card
4653	N Arclouse Card
4654	N Mimic Card
4655	N Minorous Card
4656	N Mummy Card
4657	N Ancient Mummy Card
4658	N Verit Card
4659	Eggring Card
4660	Scout Basilisk Card
4661	Charge Basilisk Card
4662	Big Eggring Card
4663	Leaf Lunatic Card
4664	Grass Fabre Card
4665	Wild Hornet Card
4666	Sweet Rodafrog Card
4667	Hunter Wolf Card
4668	Trance Spore Card
4669	Jungle Mandragora Card
4670	Fruit Pom Spider Card
4671	V Celia Card
4672	V Chen Card
4673	V Alphoccio Card
4674	V Eremes Card
4675	V Magaleta Card
4676	V Shecil Card
4677	V Harword Card
4678	V Katrinn Card
4679	V Seyren Card
4680	V Randel Card
4681	V Flamel Card
4682	V Gertie Card
4683	V Trentini Card
4684	V B Eremes Card
4685	V B Magaleta Card
4686	V B Katrinn Card
4687	V B Shecil Card
4688	V B Harword Card
4689	V B Seyren Card
4690	V B Randel Card
4691	V B Flamel Card
4692	V B Celia Card
4693	V B Chen Card
4694	V B Gertie Card
4695	V B Trentini Card
4696	V B Alphoccio Card
4700	Strength1
4701	Strength2
4702	Strength3
4703	Strength4
4704	Strength5
4705	Strength6
4706	Strength7
4707	Strength8
4708	Strength9
4709	Strength10
4710	Inteligence1
4711	Inteligence2
4712	Inteligence3
4713	Inteligence4
4714	Inteligence5
4715	Inteligence6
4716	Inteligence7
4717	Inteligence8
4718	Inteligence9
4719	Inteligence10
4720	Dexterity1
4721	Dexterity2
4722	Dexterity3
4723	Dexterity4
4724	Dexterity5
4725	Dexterity6
4726	Dexterity7
4727	Dexterity8
4728	Dexterity9
4729	Dexterity10
4730	Agility1
4731	Agility2
4732	Agility3
4733	Agility4
4734	Agility5
4735	Agility6
4736	Agility7
4737	Agility8
4738	Agility9
4739	Agility10
4740	Vitality1
4741	Vitality2
4742	Vitality3
4743	Vitality4
4744	Vitality5
4745	Vitality6
4746	Vitality7
4747	Vitality8
4748	Vitality9
4749	Vitality10
4750	Luck1
4751	Luck2
4752	Luck3
4753	Luck4
4754	Luck5
4755	Luck6
4756	Luck7
4757	Luck8
4758	Luck9
4759	Luck10
4760	Matk1
4761	Matk2
4762	Evasion6
4763	Evasion12
4764	Critical5
4765	Critical7
4766	Atk2
4767	Atk3
4768	Str1 J
4769	Str2 J
4770	Str3 J
4771	Int1 J
4772	Int2 J
4773	Int3 J
4774	Vit1 J
4775	Vit2 J
4776	Vit3 J
4777	Agi1 J
4778	Agi2 J
4779	Agi3 J
4780	Dex1 J
4781	Dex2 J
4782	Dex3 J
4783	Luk1 J
4784	Luk2 J
4785	Luk3 J
4786	Mdef2
4787	Mdef4
4788	Mdef6
4789	Mdef8
4790	Mdef10
4791	Def3
4792	Def6
4793	Def9
4794	Def12
4795	HP100
4796	HP200
4797	HP300
4798	HP400
4799	HP500
4800	SP50
4801	SP100
4802	SP150
4803	Highness Heal 3sec
4804	Coluceo Heal30
4805	Heal Amount2
4806	Matk3
4807	Atk Speed1
4808	Fighting Spirit4
4809	Fighting Spirit3
4810	Fighting Spirit2
4811	Fighting Spirit1
4812	Spell4
4813	Spell3
4814	Spell2
4815	Spell1
4816	Sharp3
4817	Sharp2
4818	Sharp1
4819	Atk1
4820	Fighting Spirit5
4821	Fighting Spirit6
4822	Fighting Spirit7
4823	Fighting Spirit8
4824	Fighting Spirit9
4825	Fighting Spirit10
4826	Spell5
4827	Spell6
4828	Spell7
4829	Spell8
4830	Spell9
4831	Spell10
4832	Expert Archer1
4833	Expert Archer2
4834	Expert Archer3
4835	Expert Archer4
4836	Expert Archer5
4837	Expert Archer6
4838	Expert Archer7
4839	Expert Archer8
4840	Expert Archer9
4841	Expert Archer10
4842	Atk Speed2
4843	Sharp4
4844	Sharp5
4845	Sea Energy
4846	2011Valentin Angel
4847	2011Valentin Devil
4848	Immuned1
4849	Cranial1
4850	Heal Amount3
4851	Heal Amount4
4852	Heal Amount5
4853	S Str
4854	S Agi
4855	S Vital
4856	S Int
4857	S Dex
4858	S Luck
4859	Evasion1
4860	Evasion3
4861	MHP1
4862	MHP2
4863	Fatal1
4864	Fatal2
4865	Fatal3
4866	Fatal4
4867	MHP3
4868	MHP4
4869	Attack Delay 1
4870	SP25
4871	SP75
4872	Attack Delay 2
4873	Attack Delay 3
4875	Bears Power
4876	Runaway Magic
4877	Speed Of Light
4878	Muscle Fool
4879	Hawkeye
4880	Lucky Day
4881	Attack Delay 4
4882	Atk1p
4883	Matk1p
4884	HIT1
4885	Conjure1
4886	Conjure2
4887	Conjure3
4888	Conjure4
4889	Conjure5
4890	Mdef1
4891	Mdef3
4892	Mdef5
4893	Def15
4894	Atk4p
4895	Atk5p
4896	Matk2p
4897	Matk3p
4898	Matk4p
4899	Matk5p
4900	MHP5
4902	Def18
4903	Def21
4904	Atk6p
4905	Atk7p
4906	Matk6p
4907	Matk7p
4908	Force1
4909	Force2
4910	Force3
4911	Intellect1
4912	Intellect2
4913	Intellect3
4914	Swiftness1
4915	Swiftness2
4916	Swiftness3
4917	Tough1
4918	Tough2
4919	Tough3
4920	Artful1
4921	Artful2
4922	Artful3
4923	Fortune1
4924	Fortune2
4925	Fortune3
4926	Critical1
4927	HP50
4928	SP10
4929	MSP1
4930	HEAL2
4931	HEALHP1
4932	HEALSP1
4933	Tolerance Not1
4934	Tolerance Not2
4935	Tolerance Not3
4936	ATK BIG1
4937	ATK MEDIUM1
4938	ATK SMALL1
4939	Critical2
4940	Critical3
4941	Critical4
4942	Dodge1
4943	Dodge2
4944	Dodge3
4945	Thrift1
4946	Thrift2
4947	Thrift3
4948	Skill Delay1
4949	Skill Delay2
4950	Skill Delay3
4951	Darkness Drop
4952	Fire Drop
4953	Water Drop
4954	Earth Drop
4955	Light Drop
4956	Recovery Drop
4957	The Power Of Famitsu
4958	Double Pediatric Palace
4959	Sagittarius
4960	Aquarius
4961	Aries
4962	Cancer
4963	Taurus
4964	Capricorn
4965	Pisces
4966	Scorpio
4967	Leo
4968	Virgo
4969	Libra
4970	Fire Property Reactor
4971	Water Property Reactor
4972	Earth Property Reactor
4973	Wind Property Reactor
4974	Fire Resistance Reactor
4975	Water Resistance Reactor
4976	Earth Resistance Reactor
4977	Wind Resistance Reactor
4978	Restoration Reactor 101
4979	Restoration Reactor 102
4980	Restoration Reactor 201
4981	Restoration Reactor 202
4982	Auxiliary Reactor STR
4983	Auxiliary Reactor INT
4984	Auxiliary Reactor DEF
4985	Auxiliary Reactor Perfect
4986	Auxiliary Reactor Attack
4987	Auxiliary Reactor Magic
4988	Auxiliary Reactor MaxHP
4989	Auxiliary Reactor MaxSP
4990	Auxiliary Reactor Frozen
4991	Auxiliary Reactor ASPD
4992	HPdrain1
4993	SPdrain1
4994	Rune Of Might1
4995	Rune Of Might2
4996	Rune Of Might3
4997	Rune Of Agility1
4998	Rune Of Agility2
4999	Rune Of Agility3
5001	Headset
5002	Gemmed Crown
5003	Joker Jester
5004	Oxygen Mask
5005	Gas Mask
5006	Machoman Glasses
5007	Loard Circlet
5008	Puppy Love
5009	Safety Helmet
5010	Indian Hair Piece
5011	Antenna
5012	Ph D Hat
5013	Horn Of Lord Kaho
5014	Fin Helm
5015	Egg Shell
5016	Boys Cap
5017	Bone Helm
5018	Feather Bonnet
5019	Corsair
5020	Kafra Band
5021	Bankruptcy Of Heart
5022	Helm Of Sun
5023	Hat Of Bundle
5024	Hat Of Cake
5025	Helm Of Angel
5026	Hat Of Cook
5027	Wizardry Hat
5028	Candle
5029	Spore Hat
5030	Panda Cap
5031	Mine Helm
5032	Picnic Hat
5033	Smokie Hat
5034	Light Bulb Band
5035	Poring Hat
5036	Cross Band
5037	Fruit Shell
5038	Deviruchi Cap
5039	Mottled Egg Shell
5040	Blush
5041	Heart Hair Pin
5042	Hair Protector
5043	Opera Ghost Mask
5044	Devils Wing
5045	Magician Hat
5046	Bongun Hat
5047	Fashion Sunglass
5048	First Moon Hair Pin
5049	Stripe Band
5050	Mystery Fruit Shell
5051	Kitty Bell
5052	Blue Hair Band
5053	Spinx Helm
5054	Assasin Mask
5055	Novice Egg Cap
5056	Love Berry
5057	Ear Of Black Cat
5058	Drooping Kitty
5059	Brown Bear Cap
5060	Party Hat
5061	Flower Hairpin
5062	Straw Hat
5063	Plaster
5064	Leaf Headgear
5065	Fish On Head
5066	Horn Of Succubus
5067	Sombrero
5068	Ear Of Devils Wing
5069	Mask Of Fox
5070	Headband Of Power
5071	Indian Headband
5072	Inccubus Horn
5073	Cap Of Concentration
5074	Ear Of Angels Wing
5075	Cowboy Hat
5076	Fur Hat
5077	Tulip Hairpin
5078	Sea Otter Cap
5079	Crossed Hair Band
5080	Headgear Of Queen
5081	Mistress Crown
5082	Mushroom Band
5083	Red Tailed Ribbon
5084	Lazy Raccoon
5085	Pair Of Red Ribbon
5086	Alarm Mask
5087	Goblin Mask 01
5088	Goblin Mask 02
5089	Goblin Mask 03
5090	Goblin Mask 04
5091	Big Golden Bell
5092	Blue Coif
5093	Blue Coif 
5094	Orc Hero Helm
5095	Orc Hero Helm 
5096	Assassin Mask 
5097	Cone Hat 
5098	Tiger Mask
5099	Cat Hat
5100	Sales Signboard
5101	Takius Blindfold
5102	Round Eyes
5103	Sunflower Hairpin
5104	Dark Blindfold
5105	Hat Of Cake 
5106	Cone Hat INA
5107	Well Baked Toast
5108	Detective Hat
5109	Red Bonnet
5110	Baby Pacifier
5111	Galapago Cap
5112	Super Novice Hat
5113	Angry Mouth
5114	Fedora
5115	Winter Hat
5116	Banana Hat
5117	Mistic Rose
5118	Ear Of Puppy
5119	Super Novice Hat 
5120	Fedora 
5121	Zherlthsh Mask
5122	Magni Cap
5123	Ulle Cap
5124	Fricca Circlet
5125	Kiss Of Angel
5126	Morpheuss Hood
5127	Morriganes Helm
5128	Goibnes Helmet
5129	Bird Nest
5130	Lion Mask
5131	Close Helmet
5132	Angeling Hat
5133	Sheep Hat
5134	Pumpkin Hat
5135	Cyclops Visor
5136	Santas Hat 
5137	Alice Doll
5138	Magic Eyes
5139	Hibiscus
5140	Charming Ribbon
5141	Marionette Doll
5142	Crescent Helm
5143	Kabuki Mask
5144	Gambler Hat
5145	Carnival Joker Jester
5146	Elephant Hat
5147	Baseball Cap
5148	Phrygian Cap
5149	Silver Tiara
5150	Joker Jester 
5151	Headset OST
5152	Chinese Crown
5153	Angeling Hairpin
5154	Sunglasses F
5155	Granpa Beard F
5156	Flu Mask F
5157	Viking Helm 
5158	Holy Bonnet 
5159	Golden Gear 
5160	Magestic Goat 
5161	Sharp Gear 
5162	Bone Helm 
5163	Corsair 
5164	Tiara 
5165	Crown 
5166	Spinx Helm 
5167	Munak Turban 
5168	Bongun Hat 
5169	Bride Mask
5170	Feather Beret
5171	Valkyrie Helm
5172	Beret
5173	Satto Hat
5174	Ayam
5175	Censor Bar
5176	Hahoe Mask
5177	Guardian Lion Mask
5178	Candle 
5179	Gold Tiara
5180	Phrygian Cap 
5181	Helm Of Darkness
5182	Puppy Hat
5183	Bird Nest Hat
5184	Captain Hat
5185	Laurel Wreath
5186	Geographer Band
5187	Twin Ribbon
5188	Minstrel Hat
5189	Fallen Leaves
5190	Baseball Cap 
5191	Ribbon Black
5192	Ribbon Yellow
5193	Ribbon Green
5194	Ribbon Pink
5195	Ribbon Red
5196	Ribbon Orange
5197	Ribbon White
5198	Drooping Bunny
5199	Baseball Cap I
5200	Coppola
5201	Party Hat B
5202	Pumpkin Hat 
5203	Tongue Mask
5204	Event Pierrot Nose
5205	Wreath
5206	Romantic White Flower
5207	Gold Spirit Chain
5208	Rideword Hat
5209	Yellow Baseball Cap
5210	Flying Angel
5211	Dress Hat
5212	Satellite Hairband
5213	Black Bunny Band
5214	Moonlight Flower Hat
5215	Angelic Chain 
5216	Satanic Chain 
5217	Magestic Goat TW
5218	Bunny Band 
5219	Drooping Kitty 
5220	Smoking Pipe 
5221	Pair Of Red Ribbon 
5222	Fish On Head 
5223	Big Golden Bell 
5224	Orc Hero Helm TW
5225	Marcher Hat
5226	Mini Propeller 
5227	Red Deviruchi Cap
5228	White Deviruchi Cap
5229	Gray Deviruchi Cap
5230	White Drooping Kitty
5231	Gray Drooping Kitty
5232	Pink Drooping Kitty
5233	Blue Drooping Kitty
5234	Yellow Drooping Kitty
5235	Gray Fur Hat
5236	Blue Fur Hat
5237	Pink Fur Hat
5238	Red Wizardry Hat
5239	White Wizardry Hat
5240	Gray Wizardry Hat
5241	Blue Wizardry Hat
5242	Yellow Wizardry Hat
5243	Chullos
5244	Elven Blindfold
5245	Elven Sunglasses
5246	Angelic Helm
5247	Satanic Helm
5248	Robotic Blindfold
5249	Human Blindfold
5250	Robotic Ears
5251	Round Ears
5252	Drooping Nine Tail
5253	Lif Doll Hat
5254	Deviling Hat
5255	Triple Poring Hat
5256	Valkyrie Feather Band
5257	Soulless Wing
5258	Afro Wig
5259	Elephant Hat 
5260	Cookie Hat
5261	Silver Tiara 
5262	Gold Tiara 
5263	Ati Atihan Hat
5264	Aussie Flag Hat
5265	Apple Of Archer C
5266	Bunny Band C
5267	Sahkkat C
5268	Lord Circlet C
5269	Flying Angel 
5270	Fallen Leaves 
5271	Chinese Crown 
5272	Tongue Mask 
5273	Happy Wig
5274	Shiny Wig
5275	Marvelous Wig
5276	Fantastic Wig
5277	Yellow Bandana
5278	Yellow Ribbon
5279	Drooping Kitty C
5280	Magestic Goat C
5281	Deviruchi Cap C
5282	euRO Baseball Cap
5283	Chick Hat
5284	Water Lily Crown
5285	Vane Hairpin
5286	Pecopeco Hairband
5287	Vacation Hat
5288	Red Glasses
5289	Vanilmirth Hat
5290	Drooping Bunny 
5291	Kettle Hat
5292	Dragon Skull
5293	Ramen Hat
5294	Whisper Mask
5295	Golden Bandana
5296	Drooping Nine Tail 
5297	Soulless Wing 
5298	Marvelous Wig 
5299	Ati Atihan Hat 
5300	Bullock Helm
5301	Russian Ribbon
5302	Lotus Flower Hat
5303	Flower Coronet
5304	Cap Of Blindness
5305	Pirate Dagger
5306	Freyja Crown
5307	Carmen Mirandas Hat
5308	Brazilian Flag Hat
5309	Mahican
5310	Bulb Hairband
5311	Large Hibiscus
5312	Ayothaya Hat
5313	Diadem
5314	Hockey Mask
5315	Observer
5316	Umbrella Hat
5317	Fisherman Hat
5318	Poring Party Hat
5319	Hellomother Hat
5320	Champion Wreath
5321	Indonesian Bandana
5322	Scarf
5323	Misstrance Crown
5324	Little Angel Doll
5325	Robo Eye
5326	Masquerade C
5327	Orc Hero Helm C
5328	Evil Wing Ears C
5329	Dark Blindfold C
5330	kRO Drooping Kitty C
5331	Corsair C
5332	Loki Mask
5333	Radio Antenna
5334	Angeling Wanna Fly
5335	Jumping Poring
5336	Guildsman Recruiter
5337	Party Recruiter Hat
5338	Bf Recruiter Hat
5339	Friend Recruiter Hat
5340	Deprotai Doll Hat
5341	Claris Doll Hat
5342	Sorin Doll Hat
5343	Tayelin Doll Hat
5344	Binit Doll Hat
5345	Debril Doll Hat
5346	Gf Recruiter Hat
5347	Ph D Hat 
5348	Big Sis Ribbon 
5349	Boys Cap 
5350	Pirate Bandana 
5351	Sunflower 
5352	Poporing Cap
5353	Helm Of Sun 
5354	Muslim Hat M
5355	Muslim Hat F
5356	Pumpkin Hat H
5357	Wings Of Victory
5358	Pecopeco Wing Ears
5359	J Captain Hat
5360	Whikebain Ears
5361	Gang Scarf
5362	Ninja Scroll
5363	Helm Of Abyss
5364	Dark Snake Lord Hat
5365	Fried Egg
5366	Hat 0f King
5367	Hyegun Hat
5368	White Wing
5369	Dark Wing
5370	Orchid Hairband
5371	Hat Of Judge
5372	Drooping White Kitty
5373	Darkness Helm
5374	L Magestic Goat
5375	L Orc Hero Helm
5376	Satanic Chain P
5377	Antique Pipe
5378	Rabbit Ear Hat
5379	Balloon Hat
5380	Fish Head Hat
5381	Santa Poring Hat
5382	Bell Ribbon
5383	Hunting Cap
5384	Santa Hat 1
5385	Yoyo Hat
5386	Ayam 
5387	Neko Mimi Kafra
5388	Snake Head
5389	Angel Spirit
5390	Santa Hat 2
5391	Toast C
5392	Louyang Cap
5393	Valentine Hat
5394	Bubblegum Lower
5395	Tiraya Bonnet
5396	Jasper Crest
5397	Scuba Mask
5398	Bone Head
5399	Mandragora Cap
5400	Fox Hat
5401	Black Glasses
5402	Mischievous Fairy
5403	Fish In Mouth
5404	Blue Ribbon
5405	Filir Hat
5406	Academy Freshman Hat
5407	Academy Graduating Cap
5408	Old Bandanna
5409	New Cowboy Hat
5410	Bread Bag2
5411	White Snake Hat
5412	Sweet Candy
5413	Popcorn Hat
5414	Campfire Hat
5415	Poring Cake Cap
5416	Beer Cap
5417	Crown Parrot
5418	Soldier Hat
5419	Evolved Leaf
5420	Mask Of Ifrit
5421	Ifrits Ear
5422	Linguistic Book Cap
5423	Lovecap China
5424	Fanta Orange Can
5425	Fanta Grape Can
5426	Karada Meguri Tea Hat
5427	Royal Milk Tea Hat
5428	Bread Bag1
5429	Bogy Cap
5430	Sacred Torch Coronet
5431	Chicken Hat
5432	Brazil Baseball Cap
5433	Golden Wreath
5434	Cola Can
5435	Coke Hat
5436	Brides Corolla
5437	Flower Of Fairy
5438	Fillet Green
5439	Fillet Red
5440	Fillet Blue
5441	Fillet White
5442	Necktie
5443	Status Of Baby Angel
5444	Hair Brush
5445	Candy Cane In The Mouth
5446	Cat Foot Hairpin
5447	Frog Cap
5448	Solo Play Box1
5449	Solo Play Box2
5450	Sun Cap
5451	Dragonhelm Gold
5452	Dragonhelm Silver
5453	Dragonhelm Copper
5454	Dog Cap 
5455	Geographer Band 
5456	Vacation Hat 
5457	Spring Rabbit Hat
5458	Pinwheel Cap
5459	Drooping Bunny Chusuk
5460	Adv Dragon Skull
5461	Adv Whisper Mask
5462	Spiked Scarf
5463	Rainbow Scarf
5464	Zaha Doll Hat
5465	Celestial Hat
5466	Wind Milestone
5467	Helm Of Dragoon
5468	Parade Cap
5469	Noble Hat
5470	Eyes Of Darkness
5471	Hairband Of Reginleif
5472	Red White Hat
5473	Forceps Hairpin
5474	Notice Board
5475	Cube Mask
5476	Hairband Of Grandpeco
5477	Bro Flag
5478	Classic Hat
5479	Shamans Hair Ornament
5480	Bizofnil Wing Deco
5481	Hermose Cap
5482	Dark Knight Mask
5483	Odin Mask
5484	Taiwan Flag Hat
5485	Tiger Face
5486	J Anniversary Hat
5487	J Poringcake Hat
5488	J Twin Santahat
5489	Love Daddy
5490	Anubis Helm
5491	Hat Of Outlaw
5492	Boys Cap I
5493	Ulle Cap I
5494	Spinx Helm I
5495	Power Of Thor
5496	Dice Hat
5497	King Tiger Doll Hat
5498	Wondering Wolf Helm
5499	Pizza Hat
5500	Icecream Hat
5501	Pirates Pride
5502	Necromencers Hood
5503	Rabbit Magic Hat
5504	China Wedding Veil
5505	Asara Fairy Hat
5506	Blue Pajamas Hat
5507	Pink Pajamas Hat
5508	Shark Hat
5509	Sting Hat
5510	Shower Cap
5511	Samambaia
5512	Aquarius Diadem
5513	Aquarius Crown
5514	Pisces Diadem
5515	Pisces Crown
5516	Hawk Eyes01
5517	Hawk Eyes02
5518	L Magestic Goat2
5519	Peacock Feather
5520	Rabbit Earplug
5521	Angry Mouth C
5522	Fanta Zero Lemon Hat
5523	Sakura Mist Hat
5524	Sakura Milk Tea Hat
5525	First Leaf Tea Hat
5526	Lady Tanee Doll
5527	Lunatic Hat
5528	King Frog Hat
5529	Evils Bone Hat
5530	Raven Cap
5531	B Dragon Hat
5532	Pirate Dagger J
5533	Emperor Wreath J
5534	Fox Hat J
5535	Side Cap
5536	Spare Card
5537	Quati Hat
5538	Tucan Hat
5539	Jaguar Hat
5540	Freyja SCirclet7
5541	Freyja SCirclet30
5542	Freyja SCirclet60
5543	Freyja SCirclet90
5544	Time Keeper Hat
5545	Aries Diadem
5546	Aries Crown
5547	RJC Katusa
5548	Scarlet Rose
5549	Taurus Diadem
5550	Taurus Crown
5551	Holy Egg Hat
5552	Fest Lord Circlet
5553	Fest Bunny Band
5554	Octopus Hat
5555	Leaf Cat Hat
5556	Fur Seal Hat
5557	Wild Rose Hat
5558	Saci Hat
5559	Piece Of White Cloth E
5560	Bullock Helm J
5561	Rabbit Magic Hat J
5562	Good Wedding Veil J
5563	Dolor Hat
5564	Crown Of Deceit
5565	Dragon Arhat Mask
5566	Tiger Arhat Mask
5567	Bright Fury
5568	Rabbit Bonnet
5569	Gemini Diadem
5570	Gemini Crown
5571	Rasta Wig
5572	Savage Baby Hat
5573	Bogy Horn
5574	Pencil In Mouth
5575	Onigiri Hat
5576	Japan Winecup
5577	Dark Knight MaskB
5578	Voyage Hat
5579	Wanderers Sakkat
5580	Red Beret
5581	Cancer Diadem
5582	Cancer Crown
5583	Para Team Hat
5584	Majestic Evil Horn
5585	Rune Hairband
5586	Mosquito Coil
5587	Mosquito Coil 1Use
5588	Leo Crown
5589	Leo Diadem
5590	K Poring Cake Cap
5591	Desert Prince
5592	Sigruns Wing
5593	K Rabbit Bonnet
5594	Donut In Mouth
5595	Eye Of Juno
5596	4Leaf Clover In Mouth
5597	Bubble Gum In Mouth
5598	Virgo Crown
5599	Virgo Diadem
5600	Br Twin Ribbon
5601	Br Beret
5602	Jaguar Hat J
5603	RTC Winner Only
5604	RTC Second Best
5605	RTC Third Best
5606	Campume Hat
5607	Lyria Doll Hat
5608	Dorothy Doll Hat
5609	Chung Hairband
5610	Ice Wing Ear
5611	Turtle Hat
5612	F Blue Drooping Kitty
5613	F Flying Angel
5614	F Smoking Pipe 
5615	F Pair Of Red Ribbon 
5616	F Fish On Head 
5617	F Hibiscus
5618	F Cat Hat
5619	F Bunny Band 
5620	F Magestic Goat TW
5621	F Sheep Hat
5622	F Mini Propeller 
5623	F Alice Doll
5624	F Red Glasses
5625	F Chick Hat
5626	F White Deviruchi Cap
5627	F Vane Hairpin
5628	F Pecopeco Hairband
5629	F Vacation Hat
5630	F Charming Ribbon
5631	F Water Lily Crown
5632	F Vanilmirth Hat
5633	F Drooping Bunny 
5634	F Kettle Hat
5635	F Dragon Skull
5636	F Ramen Hat
5637	F Pink Fur Hat
5638	F Puppy Hat
5639	F Magic Eyes
5640	F Jumping Poring
5641	F Robo Eye
5642	F Yellow Wizardry Hat
5643	F Crescent Helm
5644	F Tiger Mask
5645	F Fantastic Wig
5646	F Whisper Mask
5647	F Bunny Band C
5648	F Centimental Flower C
5649	F Apple Of Archer C
5650	F Elven Ears C
5651	F Brooch C
5652	F Magestic Goat C
5653	Darkness Helm J
5654	Holy Marching Hat J
5655	Dark Snake Lord Hat J
5656	Scooter Hat J
5657	Antique Pipe J
5658	Imp Hat
5659	Sleepr Hat
5660	Gryphon Hat
5661	Red Pirate Bandana
5662	Libra Crown
5663	Libra Diadem
5664	Filir Wing
5665	Shaman Hat
5666	Golden Crown
5667	Skull Hood
5668	Weird Pumpkin Hat
5669	Poring Party Hat J
5670	Aniv Star Hat
5671	Drooping Morocc Minion
5672	Southern Cross
5673	Home Cherry Blossom
5674	Pig Moneybox
5675	Poring Letter
5676	Scorpio Crown
5677	Scorpio Diadem
5678	Notation Hairband
5679	Engineer Cap
5680	Hawkeyes
5681	F Ribbon Green
5682	Triangle Rune Cap
5683	Majestic Goat Repl
5684	Jewel Crown Repl
5685	Prontera Army Cap Repl
5686	Feather Bonnet Repl
5687	Viking Helm Repl
5688	2009Love Daddy
5689	Queen Ant Diadem
5690	Red Wing Hat
5691	Catain Bandanna
5692	Sea Cat Hat
5693	No Fear Underware
5694	No Fear P Headgear
5695	E Blue Drooping Kitty
5696	E Flying Angel
5697	E Smoking Pipe 
5698	E Pair OE Red Ribbon 
5699	E Fish On Head 
5700	E Hibiscus
5701	E Cat Hat
5702	E Bunny Band 
5703	E Magestic Goat TW
5704	E Sheep Hat
5705	E Mini Propeller 
5706	E Alice Doll
5707	E Red Glasses
5708	E Chick Hat
5709	E White Deviruchi Cap
5710	E Vane Hairpin
5711	E Pecopeco Hairband
5712	E Vacation Hat
5713	E Charming Ribbon
5714	E Water Lily Crown
5715	E Vanilmirth Hat
5716	E Drooping Bunny 
5717	E Kettle Hat
5718	E Dragon Skull
5719	E Ramen Hat
5720	E Pink Fur Hat
5721	E Puppy Hat
5722	E Magic Eyes
5723	E Jumping Poring
5724	E Robo Eye
5725	E Yellow Wizardry Hat
5726	E Crescent Helm
5727	E Tiger Mask
5728	E Fantastic Wig
5729	E Bunny Band C
5730	E Centimental Flower C
5731	E Apple OE Archer C
5732	E Elven Ears C
5733	E Brooch C
5734	E Magestic Goat C
5735	E Ribbon Green
5736	EF Whisper Mask
5737	Cactus Hat
5738	Snowman Hat
5739	Sagittarius Crown
5740	Sagittarius Diadem
5741	Im Egg Shell Hat
5742	Rudolf Santa Hat
5743	Orange Stem Hat
5744	Capricorn Crown
5745	Capricorn Diadem
5746	Rune Circlet
5747	Mitra
5748	Sniper Goggle
5749	Driver Band
5750	Shadow Handicraft
5751	Minstrel Song Hat
5752	Midas Whisper
5753	Magic Stone Hat
5754	Blazing Soul
5755	Silent Executer
5756	Wind Whisper
5757	Schmidt Helm
5758	Dying Swan
5759	Noah Hat
5760	Driver Band 
5761	Sloth Hat
5762	Duneyrr Helm
5763	Red Bunny Band
5764	Love Rabbit Hood
5765	Black Tail Ribbon
5766	Amistr Cap
5767	Samurai Mask
5768	Sakura Coronet
5769	Gold Angel Sculpture
5770	Splash Hat
5771	Family Hat
5772	Red Navy Hat
5773	Navy Beret
5774	Red Pirate Hat
5775	Choco Donut In Mouth
5776	Blazing Sun
5777	Remover Hat
5778	Blue Arara Hat
5779	Drooping Boto
5780	Tendrilion Hat
5781	Persika
5782	Hoplite Helmet
5783	YellowBunny Hairband
5784	PinkBunny Hairband
5785	Green Bunny Hairband
5786	Ancient Elven Ear
5787	Tha Maero Mask
5788	3D Glasses
5789	Thanatos Mal Mask
5790	Holy Mom Love
5791	Tenkaippin Ramen
5792	Fish Pin
5793	Ribbon Of Life
5794	3D Glasses 
5795	Red Dress Hat
5796	Cheer Scarf
5797	Cheer Scarf2
5798	Cheer Scarf3
5799	Cheer Scarf4
5800	Blush Of Groom
5801	Ribbon Of Bride
5802	Upgrade Elephant Hat
5803	Flower Love Hat
5804	Pirate Eyepatch
5805	Victorious Coronet
5806	Poem Natalia Hat
5807	October Fest Cap
5808	Diabolus Helmet
5809	Boom Boom Hat
5810	Ph D Hat V
5811	Santa Beard
5812	Hat Of Expert
5813	Red Ph D Hat
5814	Ati Atihan Hat3
5815	Cowboy Hat J
5816	Classic Hat J
5817	Valentine Pledge
5818	Carnival Hat
5819	Carnival Circlet
5820	Black Elven Ears
5821	Gold Tulip Hairpin
5822	Love Chick Hat
5823	Love Arrow
5824	Fools Day Hat
5825	Badge Of Order Grace
5826	Valkyrie Helmet
5827	Book File Hat
5828	Honor Gold Ring
5829	Ordinary Armor
5830	Woe Sahkkat
5831	Woe Big Sis Ribbon
5832	Woe Vane Hairpin
5833	Woe Picnic Hat
5834	Woe Crown
5835	Woe Tiara
5836	Woe Boys Cap
5837	Woe Sunglass
5838	Woe Fin Helm
5839	Woe Blush
5840	Woe Elven Ears
5841	Shaman Hat 
5842	Loyal Ring1
5843	Loyal Ring2
5844	Loyal Ring3
5845	Buzzy Ball Board
5846	Buzzy Ball Gum
5847	Fools Day Helmet
5848	Robin Eyepatch
5849	Doctor Hairband
5850	Golden Savage Hat
5851	Summer Knight
5852	Easter Egg Shell
5855	Fish Rod
5856	Passion FB Hat
5857	Cool FB Hat
5858	Victory FB Hat
5859	Glory FB Hat
5864	Shadow Booster
5868	Bushy Moustache
5869	Mimic Egg Shell
5870	Bunny Egg Shell
5871	Picky Egg Shell
5873	Helmet Of Siegfried
5874	Circlet Of Kriemhild
5875	Diadem Of Bruenhild
5881	Weissbier Hat
5890	Angel Earing
5891	Black Cat Hat
5897	Ascendant Crown 
5898	Autumn Headband
5899	Black Ribbon 
5900	Divine Guard Hat 
5904	Inconspicuous Hat 
5905	Lyrica Hat 
5906	Oni Horns
5907	Sea Captain Hat 
5909	C Valkyrie Circlet
5918	Gambler Seal
5921	Fish Monsters Grill
5932	Heaven Cage
5933	Crow Tengu Mask
5934	Happy Balloon J
5941	Joystick Hat
5942	Lovegame Hat
5966	KarduiEar
5967	FlyingGalapago
5968	DVAngelNurseCap
5969	QueenAnzRevenge
5970	RuneHelm
6000	Dark Ashes
6001	Essence Of Fire
6002	Token Of Apostle
6003	Soul Pendant
6004	Bapho Doll
6005	New Year Rice Cake
6006	Rice Cake Delivery Box
6007	New Year Rice Cake Soup
6008	Wood
6009	Large Magical Fan
6010	Pickaxe
6011	Blue Card B
6012	Blue Card C
6013	Blue Card J
6015	Blue Card M
6016	Blue Card Q
6017	Blue Card T
6018	Blue Card V
6019	Blue Card Z
6020	Fur
6021	Peaked Hat
6022	Hard Skin
6023	Mystic Horn
6024	17Carat Dia
6025	Towel Of Memory
6026	Marriage Covenant
6027	Crystal Of Feardoom
6028	Seal Scroll
6029	Morocc Tracing Log
6030	Glitering PaperA
6031	Glitering PaperB
6032	Horn Of Hilsrion
6033	Horn Of Tendrilion
6034	Weird Part
6035	Decaying Stem
6036	Invite To Meeting
6037	Rough File
6038	Neat Report
6039	Piece Of Fish
6040	Some Of Report
6041	Strong Bine
6042	Ordinary Branch
6043	Letter From Lugen
6044	Letter From Otto
6045	Supply Box
6046	Clothing Dye Coupon
6047	Clothing Dye Coupon2
6048	Unidentified Mineral
6049	Marlin
6050	Mercenary Contract
6051	Gray Hollow
6052	Ornamental Hairpin
6053	Yuanbao
6054	Blue Card 6
6055	Blue Card Annyver
6056	Blue Card Sary
6057	Blue Card E
6058	Blue Card Ven
6059	Blue Card Nt
6060	Moon Admin Ticket
6061	Plantain
6062	Moon Cake15
6063	Moon Cake16
6064	Moon Cake17
6065	Moon Cake18
6066	Moon Cake19
6067	Moon Cake20
6068	Rabbit Skin
6069	ABUNDANCE
6070	Shamans Old Paper
6071	Broken Sword
6072	Wing Of Bizofnil
6073	Dragons Mane
6074	Bazetts Order
6075	Crystalized Teardrop
6076	Portable Toolbox
6077	Rough Mineral
6078	Stone Fragments
6079	Flower Of Alfheim
6080	Manuk Coin
6081	Splendide Coin
6082	Spirit Of Alfheim
6083	Dolly Capsule
6084	Bradium Fragments
6085	Shaggy Muffler
6086	Withered Flower
6087	Crystal Of Soul 01
6088	Crystal Of Soul 02
6089	Piece Of Darkness
6090	Purified Bradium
6091	Dark Red Scale
6092	Singing Crystal Piece
6093	Egg Of Draco
6094	Traditional Cookie
6095	Flavored Alcohol
6096	Fish With Blue Back
6097	Pumpkin Pie 
6098	Small Snow Flower
6099	Grilled Rice Cake
6100	Damp Darkness
6101	Attendance Card
6102	Report On Splendide
6103	Report On Manuk
6104	Big Cell
6105	Morning Dew
6106	Well Ripened Berry
6107	Sunset On The Rock
6108	Apple Pudding
6109	Plant Neutrient
6110	Vital Flower
6111	Mystic Stone
6112	Fresh Plant
6113	Vital Flower 
6114	Flame Gemstone
6115	Bun 
6116	Succu Pet Coupon
6117	Imp Pet Coupon
6118	Chung E Pet Coupon
6119	Natural Leather
6120	Face Paint
6121	Makeover Brush
6122	Paint Brush
6123	Surface Paint
6124	Wolfs Flute
6125	Lucky Box
6126	Happy Box
6127	Purification Stone
6128	Guillotine Antidote
6129	Ticket Nightmare
6130	Ticket Loli Ruri
6131	Ticket Goblin Leader
6132	Ticket Incubus
6133	Ticket Miyabi Ningyo
6134	Ticket Whisper
6135	Ticket Wicked Nymph
6136	Ticket Medusa
6137	Ticket Stoneshooter
6138	Ticket Marionette
6139	Ticket Leafcat
6140	Ticket Dullahan
6141	Ticket Shinobi
6142	Ticket Golem
6143	Ticket Civil Servant
6144	Heartbroken Tears
6145	Vulcan Bullet
6146	Magic Gear Fuel
6147	Liquid Condensed Bullet
6148	Chocolate Of Eternity
6149	Plain Chocolate
6150	Key Of The Mansion
6151	Peice Of Great Bradium
6152	Glittering Crystal
6153	Special Exchange Coupon
6154	Broken Horn Pipe
6155	Coke Membership Card
6156	Approval Report
6157	Poring Ticket
6158	Drops Ticket
6159	Poporing Ticket
6160	Lunatic Ticket
6161	Picky Ticket
6162	Pecopeco Ticket
6163	Savage Baby Ticket
6164	Spore Ticket
6165	Poison Spore Ticket
6166	Chonchon Ticket
6167	Steel Chonchon Ticket
6168	Petit Ticket
6169	Deviruchi Ticket
6170	Isis Ticket
6171	Smokie Ticket
6172	Dokebi Ticket
6173	Desert Wolf B Ticket
6174	Yoyo Ticket
6175	Sohee Ticket
6176	Rocker Ticket
6177	Hunter Fly Ticket
6178	Orc Warrior Ticket
6179	Bapho Jr Ticket
6180	Munak Ticket
6181	Bongun Ticket
6182	Goblin Ticket
6183	Hardtack Ticket
6184	Zherlthsh Ticket
6185	Alice Ticket
6186	Monkey Wrench
6187	Blank Card
6188	Slot Coupon
6189	Magic Book FB
6190	Magic Book CB
6191	Magic Book LB
6192	Magic Book SG
6193	Magic Book LOV
6194	Magic Book MS
6195	Magic Book CM
6196	Magic Book TV
6197	Magic Book TS
6198	Magic Book JT
6199	Magic Book WB
6200	Magic Book HD
6201	Magic Book ES
6202	Magic Book ES 
6203	Magic Book CL
6204	Magic Book CR
6205	Magic Book DL
6206	I Love You
6207	Thank You
6208	I Respect You
6209	Glory Of Knights
6210	Seed Of Horny Plant
6211	Bloodsuck Plant Seed
6212	Bomb Mushroom Spore
6213	Explosive Powder
6214	Smoke Powder
6215	Tear Gas
6216	Oil Bottle
6217	Mandragora Flowerpot
6218	Disin Delivery Box
6219	Para Team Mark
6220	Mysterious Dyestuff
6221	Mystic Leaf Cat Ball
6222	Shining Beads
6223	Carnium
6224	Bradium
6225	HD Carnium
6226	HD Bradium
6228	Guarantee Weapon 9Up
6229	Guarantee Weapon 8Up
6230	Guarantee Weapon 7Up
6231	Guarantee Weapon 6Up
6232	Guarantee Armor 9Up
6233	Guarantee Armor 8Up
6234	Guarantee Armor 7Up
6235	Guarantee Armor 6Up
6236	Blue Card 7
6237	Guarana Fruit
6238	Guarantee Weapon 11Up
6239	Guarantee Armor 11Up
6240	HD Oridecon
6241	HD Elunium
6242	Midgard Coin
6243	Exchange Coupon
6244	Gun Powder
6245	Black Powder
6246	Yellow Powder
6247	White Powder
6248	Melange Pot
6249	Savage Meat
6250	Cooking Skewer
6251	Black Charcoal
6252	Wolf Blood
6253	Cold Ice
6254	Beef Head Meat
6255	Large Cookpot
6256	Ice Fragment
6257	Ice Crystal
6258	Comodo Tropic Fruit
6259	Drocera Tentacle
6260	Petti Tail
6261	Fine Noodle
6262	Cool Gravy
6263	Coconut Fruit
6264	Melon
6265	Pineapple
6266	Cheat Key
6267	Virtual Key
6268	Mirth Key
6269	Master Brush
6270	Mins Picture
6271	Mins Receipt
6272	Experiment Seed
6273	Altered Seed
6274	Saint Cloth Piece
6275	King Shield
6276	Clear Reagent
6277	Red Reagent
6278	Black Reagent
6279	Apple Bomb CB
6280	Pinepple Bomb CB
6281	Coconut Bomb CB
6282	Melon Bomb CB
6283	Banana Bomb CB
6284	Plant Genetic Grow
6285	Quality Potion Book
6286	F Max Weight Up Scroll
6287	F Clothing Dye Coupon
6288	F Happy Box
6289	F Mysterious Dyestuff
6290	F New Style Coupon
6291	F Enriched Elunium
6292	F Enriched Oridecon
6293	F Token Of Siegfried
6294	F Marriage Covenant
6295	F Clothing Dye Coupon2
6296	RF Taining Notice
6297	Bottle To Throw
6298	Pumpkin Head Crushed
6299	Worn Cloth Piece
6300	J 7Draw
6301	J Semi Draw
6302	GM Handwriting
6303	Changed Hydra Ball
6304	Sapa Feat Cert
6305	Frozen Skin Piece
6306	Solid Bloodstain
6307	Suspicious Magic Stone
6308	Unidentified Relic
6309	E Max Weight Up Scroll
6310	E Cloth Dye Coupon
6311	E Happy Box
6312	E Mysterious Dyestuff
6313	E New Style Coupon
6314	E Enriched Elunium
6315	E Enriched Oridecon
6316	E Token Of Siegfried
6317	E Marriage Covenant
6318	E Cloth Dye Coupon2
6319	Small Bradium
6320	Premium Reset Stone
6321	Rakehorn Helm
6322	Antler Helm
6323	Twinhorn Helm
6324	Singlehorn Helm
6325	White Spider Limb
6326	Queen Wing Piece
6327	Lmtd HD Bradium
6328	Calender January
6329	Calender February
6330	Calender March
6331	Calender April
6332	Calender May
6333	Calender June
6334	Calender July
6335	Calender August
6336	Calender September
6337	Calender October
6338	Calender November
6339	Calender December
6340	Fade Notation Green
6341	Fade Notation Red
6342	Fade Notation Purple
6343	Fade Notation Blue
6344	Muscle Story
6345	Love Ball
6346	Seagate Mark
6347	Bless Word Paper1
6348	Bless Word Paper2
6349	Bless Word Paper3
6350	Bless Word Paper4
6351	Bless Word Paper5
6352	Bless Word Paper6
6353	Bless Word Paper7
6354	Bless Word Paper8
6355	Bless Word Paper9
6356	Bless Word Paper10
6357	Fortune Cookie Fail
6358	Free Cash Coupon
6359	Guidebook Exchange
6360	Scarlet Pts
6361	Indigo Pts
6362	Yellow Wish Pts
6363	Lime Green Pts
6369	Amatsu Bead A
6370	Amatsu Bead Ma
6371	Amatsu Bead Tsu
6372	Amatsu Bead Jam
6373	Amatsu Bead Bo
6374	Amatsu Bead Ree
6375	Amatsu Bead 
6376	KVM Badge
6377	Buy Market Permit
6378	Winning Mark
6379	Card Coin
6380	Mora Coin
6381	Field Shovel
6382	Urn
6383	Clue Of Lope
6384	Ring Of Lope
6385	Research Tool Bag
6386	Bathtub R Sample
6387	Teeth Sample
6388	Scale Sample
6389	Puddle R Sample
6390	Small Pocket
6391	Splendid Supply Kit
6392	Bradium Box
6393	Round Feather
6394	Golden Feather
6395	Angel Magic Power
6396	Auger Of Spirit
6397	PR Team Ticket
6398	Develop Team Ticket
6399	Marketing Team Ticket
6400	Operating Team Ticket
6401	Palm O
6402	Oil Palm F
6403	Comodo L
6404	Caress H
6405	Cendrawasih F
6406	Cendrawasih SF
6407	Sang Stone Fragment
6408	Sang Stone
6409	Sang Stone Mass
6410	Idul Fitri Card
6411	Ripe Watermelon
6412	Special Medal
6413	New Insurance
6414	Raganta Card
6415	Strange Embryo
6416	Pet Exchange
6417	Silvervine
6418	Agrade Coin
6419	Bgrade Coin
6420	Cgrade Coin
6421	Dgrade Coin
6422	Egrade Coin
6423	Anger Seagod
6424	Halloween Fragment
6425	Halloween Certificate
6426	Bad Can
6427	Bad Can Sack
6428	Bravery Card A
6429	Bravery Card B
6430	Picture Piece
6431	Bucket
6432	Full Bucket
6433	Clean Brush
6434	Fix Kit
6435	Fresh Fruit
6436	Ptotection Seagod
6437	Scaraba Perfume
6438	Unbreakable Weap
6439	Unbreakable Def
6440	General Lubricant
6441	High RankLubricant
6442	Octopus Hunt Stick
6443	Sillit Pong Bottle
6444	Emperium G
6445	Blue Card X
6446	Green Paper
6447	Red Paper
6448	White Paper
6449	Casual Diary
6450	Honest Diary
6451	Unknown Fish
6452	Etoile Ring
6453	Undelivered Gift
6454	Santa Bag
6455	Tiny Ticket
6456	Guarantee Weapon 5Up
6457	Guarantee Armor 5Up
6459	Jae Sinho Unpo
6460	Jae Sinho Undo
6461	Mimong Sungjin
6462	Gilsang Yeoui
6463	Sin Sun Jeonsul
6464	Hate Bundle
6465	Guard Coin
6466	Clean Water
6467	Perfume
6468	Thai Perfume
6469	Will Of Warrior
6470	Blood Thirst
6471	Goast Chill
6472	Holy Mom Blaze
6473	Amatsu Orb01
6474	Amatsu Orb02
6475	Amatsu Orb03
6476	Amatsu Orb04
6477	Amatsu Orb05
6478	Amatsu Orb06
6479	Amatsu Orb07
6480	Event coin
6481	Holy Rock Piece
6482	Ancient City Key
6483	Dream Scroll
6484	Enchant Book
6485	BlueCard 2
6486	BlueCard 0
6487	BlueCard 1
6488	Thanks Invest Ticket
6489	Cats Invest Certif
6490	Magic Clay Fragment
6491	Magic Clay
6492	Magic Clay Lump
6493	Makibishi
6494	Kafra Coin2
6495	Para Logro Badge
6496	Tikbalang Thick Spine
6497	Lesser Agimat
6498	Jejellopy
6499	Ancient Grudge
6500	Sharp Bamboo
6501	Salt Bag
6502	Silver Cross
6503	Soul Protection
6504	Cast Iron Caldron
6505	Purified Bone
6506	Offering Bouquet
6507	Evil Bone
6508	Silver Bracelet
6509	Mysterious Flower
6510	Elegant Flower
6511	Beautiful Flower
6512	Charm Fire
6513	Charm Ice
6514	Charm Wind
6515	Charm Earth
6516	Bakonawa Doll
6517	Bangungot Doll
6518	Buwaya Doll
6519	Collected Sample
6520	Lost Belongings
6521	Royal Certificate
6522	Royal Certificate 
6523	Bakonawa Spirit Piece
6524	Bangungot Spirit Piece
6525	Buwaya Spirit Piece
6526	BlueCard Happy
6527	BlueCard Enjoy
6528	BlueCard Light
6529	BlueCard Mid
6530	BlueCard Fall
6531	Royal Certificate  
6532	Honey Songpyun
6533	Torn Document
6534	Fruit Sundae
6535	Red Cloth
6536	Star Decor
6537	Sky Medal
6538	Real Blank Card
6539	Old Left Lapine
6540	Golden Leaf
6541	Avant Research Data
6542	Star Shape Mushroom
6543	Lv110 Achieved Coin
6544	Lv120 Achieved Coin
6545	Firm Hair
6546	Younger Bro Letter
6547	Stained Research Book
6548	Piece Of Lapine Wing
6549	Courtesy Ticket
6550	Brownie Ticket
6551	RWC Spirit Auger
6552	Mail Package
6553	Leaf Made Wood
6554	Seed Box
6555	Birthday Candle
6556	Nespresso Ticket
6557	Fancy Fairy Wing
6558	Pile Of Acorn
6559	Eye Drops
6560	Leaf Bookmark
6561	Dustball
6562	Tiny Mouse Tail
6563	Weeds
6564	Captive Hatchling
6565	Racy Spice
6566	Cacao99 Recipe
6567	Choco Drink Recipe
6581	Holy Amulet
6583	3rd Test Pass
6584	Guarantee Weapon 12Up
6585	Guarantee Armor 12Up
6586	Captured Book
6592	Small Wooden Chest
6593	Cryptura Hair Coupon
6594	Magic Bronze Bullion
6595	Hammer Of Velund
6596	Anvil Of Velund
6597	Bracelet Of Velund
6598	Rib Of Jormungand
6599	Spirit Of Hugin
6600	Spirit Of Munin
6601	Chisel Of Giant
6602	Secret Of Rune
6603	Skin Of Hraesvelg
6604	Essence Of Rune
6605	Muspellium
6606	P Cart C
6607	Temporal Crystal
6608	Coagulated Spell
6609	Glast Decayed Nail
6610	Glast Horrendous Mouth
6612	Gold Coin Basket
6613	Colorful Brooch
6615	Siege Guild Coin
6616	Lmtd Manny Card
6617	Lmtd Sid Card
6618	Lmtd Diego Card
6619	Lmtd Scrat Card
6623	Rough Energy Crystal
6624	Purified Energy Crystal
6625	High Purity Energy Xtal
6635	Blacksmith Blessing
6646	Poring Badge
6649	Broken Horn
6654	Needle And Thread
6655	Firm Pumpkin
6656	Goast Free Charm
6657	Memory Of Jack
6658	Halloween Coin
6665	RWC Inicializer
6669	Emerald Leaf
6670	Log 
6671	Geffen Magic Coin
6672	Gray Shard
6673	Bossnia Pass
6674	Daily Coin
6681	XMAS Cookie
6682	Bag Of Selling Goods
6685	MoroccMerit
6686	Brick
6687	LongRopes
6688	Wood 
6698	Hatchet
6707	Cash Hair Coupon
6712	Lovely Stick
6746	Steel Article
6747	Steel Article 
6755	Corrupted Charm
6762	Banana Can
6763	Spicy Rice Cake
6764	Hot Dog
6765	Ferris Wheel Biscuit
6804	ORGANIC PUMPKIN
6805	INORGANIC PUMPKIN
6821	Solo Troops Badge
6913	Sacred Rosary
6914	Black Soul
6915	Captured Soul
6959	Costume Change Ticket
7001	Mould Powder
7002	Ogre Tooth
7003	Anolian Skin
7004	Mud Lump
7005	Skull
7006	Wing Of Red Bat
7007	Claw Of Rat
7008	Stiff Horn
7009	Glitter Shell
7010	Tail Of Steel Scorpion
7011	Claw Of Monkey
7012	Tough Scalelike Stem
7013	Coral Reef
7014	Old Portrait
7015	Bookclip In Memory
7016	Spoon Stub
7017	Executioners Mitten
7018	Young Twig
7019	Lokis Whispers
7020	Mothers Nightmare
7021	Foolishness Of Blind
7022	Old Hilt
7023	Blade Lost In Darkness
7024	Bloody Edge
7025	Lucifers Lament
7026	Key Of Clock Tower
7027	Underground Key
7028	Invite For Duel
7029	Admission For Duel
7030	Claw Of Desert Wolf
7031	Old Frying Pan
7032	Piece Of Egg Shell
7033	Poison Spore
7034	Red Socks With Holes
7035	Matchstick
7036	Fang Of Garm
7037	Trade Coupon
7038	Yarn
7039	Novice Nametag
7040	Megaphone
7041	Fine Grit
7042	Leather Bag Of Infinity
7043	Fine Sand
7044	Vigorgra
7045	Magic Paint
7046	Cart Parts
7047	Alices Apron
7048	Talon Of Griffin
7049	Stone
7050	Cotton Mat
7051	Silk Mat
7052	Old Magazine
7053	Cyfar
7054	Brigan
7055	Animal Pooopoo
7056	Payroll Of Kafra
7057	Gallar Horn
7058	Gullraifnir
7059	Cargo Free Ticket
7060	Warp Free Ticket
7061	Cart Free Ticket
7062	Turtle Shell 
7063	Soft Feather
7064	Dragon Fly Wing
7065	Sea Otter Leather
7066	Ice Piece
7067	Stone Piece
7068	Burn Tree
7069	Broken Armor Piece
7070	Broken Shell
7071	Tatters Clothes
7072	Rust Suriken
7073	Jewel Of Prayer
7074	Iron Glove
7075	Iron Maiden
7076	Mystery Wheel
7077	Silver Fancy
7078	Anger Of Valkurye
7079	Feather Of Angel
7080	Foot Step Of Cat
7081	Beard Of Women
7082	Root Of Stone
7083	Soul Of Fish
7084	Saliva Of Bird
7085	Tendon Of Bear
7086	Symbol Of Sun
7087	Breath Of Soul
7088	Crystal Of Snow
7089	Indication Of Tempest
7090	Slilince Wave
7091	Rough Billows
7092	Air Stream
7093	Wheel
7094	Mystery Piece
7095	Broken Steel Piece
7096	Cold Magma
7097	Burning Heart
7098	Live Coal
7099	Old Magic Circle
7100	Sharp Leaf
7101	Peco Wing Feather
7102	Hideous Dream
7103	Unknown Liquid Bottle
7104	Fake Angel Wing
7105	Fake Angel Loop
7106	Goats Horn
7107	Gaoats Skin
7108	Boroken Shiled Piece
7109	Shine Spear Blade
7110	Vroken Sword
7111	Smooth Paper
7112	Fright Paper Blade
7113	Broken Pharaoh Symbol
7114	Tutankhamens Mask
7115	Harpys Feather
7116	Harpys Claw
7117	Rent Spell Book
7118	Rent Scroll
7119	Spawns
7120	Burning Horse Shoe
7121	Honey Jar
7122	Hot Hair
7123	Dragons Skin
7124	Sand Lump
7125	Scropions Nipper
7126	Large Jellopy
7127	Alcol Create Book
7128	FireBottle Create Book
7129	Acid Create Book
7130	Plant Create Book
7131	Mine Create Book
7132	Coating Create Book
7133	Slim Potion Create Book
7134	Medicine Bowl
7135	Fire Bottle
7136	Acid Bottle
7137	MenEater Plant Bottle
7138	Mini Bottle
7139	Coating Bottle
7140	Seed Of Life
7141	Yggdrasilberry Dew
7142	Germination Breed
7143	Life Force Pot
7144	Normal Potion Book
7145	Rag T Shirts
7146	Vacance Ticket
7147	Jasmin
7148	Mother Letter
7149	Yellow Plate
7150	Bamboo Cut
7151	Oil Paper
7152	Glossy Hair
7153	Old Japaness Clothes
7154	Poison Powder
7155	Poison Toads Skin
7156	Broken Shuriken
7157	Black Mask
7158	Broken Wine Vessel
7159	Tengus Nose
7160	Lords Passable Ticket
7161	Black Bears Skin
7162	Cloud Piece
7163	Sharp Feeler
7164	Hard Peach
7165	Limpid Celestial Robe
7166	Soft Silk Cloth
7167	Mystery Iron Bit
7168	Great Wing
7169	Taegeuk Plate
7170	Tuxedo
7171	Leopard Skin
7172	Leopard Talon
7173	BurnBuster Bag
7174	Packing Ribbon
7175	Packing Paper
7176	XMAS Coupon
7177	Part Of Stars Sob
7178	Stars Sob
7179	Donation Card
7180	Introduction Of Mr Han
7181	Receipt 01
7182	Cacao
7183	Sister Letter
7184	Piano Keyboard
7185	Quiz Ticket
7186	Thin Stem
7187	Festival Mask
7188	Browny Root
7189	Heart Of Tree
7190	Solid Peeling
7191	Lamplight
7192	Blade Of Pinwheel
7193	Germinating Sprout
7194	Soft Leaf
7195	Air Rifle
7196	Shoulder Protection
7197	Tough Vines
7198	Great Leaf
7199	Coupon
7200	Flexible String
7201	Log
7202	Beetle Nipper
7203	Solid Twig
7204	Gunpowder
7205	Piece Of Black Cloth
7206	Black Kitty Doll
7207	Old Manteau
7208	Rusty Cleaver
7209	Dullahans Helm
7210	Dullahan Armor
7211	Rojerta Piece
7212	Hanging Doll
7213	Needle Pouch
7214	Bat Cage
7215	Broken Needle
7216	Red Scarf
7217	Spool
7218	Rotten Rope
7219	Striped Socks
7220	Ectoplasm
7221	Tangled Chain
7222	Tree Knot
7223	Distorted Portrait
7224	Stone Of Intelligence
7225	Pumpkin Bucket
7226	Pill
7227	TCG Card
7228	Gold Bullion
7229	Silver Bullion
7230	White Gold Bullion
7231	Gold Ore
7232	Silver Ore
7233	Mithril Ore
7234	Soul Of Guild
7235	Soul Of Courage
7236	Soul Of Guard
7237	Soul Of Partnership
7238	Soul Of Correspondence
7239	Soul Of Proceeding
7240	Soul Of Confidence
7241	Soul Of Agreement
7242	Soul Of Harmony
7243	Soul Of Cooperate
7244	Soul Of Unity
7245	Soul Of Friendship
7246	Soul Of Peace
7247	Soul Of Spirit
7248	Soul Of Honor
7249	Soul Of Service
7250	Soul Of Glory
7251	Soul Of Victory
7252	Herb Medicine
7253	Taeguk Flag
7254	Digital Print Ticket
7255	China Marble01
7256	China Marble02
7257	China Marble03
7258	China Marble04
7259	China Marble05
7260	China Marble06
7261	China Marble07
7262	Fan
7263	Cat Eyed Stone
7264	Dried Sand
7265	Dragon Horn
7266	Dragon Fang
7267	Tiger Skin Panties
7268	Little Blacky Ghost
7269	Bib
7270	Milk Bottle
7271	Figure
7272	Meat Dumpling Doll
7273	Golden Necklace
7274	Ancient Translator
7275	Ancient Document
7276	Picture Letter
7277	Munak Doll
7278	Wellbeing Letter
7279	Vita500 Lid
7280	Quiz Ticket01
7281	Quiz Ticket02
7282	Quiz Ticket03
7283	Quiz Ticket04
7284	Quiz Ticket05
7285	Thread Skein
7286	Chilli
7287	Thread Skein 
7288	Thai Ring
7289	Olivine
7290	Phlogopite
7291	Agate
7292	Muscovite
7293	Rose Quartz
7294	Turquoise
7295	Citrine
7296	Pyroxene
7297	Biotite
7298	Leaf Clothes
7299	Bamboo Basket
7300	Gemstone
7301	Sword Accessory
7302	KRATHONG
7303	Bag Of Rice
7304	Witchs Spell Book
7305	Authority Of Nine World
7306	Fragment Of Soul
7307	Whisper Of Soul
7308	Witchs Potion
7309	Wing Of Crow
7310	Free Peco Ticket
7311	Free Flying Ship Ticket
7312	Jubilee
7313	Seal Of Witch
7314	The Sign
7315	Dark Crystal Fragment
7316	Long Limb
7317	Screw
7318	Old Pick
7319	Old Steel Plate
7320	Air Pollutant
7321	Fragment Of Crystal
7322	Poisonous Gas
7323	Battered Kettle
7325	Tube
7326	Fluorescent Liquid
7327	Headlamp
7328	Legendary Scroll
7329	Old Copper Key
7330	2anny
7331	Flower Of Heaven
7332	Slate
7333	Piece Of Slate 1
7334	Piece Of Slate 2
7335	Piece Of Slate 3
7336	Piece Of Slate 4
7337	Eye Of Hellion
7338	RO Transportation Card
7339	RO Transportation Card 
7340	Will Of Darkness
7341	Worn Out Pendant
7342	File01
7343	File02
7344	File03
7345	Armlet Of Prisoner
7346	Pile Of Ymir Heart
7347	Lab Staff Record
7348	Indication Of Member01
7349	Indication Of Member02
7350	Pass
7351	Friends Diary
7352	Transparent Plate01
7353	Transparent Plate02
7354	Transparent Plate03
7355	Transparent Plate04
7356	Piece Of Crest1
7357	Piece Of Crest2
7358	Piece Of Crest3
7359	Piece Of Crest4
7360	RO Festival Ticket
7361	Lotto01
7362	Lotto02
7363	Lotto03
7364	Lotto04
7365	Lotto05
7366	Lotto06
7367	Lotto07
7368	Lotto08
7369	Lotto09
7370	Lotto10
7371	Lotto11
7372	Lotto12
7373	Lotto13
7374	Lotto14
7375	Lotto15
7376	Lotto16
7377	Lotto17
7378	Lotto18
7379	Lotto19
7380	Lotto20
7381	Lotto21
7382	Lotto22
7383	Lotto23
7384	Lotto24
7385	Lotto25
7386	Lotto26
7387	Lotto27
7388	Lotto28
7389	Lotto29
7390	Lotto30
7391	Lotto31
7392	Lotto32
7393	Lotto33
7394	Lotto34
7395	Lotto35
7396	Lotto36
7397	Lotto37
7398	Lotto38
7399	Word Card01
7400	Word Card02
7401	Word Card03
7402	Word Card04
7403	Word Card05
7404	Word Card06
7405	Crushed Can
7406	Moon Cake1
7407	Moon Cake2
7408	Moon Cake3
7409	Moon Cake4
7410	Moon Cake5
7411	Moon Cake6
7412	Moon Cake7
7413	Moon Cake8
7414	Moon Cake9
7415	Stone Of Summons
7416	Letter Of Recommend
7417	Mission ScrollA
7418	Mission ScrollB
7419	Embryo HandBook
7420	Skull 
7421	Key Red
7422	Key Yellow
7423	Key Blue
7424	Key Green
7425	Key Black
7426	Magic Gem Red
7427	Magic Gem Yellow
7428	Magic Gem Blue
7429	Magic Gem Green
7430	Magic Gem Black
7431	Several Books
7432	Leather Pouch
7433	Scroll
7434	Elemental Potion Book
7435	Golden Bracelet
7436	Piece Of Memory Green
7437	Piece Of Memory Purple
7438	Piece Of Memory Blue
7439	Piece Of Memory Red
7440	Red Feather
7441	Blue Feather
7442	Cursed Seal
7443	Tri Headed Dragon Head
7444	Treasure Box
7445	Dragonball Green
7446	Dragonball Blue
7447	Dragonball Red
7448	Dragonball Yellow
7449	Bloody Page
7450	Piece Of Bone Armor
7451	Scale Of Red Dragon
7452	Yellow Spice
7453	Sweet Sauce
7454	Plain Sauce
7455	Hot Sauce
7456	Red Spice
7457	Cooking Oil
7458	Baphomets Horn
7459	RAMADAN 
7460	Niflheim Ticket
7461	BlueCard A
7462	BlueCard E
7463	BlueCard F
7464	BlueCard H
7465	BlueCard L
7466	BlueCard N
7467	BlueCard O
7468	BlueCard P
7469	BlueCard U
7470	BlueCard W
7471	BlueCard Y
7472	Cookbook01
7473	Cookbook02
7474	Cookbook03
7475	Cookbook04
7476	Cookbook05
7477	Cookbook06
7478	Cookbook07
7479	Cookbook08
7480	Cookbook09
7481	Cookbook10
7482	Pot
7483	Key Of Seal
7484	Warrior Symbol
7485	2nd Floor Pass
7486	3rd Floor Pass
7487	Tavern Wine
7488	Delivery Box
7489	Villa Spare Key
7490	Kyll Hire Letter
7491	Iron Box
7492	Yellow Key Card
7493	Golden Key
7494	Kiel Button
7495	Blue Key Card
7496	Red Key Card
7497	Steel Piece
7498	Rosimier Key
7499	Family Portrait
7500	Elysia Portrait
7501	Kyll Hire Letter2
7502	Piece Memo Of James
7503	Man Portrait
7504	Toy Motor
7505	Toy Key
7506	Black Key Card
7507	Sturdy Iron Piece
7508	Elysia Ring
7509	Fancy Key Card
7510	Valhalla Flower
7511	Rune Of Darkness
7512	Burnt Parts
7513	Pocket Watch
7514	Monster Ticket
7515	Marvelous Medal
7516	Green Key Card
7517	Gold Coin 
7518	Womens Medal
7519	Money Envelope
7520	Chinese Scroll
7521	Flame Stone
7522	Ice Stone
7523	Wind Stone
7524	Shadow Orb
7525	Summer Feast Ticket
7526	Manuscript Paper
7527	Life Book
7528	Id Lottery Ticket
7529	Stolen Sandals
7530	Travel Brochure 01
7531	Travel Brochure 02
7532	Travel Brochure 03
7533	Travel Brochure 04
7534	Photo Album 01
7535	Photo Album 02
7536	Photo Album 03
7537	Photo Album 04
7538	Sifted Sand
7539	Poring Coin
7540	Lotto39
7541	Lotto40
7542	Lotto41
7543	Lotto42
7544	Lotto43
7545	Lotto44
7546	Lotto45
7547	Soccer Ball
7548	Soccer Shoes
7549	Brazilian Flag
7550	Ticket01
7551	Ticket02
7552	Ticket03
7553	Lotus Flower
7554	Striped Candle
7555	Green Incense
7556	Longing Heart
7557	Invitation Letter
7558	Invitation Ticket
7559	Key Of Flower Garden
7560	Longing Heart2
7561	Ice Heart
7562	Ice Scale
7563	Bloody Rune
7564	Rotten Meat
7565	Sticky Poison
7566	Will Of Darkness 
7567	Suspicious Hat
7568	White Mask
7569	Hammer Of Wind
7570	Temple Lottery Ticket
7571	Diary Of Blue
7572	Magic Necklace
7573	Magic Necklace 
7574	Ice Particle
7575	Red Jewel 
7576	Blue Jewel 
7577	Golden Jewel 
7578	Anti Spell Bead
7579	Silk Handkerchief
7580	Black Bead
7581	Anniversary Ticket
7582	Gem Of Ruin
7583	Evil Mind
7584	Proof Of Guard1
7585	Proof Of Guard2
7586	Proof Of Guard3
7587	Proof Of Guard4
7588	IPOD Ticker
7589	Moon Cake10
7590	Moon Cake11
7591	Moon Cake12
7592	Moon Cake13
7593	Moon Cake14
7594	Sonias Letter
7595	Unique Sword
7596	Unique Shield
7597	Magic Stone
7598	BlueCard I
7599	BlueCard D
7600	BlueCard K
7601	BlueCard S
7602	BlueCard R
7603	RO Party Ticket
7604	Flour
7605	Chicken Egg
7606	Coin
7607	Evil Dragon Head
7608	Premium Ticket
7609	Pumpkin Mojo
7610	Food Ticket
7611	Fox Symbol
7612	Heart Of Fox Queen
7613	Small Rice Dough
7614	Special Packing Paper
7615	MVP Ticket
7616	Mini Boss Ticket
7617	Monster Ticket 
7618	Monster Crystal
7619	Enriched Elunium
7620	Enriched Oridecon
7621	Token Of Siegfried
7622	New Style Coupon
7623	Name Change Coupon
7624	Spring Stanza23
7625	Registration Ticket
7626	Bubble Gum Token
7627	Sage Key
7628	Idiot Key
7629	Pink Gift Box
7630	Clean Beach Brush
7631	Trash Debris
7632	To Afterworld Record
7633	To Heaven Record
7634	Rose Of Father
7635	Perfume Pouch
7636	Magic Potion Bottle
7637	Father Giftbox
7638	Tw Green Box
7639	Tw Red Box
7642	Bloody Coin
7646	RO Luk Bookmark
7647	Taiwan Luk Coin
7648	Snake Bookmark
7649	Big Luk Bookmark
7651	Mystery Egg
7663	Fullmetal Jacket Bullet
7664	Mine Projectile
7665	Dragon Tail Missile
7701	Dragon Spirit
7702	Special Cogwheel
7703	Piece Of Cogwheel
7704	Broken Thermometer
7705	Note Of Geologist
7706	Spoiled Carrot Juice
7707	Spoiled Banana Juice
7708	Spoiled Apple Juice
7709	Spoiled Grape Juice
7710	Black Gemstone
7711	Update Ticket
7712	Nokia5500
7713	BlueCard A 
7714	BlueCard R 
7715	Handmade Choco Recipe
7716	Strawberry Choco Recipe
7717	Choco Tart Recipe
7718	Cacao Bean
7719	BlueCard G
7720	Gold Coin US
7721	Treasure Box 
7722	Debt Note
7723	Diamond Of Ruin
7724	Forbidden Secret Art
7725	Unlucky Emerald
7726	Token Of King
7727	HP Doctor Ticket
7728	SP Doctor Ticket
7729	Rok Star Badge
7730	Mission Certificate1
7731	Mission Certificate2
7732	Mission Certificate3
7733	Mission Certificate4
7734	Mission Certificate5
7735	Mission Certificate6
7736	Mission Certificate7
7737	Mission Certificate8
7738	Mission Certificate9
7739	Mission Certificate10
7740	Mission Certificate11
7741	Mission Certificate12
7742	Kaong
7743	Gulaman
7744	Leche Flan
7745	Ube Jam
7746	Sago
7747	Langka
7748	Sweet Bean
7749	Sweet Banana
7750	Macapuno
7751	Old White Cloth
7752	Clattering Skull
7753	Broken Farming Utensil
7754	Broken Crown
7755	Research Note
7756	Sealed Book
7757	Mithril
7758	Star Crystal
7759	Geology Report
7760	Yaga Magic Book
7761	Magic Gourd Bottle
7762	Yaga Pestle
7763	Sticky Herb
7764	High Strength Adhesive
7765	Yaga Secret Medicine
7766	Bok Choy
7767	Chung E Cake
7768	Squid
7769	Egg Yolk
7770	Sweet Rice
7771	Lotus Leaf
7772	String
7773	War Badge
7774	Chung E Ticket
7775	Spring Rabbit Ticket
7776	Max Weight Up Scroll
7777	Gold Box
7778	Silver Box
7779	Gold Key TW
7780	Silver Key
7781	Heart Box
7782	Gold Key77
7783	Silver Key77
7784	Fawner Coupon1
7785	Fawner Coupon2
7786	Fawner Coupon3
7787	Fawner Coupon4
7788	Fawner Coupon5
7789	Fawner Coupon6
7790	Fawner Coupon7
7791	Fawner Coupon8
7792	Guyak
7793	Golden Apple
7794	Fate Of Crow
7795	Mami Photo Album
7796	Author Autograph
7797	Author Memo
7798	Dark Debris
7799	Dark Crystal
7800	Golden Apple 
7801	Girl Fan Letter
7802	Autograph Book
7803	Battle Manual TW
7805	Brown Ring
7806	Black Anvil
7807	Ore
7808	Gold Hammer
7809	Gold Furnace
7810	Yellow Cat Eyed Stone
7811	Gold Anvil
7812	Red Cat Eyed Stone
7813	Th Red Ring
7814	Green Ring
7815	Blue Ring
7816	Blue Cat Eyed Stone
7817	White Cat Eyed Stone
7818	RJC Golden Necklace
7819	Nokia5300
7820	Morroc Skin
7821	Green Apple
7822	Whole Barbecue
7823	Meat Veg Skewer
7824	Spirit Liquor
7825	Heroic Stone
7826	Continental Guard Paper
7827	Mineral Report
7828	BF Badge1
7829	BF Badge2
7830	Goddess Tear
7831	Valkyrie Token
7832	Brynhild Armor Piece
7833	Hero Remains
7834	Andvari Ring
7835	Dusk Glow
7836	Dawn Essence
7837	Cold Moonlight
7838	Hazy Starlight
7839	Crystal Key
7840	Valkyrie Gift
7841	Spotted Paper
7842	Torn Paper
7843	Old Paper
7844	Burnt Paper
7845	Copy Of Spotted Paper
7846	Copy Of Torn Paper
7847	Copy Of Old Paper
7848	Copy Of Burnt Paper
7849	Soul Crystal
7850	Wooden Block 
7851	Pass F1
7852	Pass F2
7853	Pass F3
7854	Pass CF
7855	Heart
7856	Girl Bunch Of Flower 
7857	Handmade Kitty Doll
7858	Dragonball Yellow 
7859	Game Ticket
7860	Peeps
7861	Jelly Bean
7862	Marshmallow
7863	GOLD ID4
7864	Love Flower
7865	Gold Pouch
7866	Certificate
7867	SesamePouch
7868	Water
7869	RicePouch
7870	Corn
7871	BeanPouch
7872	Grass
7873	MVP Monster Scroll
7874	Monster Scroll
7875	Pirate Box
7876	Gold Key
7877	Red Ring
7878	Lusalka Hair
7879	Golden Thread
7880	Babayaga Silver Spoon
7881	Book Of Magic
7882	Pointed Branch
7883	Pointed Wooden Flute
7884	Jade Plate
7885	Sacred Arrow
7886	Bean Paste
7887	Dried Fruit Box
7888	Bag Of Nuts
7889	Chicken Feed
7891	Mug
7892	Charcoal
7893	Sulfur
7894	Nitrate
7895	TRO Memory Book01
7896	TRO Memory Book02
7897	TRO Memory Book03
7898	VVS Balmung
7899	Spiritualist Dagger
7900	Jenoss Ring1
7901	Jenoss Ring2
7902	Jenoss Ring3
7903	Jenoss Ring4
7904	Piano Key
7905	Rok Star Badge 
7906	Poppy Wreath
7907	Bobbin Of Goddess
7908	Louis Hair Coupon
7909	Stolen Cookie
7910	Stolen Candy
7911	Yulia Hat
7912	Portable Snowman
7913	Test Certificate
7914	Ancient Document TW
7915	Copper Coin 
7916	Silver Coin 
7917	Magic Potion
7918	Particle Of Memory
7919	Festival Ticket
7920	Heros Arsenal
7921	Essence Of Dragon
7922	RWC Ticket
7923	KRATHONG 
7924	Gold Paper
7925	Silver Paper
7926	Incense
7927	Candle TW
7928	Brazilian Flag 
7929	Golden Coin 
7930	Cowkings Nose Ring
7931	Poison Kit
7932	Poison Herb Nerium
7933	Poison Herb Rantana
7934	Poison Herb Makulata
7935	Poison Herb Seratum
7936	Poison Herb Scopolia
7937	Poison Herb Amoena
7938	Light Granule
7939	Elder Branch
7940	Special Alloy Trap
7941	Halloween Ticket
7942	Letter From Chico
7943	Caskinya
7944	Box Of Seal
7945	Almighty Charm
7946	Valentine Gold Ring
7947	Valentine Silver Ring
7948	Box
7949	Woven Wool
7950	Ayothaya Ticket
7951	Gold Tulip
7952	Gift From Romiros
7953	Gift From Juliedge
7954	Festival Ticket 
7955	Lost Card1
7956	Lost Card2
7957	Lost Card3
7958	Lost Card4
7959	Ancient Gold Coin
7960	Ancient Silver Coin
7961	Weapon Exchange
7962	Treasure Map1
7963	Treasure Map2
7964	Treasure Map3
7965	Treasure Map4
7966	Weird Parchment1
7967	Weird Parchment2
7968	Weird Parchment3
7969	Weird Parchment4
7970	Unwritten Letter1
7971	Unwritten Letter2
7972	Oath Day Letter
7973	Immortality Egg
7974	Illusion Piece
7975	Cupid Choco
7976	Gf Magic Coin
7977	Hunting Medal Badge
7978	Spring Stanza1
7979	Spring Stanza2
7980	Spring Stanza3
7981	Spring Stanza4
7982	Spring Stanza5
7983	Spring Stanza6
7984	Spring Stanza7
7985	Spring Stanza8
7986	Spring Stanza9
7987	Spring Stanza10
7988	Spring Stanza11
7989	Spring Stanza12
7990	Spring Stanza13
7991	Spring Stanza14
7992	Spring Stanza15
7993	Spring Stanza16
7994	Spring Stanza17
7995	Spring Stanza18
7996	Spring Stanza19
7997	Spring Stanza20
7998	Spring Stanza21
7999	Spring Stanza22
9001	Poring Egg
9002	Drops Egg
9003	Poporing Egg
9004	Lunatic Egg
9005	Picky Egg
9006	Chonchon Egg
9007	Steel Chonchon Egg
9008	Hunter Fly Egg
9009	Savage Bebe Egg
9010	Baby Desert Wolf Egg
9011	Rocker Egg
9012	Spore Egg
9013	Poison Spore Egg
9014	PecoPeco Egg
9015	Smokie Egg
9016	Yoyo Egg
9017	Orc Warrior Egg
9018	Munak Egg
9019	Dokkaebi Egg
9020	Sohee Egg
9021	Isis Egg
9022	Green Petite Egg
9023	Deviruchi Egg
9024	Bapho Jr Egg
9025	Bongun Egg
9026	Zherlthsh Egg
9027	Alice Egg
9028	Rice Cake Egg
9029	Santa Goblin Egg
9030	Chung E Egg
9031	Spring Rabbit Egg
9032	Knife Goblin Egg
9033	Flail Goblin Egg
9034	Hammer Goblin Egg
9035	Red Deleter Egg
9036	Diabolic Egg
9037	Wanderer Egg
9038	New Year Doll Egg
9039	Bacsojin Egg
9040	Civil Servant Egg
9041	Leaf Cat Egg
9042	Loli Ruri Egg
9043	Marionette Egg
9044	Shinobi Egg
9045	Whisper Egg
9046	Goblin Leader Egg
9047	Wicked Nymph Egg
9048	Miyabi Ningyo Egg
9049	Dullahan Egg
9050	Medusa Egg
9051	Stone Shooter Egg
9052	Incubus Egg
9053	Golem Egg
9054	Nightmare Terror Egg
9055	Succubus Egg
9056	Imp Egg
9057	Egg Of Tiny
9058	Snow Rabbit Egg
9059	Tikbalang Pet
9060	Brownie Egg
9061	Marin Egg
9062	Novice Poring Egg
9063	Woodie Egg
9064	Elephant Egg
9065	Gorilla Egg
9066	Lion Egg
9067	Rhino Egg
9068	Blue Unicorn Egg
9069	Mastering Egg
9070	Savage Egg
9071	Grand Peco Peco Egg
9074	Rubylit Egg
9075	Sapphilit Egg
9076	Emelit Egg
9077	Topalit Egg
9078	Amelit Egg
9079	Mythlit Egg
9080	Tamadora Egg
9087	High Orc Egg
9088	Angeling Egg
9089	Am Mut Egg
9090	Little Isis Egg
9091	Choco Egg
9092	Eggring Egg
9093	Hyegun Egg
9094	Leaf Lunatic Egg
9095	Nine Tails Egg
9096	Cat o Nine Tails Egg
9097	Diabolic Egg 
9098	Earth Deleter Egg
9099	Teddy Bear Egg
9100	Gremlin Egg
9101	Scatelon Egg
9102	Mummy Egg
9103	Willow Egg
9104	Roween Egg
9105	Hodremlin Egg
9106	Metaller Egg
9107	Ancient Mummy Egg
9108	Abandoned Teddy Bear Egg
9109	Sweet Drops Egg
9111	Phreeoni Egg
9112	Moonlight Flower Egg
9113	Skelion Egg
9115	Bacsojin2 Egg 
9116	Rigid Nightmare Terror Egg
9117	Contaminated Wanderer Egg
9118	Aliot Egg
9119	Alicel Egg
9120	Aliza Egg
9121	Orc Hero Egg 
9122	Gloom Under Night Egg
9123	Child Admin Beta Egg
9124	Child Admin Alpha Egg
9514	Ein Ddbox
9523	Metal Rifine Ticket
9529	Ein Ddbox2
9550	Gemstone Of Time
9551	Time Unseal Key
9585	Small Spray Of Flowers
10001	Skull Helm
10002	Monster Oxygen Mask
10003	Transparent Headgear
10004	Pacifier
10005	Wig
10006	Queens Hair Ornament
10007	Silk Ribbon
10008	Punisher
10009	Wild Flower
10010	Battered Pot
10011	Stellar Hairpin
10012	Tiny Egg Shell
10013	Backpack
10014	Rocker Glasses
10015	Green Lace
10016	Golden Bell
10017	Bark Shorts
10018	Monkey Circlet
10019	Red Muffler
10020	Sword Of Grave Keeper
10021	Round Hair Ornament
10022	Golden Earing
10023	Green Lucky Bag
10024	Fashionable Glasses
10025	Star Hairband
10026	Wine On Sleeve
10027	Spirit Chain 
10028	Nice Badge
10029	Jade Trinket
10030	Summer Fan
10031	Death Coil
10032	Queens Coronet
10033	Apro Hair
10034	Ball Mask
10035	Windup Spring
10036	Hell Horn
10037	Black Butterfly Mask
10038	Horn Protector
10039	Tw Backpack
10040	Red Bell Necklace
10042	Dark Mane
10043	Little Headdress Beta
10044	Little Headdress Alpha
11000	Prontera Book 01
11001	Adventure Story01
11002	Great Chef Orleans01
11003	Legend Of Kafra01
11004	Mercenary Rebellion
11005	Tyrant Schmidt
11006	Blood Flower01
11007	Blood Flower02
11008	Barmund
11009	Adventure Story02
11010	Reward List Book
11011	Barmund Note
11012	Expedition Report
11013	Expedition Report Vol1
11014	Expedition Report Vol2
11015	Expedition Report Vol3
11016	Expedition Report Vol4
11017	Reward List Book2
11018	Splendide Selling Item
11019	Manuk Selling Item
11020	Japan Book1
11021	Japan Book2
11022	Mix Cook Book
11023	Increase Stamina Study
11024	Vital Drink CB
11025	Swordman Book Basic
11026	Swordman Book Practice
11027	Swrodman Book Misc
11028	Thief Book Basic
11029	Thief Book Practice
11030	Thief Book Misc
11031	Archer Book Basic
11032	Archer Book Practice
11033	Archer Book Misc
11034	Acol Book Basic
11035	Acol Book Practice
11036	Acol Book Misc
11037	Mage Book Basic
11038	Mage Book Practice
11039	Mage Book Misc
11040	Mer Book Basic
11041	Mer Book Practice
11042	Mer Book Misc
11043	TK Book Basic
11044	TK Book Practice
11045	TK Book Misc
11046	Ninja Book Basic
11047	Ninja Book Practice
11048	Ninja Book Misc
11049	Gun Book Basic
11050	Gun Book Practice
11051	Gun Book Misc
11052	SN Book Basic
11053	SN Book Practice
11054	SN Book Misc
11055	Basic Adventure
11056	Spiritualism Guide
11057	Feb Sweets
11058	Novice Combi Book
11059	WoE TE Rental List
11060	Energy Xtal Combi Book
11500	Light Yellow Pot
11501	Light White Pot
11502	Light Blue Pot
11503	Siege White Potion
11504	Siege Blue Potion
11505	Iris
11506	Fanta Orange
11507	Fanta Grape
11508	Karada Meguri Tea
11509	Royal Milk Tea
11510	Coke Zero
11511	Coke No Cal
11512	Coca Cola
11513	Protect Neck Candy
11514	Enriched Slim Pot
11515	Coconut
11516	Asai Fruit
11517	Puri Potion
11518	N Blue Potion
11519	Beef Toast
11520	Mora Mandarin
11521	Pingui Berry Juice
11522	Red Raffle Sap
11523	Yellow Raffle Sap
11524	White Raffle Sap
11525	Mora Hip Tea
11526	Rafflecino
11527	Baklava
11528	Kanafeh
11529	MAAMOUL 
11530	Jujube
11531	Coffee
11532	Nasi Goreng
11533	Satay
11534	Coco Juice
11535	Almond Chocolate
11536	Cat Hard Biscuit
11537	Rice weevil Bug
11538	Octupus Leg
11539	Athale Choco
11540	Shyai Choco
11541	Mid Choco
11542	Zonda Choco
11543	Goedo Choco
11544	Huike Choco
11545	Rune Choco
11546	Pope Choco
11547	Woe Violet Potion
11548	Woe White Potion
11549	Woe Blue Potion
11550	Pumpkin Cake
11551	Savory Herb Salad
11552	Apple Carrot Salad
11553	Casual Stew
11554	Golden Roasted Apple
11557	TE White Potion
11558	TE White Slim Potion
11592	Trance Candy R
11593	Trance Candy B
11594	Trance Candy Y
11595	Trance Candy G
11602	Catnip Fruit
11605	Cookie Bat
11607	Crepe
11608	Chocolate Egg
11609	Yummy Cookie Egg
11611	Pop Corn
11612	Aromatic Pop Corn
11614	Fresh Milk
11615	Sweet Potato 
11616	Yummy Meat
11620	Bearopy
11625	Aromatic Pop Corn 
11701	Girl Bunch Of Flower
11702	Moon Cookie
11703	Mysterious Blood
11704	KETUPAT F
11705	Special White Potion
11706	Steak
11707	Roasted Beef
11708	Fore Flank Sirloin
11709	Fanta Zero Lemon
11710	Sakura Mist
11711	Sakura Milk Tea
11712	First Leaf Tea
11713	Julias Candy
11715	Fruit Salad
11716	Shepherd Salad
11717	Yogurt
11718	Sushi Kebab
11719	Bisket Dessert
12000	Cold Scroll 2 5
12001	Holy Scroll 1 3
12002	Holy Scroll 1 5
12003	Holy Scroll 2 1
12004	Arrow Container
12005	Iron Arrow Container
12006	Steel Arrow Container
12007	Ori Arrow Container
12008	Fire Arrow Container
12009	Silver Arrow Container
12010	Wind Arrow Container
12011	Stone Arrow Container
12012	Crystal Arrow Container
12013	Shadow Arrow Container
12014	Imma Arrow Container
12015	Rusty Arrow Container
12016	Speed Up Potion
12017	Slow Down Potion
12018	Fire Cracker
12019	Holy Egg
12020	Water Of Darkness
12021	Pork Belly
12022	Spareribs
12023	Giftbox China
12024	Red Pouch Of Surprise
12025	Egg Boy
12026	Egg Girl
12027	Giggling Box
12028	Box Of Thunder
12029	Gloomy Box
12030	Box Of Grudge
12031	Sleepy Box
12032	Box Of Storm
12033	Box Of Sunlight
12034	Painting Box
12035	Lotto Box01
12036	Lotto Box02
12037	Lotto Box03
12038	Lotto Box04
12039	Lotto Box05
12040	Stone Of Intelligence 
12041	Str Dish01
12042	Str Dish02
12043	Str Dish03
12044	Str Dish04
12045	Str Dish05
12046	Int Dish01
12047	Int Dish02
12048	Int Dish03
12049	Int Dish04
12050	Int Dish05
12051	Vit Dish01
12052	Vit Dish02
12053	Vit Dish03
12054	Vit Dish04
12055	Vit Dish05
12056	Agi Dish01
12057	Agi Dish02
12058	Agi Dish03
12059	Agi Dish04
12060	Agi Dish05
12061	Dex Dish01
12062	Dex Dish02
12063	Dex Dish03
12064	Dex Dish04
12065	Dex Dish05
12066	Luk Dish01
12067	Luk Dish02
12068	Luk Dish03
12069	Luk Dish04
12070	Luk Dish05
12071	Str Dish06
12072	Str Dish07
12073	Str Dish08
12074	Str Dish09
12075	Str Dish10
12076	Int Dish06
12077	Int Dish07
12078	Int Dish08
12079	Int Dish09
12080	Int Dish10
12081	Vit Dish06
12082	Vit Dish07
12083	Vit Dish08
12084	Vit Dish09
12085	Vit Dish10
12086	Agi Dish06
12087	Agi Dish07
12088	Agi Dish08
12089	Agi Dish09
12090	Agi Dish10
12091	Dex Dish06
12092	Dex Dish07
12093	Dex Dish08
12094	Dex Dish09
12095	Dex Dish10
12096	Luk Dish06
12097	Luk Dish07
12098	Luk Dish08
12099	Luk Dish09
12100	Luk Dish10
12101	Citron
12102	Meat Skewer
12103	Bloody Dead Branch
12104	Random Quiver
12105	Set Of Taiming Item
12106	Accessory Box
12107	Wrapped Mask
12108	Bundle Of Magic Scroll
12109	Poring Box
12110	First Aid Kit
12111	Food Package
12112	Tropical Sograt
12113	Vermilion The Beach
12114	Elemental Fire
12115	Elemental Water
12116	Elemental Earth
12117	Elemental Wind
12118	Resist Fire
12119	Resist Water
12120	Resist Earth
12121	Resist Wind
12122	Sesame Pastry
12123	Honey Pastry
12124	Rainbow Cake
12125	Outdoor Cooking Kits
12126	Indoor Cooking Kits
12127	High end Cooking Kits
12128	Imperial Cooking Kits
12129	Fantastic Cooking Kits
12130	Cookie Bag
12131	Lucky Potion
12132	Red Bag
12133	Ice Cream 
12134	Red Envelope
12135	Green Ale
12136	Womens Bundle
12137	1st Stage Prize
12138	2nd Stage Prize
12139	3rd Stage Prize
12140	4th Stage Prize
12141	5th Stage Prize
12142	Magic Book
12143	Red Can
12144	Sphere Case Wind
12145	Sphere Case Darkness
12146	Sphere Case Poison
12147	Sphere Case Water
12148	Sphere Case Fire
12149	Bullet Case
12150	Bullet Case Blood
12151	Bullet Case Silver
12152	Special Box
12153	Bow Mercenary Scroll1
12154	Bow Mercenary Scroll2
12155	Bow Mercenary Scroll3
12156	Bow Mercenary Scroll4
12157	Bow Mercenary Scroll5
12158	Bow Mercenary Scroll6
12159	Bow Mercenary Scroll7
12160	Bow Mercenary Scroll8
12161	Bow Mercenary Scroll9
12162	Bow Mercenary Scroll10
12163	SwordMercenary Scroll1
12164	SwordMercenary Scroll2
12165	SwordMercenary Scroll3
12166	SwordMercenary Scroll4
12167	SwordMercenary Scroll5
12168	SwordMercenary Scroll6
12169	SwordMercenary Scroll7
12170	SwordMercenary Scroll8
12171	SwordMercenary Scroll9
12172	SwordMercenary Scroll10
12173	SpearMercenary Scroll1
12174	SpearMercenary Scroll2
12175	SpearMercenary Scroll3
12176	SpearMercenary Scroll4
12177	SpearMercenary Scroll5
12178	SpearMercenary Scroll6
12179	SpearMercenary Scroll7
12180	SpearMercenary Scroll8
12181	SpearMercenary Scroll9
12182	SpearMercenary Scroll10
12183	Holy Arrow Quiver
12184	Mercenary Red Potion
12185	Mercenary Blue Potion
12186	Red Box
12187	Green Box
12188	Magical Moon Cake
12189	Red Box 
12190	Moon Cake
12191	Special Moon Cake
12192	Pumpkin Pie
12193	Brezel
12194	Hometown Gift
12195	Plain Rice Cake
12196	Hearty Rice Cake
12197	Salty Rice Cake
12198	Lucky Rice Cake
12199	Rice Scroll
12200	Event Cake
12201	Red Box C
12202	Str Dish10 
12203	Agi Dish10 
12204	Int Dish10 
12205	Dex Dish10 
12206	Luk Dish10 
12207	Vit Dish10 
12208	Battle Manual
12209	Insurance
12210	Bubble Gum
12211	Kafra Card
12212	Giant Fly Wing
12213	Neuralizer
12214	Convex Mirror
12215	Blessing 10 Scroll
12216	Inc Agi 10 Scroll
12217	Aspersio 5 Scroll
12218	Assumptio 5 Scroll
12219	Wind Walk 10 Scroll
12220	Adrenaline Scroll
12221	Megaphone 
12225	Sweet Candy Striper
12226	Examination1
12227	Examination2
12228	Examination3
12229	Examination4
12230	Examination5
12231	Examination6
12232	Gingerbread
12233	Kvass
12234	Cacao99
12235	Strawberry Choco
12236	Choco Tart
12237	Choco Lump
12238	New Year Rice Cake 1
12239	New Year Rice Cake 2
12240	Old Yellow Box
12241	M Center Potion
12242	M Awakening Potion
12243	M Berserk Potion
12244	Old Gift Box
12245	Green Ale US
12246	Magic Card Album
12247	Halohalo
12248	Masquerade Ball Box
12249	Payroll Of Kafra 
12250	Str Dish10 M
12251	Agi Dish10 M
12252	Int Dish10 M
12253	Dex Dish10 M
12254	Luk Dish10 M
12255	Vit Dish10 M
12256	PRO Gift Box
12257	Cold Medicine
12258	Bombring Box
12259	Miracle Medicine
12260	Cool Summer Outfit
12261	Secret Medicine
12262	Inspector Certificate 
12263	Comp Battle Manual
12264	Comp Bubble Gum
12265	Comp Insurance
12266	Sesame Pastry 
12267	Honey Pastry 
12268	Rainbow Cake 
12269	Tasty Colonel
12270	Tasty Major
12271	Mre A
12272	Mre B
12273	Mre C
12274	Gold Pill 1
12275	Gold Pill 2
12276	Mimic Scroll
12277	Disguise Scroll
12278	Alice Scroll
12279	Undead Element Scroll
12280	Holy Element Scroll
12281	Tresure Box WoE
12282	Internet Cafe1
12283	Internet Cafe2
12284	Internet Cafe3
12285	Internet Cafe4
12286	Masquerade Ball Box2
12287	Love Angel
12288	Squirrel
12289	Gogo
12290	Mysterious Can
12291	Mysterious PET Bottle
12292	Unripe Fruit
12293	Dried Yggdrasilberry
12294	PC Bang Coin Box1
12295	PC Bang Coin Box2
12296	PC Bang Coin Box3
12297	PC Bang Coin Box4
12298	SP Potion
12299	Mega Resist Potion
12300	Wild Rose Scroll
12301	Doppelganger Scroll
12302	Ygnizem Scroll
12303	Water Of Blessing
12304	Picture Diary
12305	Mini Heart
12306	Newcomer
12307	Kid
12308	Magic Castle
12309	Bulging Head
12310	Spray Of Flowers
12311	Large Spray Of Flowers
12312	Thick Manual50
12313	Protection Of Angel
12314	Noive Box
12315	Goddess Bless
12316	Angel Bless
12317	Powder Snow
12318	Little Heart
12319	Strawberry Cake
12320	Pineapple Juice
12321	Spicy Sandwich
12322	Chocolate Pie
12323	N Fly Wing
12324	N Butterfly Wing
12325	N Magnifier
12326	J Firecracker
12327	Charm Of Luck
12328	Charm Of Happiness
12329	Recall MaleGM
12330	Recall FemaleGM
12331	Ginseng
12332	Fruit Juice
12333	Ansila
12334	Cherish Box
12335	Yummy Skewered Dish
12336	Baked Mushroom
12337	Grilled Sausage
12338	Grilled Corn
12339	Cherish Box Ori
12340	Mysterious Rice Powder
12341	Special Alloy Trap Box
12342	Manuks Opportunity
12343	Manuks Courage
12344	Pinguiculas fruit Jam
12345	Luciolas Honey Jam
12346	Unripe Acorn
12347	Acorn Jelly
12348	Manuks Faith
12349	Cornus Tears
12350	Angeling Potion
12351	Shout Megaphone
12352	Dun Tele Scroll3
12353	Tiny Waterbottle
12354	Buche De Noel
12355	Xmas Gift
12356	Louise Costume Box
12357	Shiny Wing Gown
12358	Fan Of Wind
12359	Very Soft Plant
12360	Very Red Juice
12361	Delicious Shaved Ice
12362	Kuloren
12363	Fit Pipe
12364	Staff Of Leader
12365	Charming Lotus
12366	Gril Doll
12367	Luxury Whisky Bottle
12368	Splendid Mirror
12369	Oilpalm Coconut
12370	Grils Naivety
12371	Magical Lithography
12372	Hell Contract
12373	Boys Naivety
12374	Flaming Ice
12375	Acaraje
12376	Mysterious Can2
12377	Mysterious PET Bottle2
12378	2009 Rice Cake Soup
12379	Popes Cookie
12380	Desert Wolf Babe Scroll
12381	ValkyrieA Scroll
12382	ValkyrieB Scroll
12383	Vulcan Bullet Magazine
12384	Rainbow Ruby Water
12385	Rainbow Ruby Fire
12386	Rainbow Ruby Wind
12387	Rainbow Ruby Earth
12388	Runstone Crush
12389	Runstone Storm
12390	Runstone Millennium
12391	Lucky Egg C
12392	RepairA
12393	RepairB
12394	RepairC
12395	Tantanmen
12396	Fools Day Box
12397	Fools Day Box2
12398	PCBang Gift Box
12399	Castle Treasure Box
12400	Water Of Blessing 
12401	Rune Kn Test Int
12402	29Fruit
12403	Lucky Egg C2
12404	Acti Potion
12405	Underripe Yggseed
12406	Psychic ArmorS
12407	PCBang Coupon Box
12408	Leaf Cat Ball
12409	Pork Belly H
12410	Spareribs H
12411	HE Battle Manual
12412	HE Bubble Gum
12413	PCBang Coupon Box2
12414	Guarana Candy
12415	Siege Teleport Scroll2
12416	Lucky Egg C3
12417	Boost500
12418	Full SwingK
12419	Mana Plus
12420	Stamina Up M
12421	Digestive F
12422	HP Increase PotionS
12423	HP Increase PotionM
12424	HP Increase PotionL
12425	SP Increase PotionS
12426	SP Increase PotionM
12427	SP Increase PotionL
12428	Enrich White PotionZ
12429	Savage BBQ
12430	Wug Blood Cocktail
12431	Minor Brisket
12432	Siroma Icetea
12433	Drocera Herb Stew
12434	Petti Tail Noodle
12435	Black Thing
12436	Vitata500
12437	Enrich Celermine Juice
12438	F Giant Fly Wing
12439	F Battle Manual
12440	F Insurance
12441	F Bubble Gum
12442	F Kafra Card
12443	F Neuralizer
12444	F Dun Tele Scroll1
12445	F Str Dish10 
12446	F Agi Dish10 
12447	F Int Dish10 
12448	F Dex Dish10 
12449	F Luk Dish10 
12450	F Vit Dish10 
12451	F WOB Rune
12452	F WOB Schwaltz
12453	F WOB Rachel
12454	F WOB Local
12456	F Greed Scroll
12457	F Glass Of Illusion
12458	F Abrasive
12459	F Med Life Potion
12460	F Small Life Potion
12461	F Regeneration Potion
12462	F B Mdef Potion
12463	F S Mdef Potion
12464	F B Def Potion
12465	F S Def Potion
12466	F Blessing 10 Scroll
12467	F Inc Agi 10 Scroll
12468	F Aspersio 5 Scroll
12470	F Wind Walk 10 Scroll
12471	F Adrenaline Scroll
12472	F Convex Mirror
12473	RWC Parti Box
12474	RWC Final Comp Box
12475	Cure Free
12476	PCBang Coupon Box3
12477	Gift Bundle
12478	Chance Box
12479	Caracas Ring Box
12480	Attend 3Day Box
12481	Attend 7Day Box
12482	Attend 10Day Box
12483	Attend 15Day Box
12484	Attend 20Day Box
12485	Attend 25Day Box
12486	GoldPC First Box
12487	PC 4Leaf Clover Box
12488	Ticket Gift Box
12489	Ticket Gift Box2
12490	Vivid Notation
12491	Curious Snowball
12492	Crumpled Paper
12493	Lucky Egg C4
12494	E Giant Fly Wing
12495	E Battle Manual
12496	E Insurance
12497	E Bubble Gum
12498	E Kafra Card
12499	E Neuralizer
12500	E Dun Tele Scroll1
12501	E Str Dish10 
12502	E Agi Dish10 
12503	E Int Dish10 
12504	E Dex Dish10 
12505	E Luk Dish10 
12506	E Vit Dish10 
12507	E WOB Rune
12508	E WOB Schwaltz
12509	E WOB Rachel
12510	E WOB Local
12511	E Siege Teleport Scroll
12512	E Greed Scroll
12513	E Glass Of Illusion
12514	E Abrasive
12515	E Med Life Potion
12516	E Small Life Potion
12517	E Regeneration Potion
12518	E B Mdef Potion
12519	E S Mdef Potion
12520	E B Def Potion
12521	E S Def Potion
12522	E Blessing 10 Scroll
12523	E Inc Agi 10 Scroll
12524	E Aspersio 5 Scroll
12525	E Assumptio 5 Scroll
12526	E Wind Walk 10 Scroll
12527	E Adrenaline Scroll
12528	E Convex Mirror
12529	White Slim Potion Box
12530	Mastela Fruit Box
12531	White Potion Box
12532	Royal Jelly Box2
12533	Blue Herb Box2
12534	Yggdrasil Seed Box
12535	Iggdrasilberry Box
12536	NY Rice Cake Soup
12537	Solo Gift Basket
12538	Couple Event Basket
12539	Splendid Box
12540	GM Warp Box
12541	Fortune Cookie1
12542	Fortune Cookie2
12543	Fortune Cookie3
12544	Mystic Tree Branch
12545	Lucky Egg C5
12546	Suspicious Dish
12547	Chalcenodny Box
12548	Buy Market Permit2
12549	White Slim Pot Box2
12550	Poison Bottle Box2
12551	MVP Tele Scroll
12552	Quest Tele Scroll
12553	Brysinggamen Piece Box
12554	Asprika Piece Box
12555	Brynhild Piece Box
12556	Sleipnir Piece Box
12557	Mjolnir Piece Box
12558	Magingiorde Piece Box
12559	Tenkaippin Strong
12560	Tenkaippin Clean
12561	Mysterious Seed
12562	Bubble Gum Plus
12563	BM75
12564	3D Glasses Box
12565	Cheer Scarf Box
12566	Cheer Scarf2 Box
12567	Cheer Scarf3 Box
12568	Cheer Scarf4 Box
12569	Cheer Scarf6 Box
12570	Cheer Scarf8 Box
12571	Cheer Scarf10 Box
12572	Cheer Scarf10 Box2
12573	Fruit Basket
12574	Mora Berry
12575	Arrow Of Elf Cntr
12576	Hunting Arrow Cntr
12577	Lucky Egg C6
12578	Rapid Life Water
12579	Ring Of Valkyrie Box
12580	Vending Search Scroll
12581	Vending Search Scroll2
12582	Siege Supply Box
12583	PR Team Box
12584	Develop Team box
12585	Marketing Team Box
12586	Operating Team Box
12587	Summer Night box
12591	Uni Catalog Bz
12592	Cyclops Box1
12593	Cyclops Box2
12594	Cyclops Box3
12595	Lucky Egg C7
12596	Magic Candy
12597	Opor Ayam
12598	Dendeng Balado
12599	Kurma
12600	Treasure Box Scroll
12601	Cold Watermelon Juice
12602	Special Box1
12603	Special Box2
12604	Special Box3
12605	Special Box4
12606	Special Box5
12607	Lolli Pop Box
12608	Splendid Box2
12609	Old Ore Box
12612	Old Coin Pocket
12613	High Coin Pocket
12614	Mid Coin Pocket
12615	Low Coin Pocket
12616	Sgrade Pocket
12617	Agrade Pocket
12618	Bgrade Pocket
12619	Cgrade Pocket
12620	Dgrade Pocket
12621	Egrade Pocket
12622	Boarding Halter
12623	High Weapon Box
12624	Delicious Jelly
12625	Sapa Feat Cert Pack
12626	Wander Man Scroll
12627	Wicked Nymph Scroll
12628	Kasa Scroll
12629	Salamander Scroll
12630	Teddy Bear Scroll
12631	Macro Stone A
12632	Macro Stone B
12633	Malang Cat Can
12636	Malang Sp Can
12637	Gong Bug Pocket
12638	Dried Squid Box
12639	Flying Fish Box
12640	Starfish Box
12641	Lucky Egg C8
12642	Fruit Of Mastela Box2
12643	E Coin Pack50
12644	PCBang Coupon Box4
12645	J Aspersio 5 Scroll C
12646	Takoyaki
12647	Ink Ball
12648	Special Potion Set
12649	Lv70 Imperial Gift
12650	Lv90 Imperial Gift
12651	Lv110 Imperial Gift
12652	Lv130 Imperial Gift
12653	Lv150 Imperial Gift
12654	Lucky Egg C9
12655	Brain Powder
12656	Magical Powder
12657	Madness Powder
12658	Trans Scroll Devi
12659	Trans Scroll Ray Arch
12660	Trans Scroll Mavka
12661	Trans Scroll Marduk
12662	Trans Scroll Banshee
12663	Trans Scroll Poring
12664	Trans Scroll Golem
12665	Grovel Buff
12666	Thai Perfume MATK
12667	Thai Perfume ATK
12668	Thai Perfume ASPD
12669	Thai Perfume CAST
12670	Beast Powder
12671	99lv Battle Manual
12672	Start New Box
12673	Lucky Egg C10
12674	God Material Box
12675	Sg Weapon Supply Box
12676	Sg Violet Potion Box
12677	Siege Arrow Quiver S
12678	Siege Arrow Quiver A
12679	Sg White Potion Box
12680	Sg Blue Potion Box
12681	Nestea Lemon
12682	Nestea Blacktea
12683	Sg Vi Potion Box200
12684	ASPD Potion
12685	Gryphon Egg Scroll
12686	Str Dish20
12687	Int Dish20
12688	Vit Dish20
12689	Dex Dish20
12690	Old C Album Helm
12691	Old C Album Armor
12692	Old C Album Shield
12693	Old C Album Garment
12694	Old C Album Shoes
12695	Old C Album Acc
12696	RWC Cele Fire
12697	RWC Cele Fire2
12698	Old C Album Weapon
12699	Tikbalang Belt
12700	Insideout Shirt
12701	Old Blue Box F
12702	Old Bleu Box
12703	Holy Egg 2
12704	Elixir Of Life
12705	Noble Nameplate
12706	Lucky Cookie01
12707	Lucky Cookie02
12708	Lucky Cookie03
12709	Guyak Candy
12710	Guyak Pudding
12711	Pretzel
12712	Green Beer
12713	Monster Extract
12714	Easter Scroll
12715	Black Treasure Box
12716	Indian Rice Cake
12717	Poison Paralysis
12718	Poison Leech
12719	Poison Oblivion
12720	Poison Contamination
12721	Poison Numb
12722	Poison Fever
12723	Poison Laughing
12724	Poison Fatigue
12725	Runstone Nosiege
12726	Runstone Rhydo
12727	Runstone Verkana
12728	Runstone Isia
12729	Runstone Asir
12730	Runstone Urj
12731	Runstone Turisus
12732	Runstone Pertz
12733	Runstone Hagalas
12734	Runstone Quality
12735	Runstone Ancient
12736	Runstone Mystic
12737	Runstone Ordinary
12738	Runstone Rare
12739	Snow Flower
12740	Inc Str Scroll
12741	Inc Int Scroll
12742	Valentine Gift Box1
12743	Valentine Gift Box2
12744	Chocotate Box
12745	Skull Scroll
12746	Destruction Scroll
12747	Royal Scroll
12748	Immune Scroll
12749	Mystic Scroll
12750	Battle Scroll
12751	Armor Scroll
12752	Prayer Scroll
12753	Soul Scroll
12754	New Year Bun
12755	Traditional Firecrack
12756	New Gift Envelope
12757	Loyal Ring1 Box
12758	Loyal Ring2 Box
12759	Loyal Ring3 Box
12760	Bubble Gum Green
12761	Bubble Gum Yellow
12762	Bubble Gum Orange
12763	Bubble Gum Red
12764	Fools Day Box Tw
12765	Summer Knight Box
12766	Reward Job BM25
12767	Passion FB Hat Box
12768	Cool FB Hat Box
12769	Victory FB Hat Box
12770	Glory FB Hat Box
12771	Passion Hat Box2
12772	Cool Hat Box2
12773	Victory Hat Box2
12774	Empty Potion Bottle
12775	Ancient Spirit Agimat
12776	Agi Dish20
12777	Luk Dish20
12778	Bapho Jr Scroll
12779	Galapago Scroll
12780	10M Zeny Check
12781	1M Zeny Check
12782	100T Zeny Check
12783	10000 Zeny Check
12784	1000 Zeny Check
12785	Dragon Egg Scroll
12786	Change Slot Card
12787	Diabolic Scroll
12788	No100 Firecracker
12789	Juicy Fruit
12790	Change Name Card
12791	Combat Pill
12792	P Combat Pill
12793	Combat Pill Box10
12794	P Combat Pill Box10
12795	2011 RWC Scroll Kr
12796	Red Booster
12797	Wish Maiden Scroll
12798	Zealotus Scroll
12800	Ktullanux Scroll
12801	Eddga Scroll
12805	Mystic Powder
12806	Scaraba Scroll
12807	Mercenary Casting 
12808	Mother Love Box
12809	Level Up Box
12812	Snow Flip
12813	Peony Mommy
12814	Slapping Herb
12815	Yggdrasil Dust
12817	Old Card Album 
12818	High Weapon Box 
12819	Zherlthsh Tck Box 
12820	Mao Guai Scroll
12821	Loli Ruri Scroll
12822	Songpyun Box50
12823	Sedora Scroll
12824	Chepet Scroll
12831	Potion Box
12845	WOB Amatsu
12846	Unripe Apple2
12847	Old Equipment Box
12848	Falcon Flute
12849	Combination Kit
12850	Heaven Scroll
12851	Vocation Scroll
12852	Wisdom Scroll
12853	Patron Scroll
12873	TE Potion Box
12874	Frost Giant Blood
12875	Golem Stone
12876	Elf Tear Stun
12877	Elf Tear Stone Curse
12878	Elf Tear Freezing
12879	Elf Tear Sleep
12880	Elf Tear Curse
12881	Elf Tear Silence
12882	Elf Tear Blind
12883	Almighty
12884	C Center Potion
12885	C Awakening Potion
12886	C Berserk Potion
12887	C Wing Of Fly
12888	Siege Kit Box
12900	Battle Manual Box
12901	Insurance Package
12902	Bubble Gum Box
12903	Str Dish Box
12904	Agi Dish Box
12905	Int Dish Box
12906	Dex Dish Box
12907	Luk Dish Box
12908	Vit Dish Box
12909	Kafra Card Box
12910	Giant Fly Wing Box
12911	Neuralizer Box
12912	Convex Mirror Box
12913	Blessing 10 Scroll Box
12914	Inc Agi 10 Scroll Box
12915	Aspersio 5 Scroll Box
12916	Assumptio 5 Scroll Box
12917	Wind Walk 10 Scroll Box
12918	Adrenaline Scroll Box
12919	Megaphone Box
12920	Enriched Elunium Box
12921	Enriched Oridecon Box
12922	Token Of Siegfried Box
12923	Pet Egg Scroll Box1
12924	Pet Egg Scroll Box2
12925	Pet Egg Scroll1
12926	Pet Egg Scroll2
12927	J Aspersio 5 Scroll Box
12928	J Aspersio 5 Scroll
12929	Pet Egg Scroll Box3
12930	Pet Egg Scroll Box4
12931	Pet Egg Scroll Box5
12932	Pet Egg Scroll3
12933	Pet Egg Scroll4
12934	Pet Egg Scroll5
12935	Infiltrator Box
12936	Muramasa Box
12937	Excalibur Box
12938	Combat Knife Box
12939	Counter Dagger Box
12940	Kaiser Knuckle Box
12941	Pole Axe Box
12942	Mighty Staff Box
12943	Right Epsilon Box
12944	Balistar Box
12945	Diary Of Great Sage Box
12946	Asura Box
12947	Apple Of Archer Box
12948	Bunny Band Box
12949	Sahkkat Box
12950	Lord Circlet Box
12951	Elven Ears Box
12952	Steel Flower Box
12953	Critical Ring Box
12954	Earring Box
12955	Ring Box
12956	Necklace Box
12957	Glove Box
12958	Brooch Box
12959	Rosary Box
12960	Safety Ring Box
12961	Vesper Core01 Box
12962	Vesper Core02 Box
12963	Vesper Core03 Box
12964	Vesper Core04 Box
12965	Emergency Box1
12966	Emergency Box2
12967	Emergency Box3
12968	Emergency Scroll1
12969	Emergency Scroll2
12970	Emergency Scroll3
12971	Teleport Box1
12972	Teleport Box2
12973	Teleport Box3
12974	Teleport Box4
12975	Teleport Box5
12976	Teleport Box6
12977	Teleport Scroll1
12978	Teleport Scroll2
12979	Teleport Scroll3
12980	Teleport Scroll4
12981	Teleport Scroll5
12982	Teleport Scroll6
12983	Pet Egg Scroll Box6
12984	Pet Egg Scroll Box7
12985	Pet Egg Scroll Box8
12986	Pet Egg Scroll Box9
12987	Pet Egg Scroll Box10
12988	Pet Egg Scroll Box11
12989	Pet Egg Scroll6
12990	Pet Egg Scroll7
12991	Pet Egg Scroll8
12992	Pet Egg Scroll9
12993	Pet Egg Scroll10
12994	Pet Egg Scroll11
12995	White Herb Box
12996	Blue Herb Box
12997	Elunium Box
12998	Oridecon Box
12999	Branch Of Dead Tree Box
13000	Jujube Dagger
13001	Dragon Killer
13002	Ginnungagap
13003	Coward
13004	Coward 
13005	Angelwing Short Sword
13006	Khukri
13007	Jitte
13008	Jitte 
13009	Kamaitachi
13010	Asura
13011	Asura 
13012	Murasame
13013	Murasame 
13014	Hakujin
13015	Hakujin 
13016	Poison Knife 
13017	House Auger 
13018	Sucsamad 
13019	Ginnungagap 
13020	Warrior Balmung 
13021	Combat Knife C
13022	Counter Dagger C
13023	Asura C
13024	Sword Breaker C
13025	Mail Breaker C
13026	Moonlight Sword C
13027	Scalpel
13028	Tooth Blade
13029	Prinsence Knife
13030	Dragon Killer 
13031	Sword Breaker 
13032	Mail Breaker 
13033	Assasin Dagger 
13034	Twilight Desert
13035	Sandstorm
13036	BF Dagger1
13037	BF Dagger2
13038	Dagger Of Hunter
13039	Ivory Knife
13040	N Cutter
13041	N Main Gauche
13042	Krieger Dagger1
13043	Fortune Sword I
13044	House Auger I
13045	Kamaitachi I
13046	Krieg
13047	Weihna
13048	Damascus C
13049	Lacma
13050	P Dagger1
13051	P Dagger2
13052	Tourist Dagger
13053	F Moonlight Sword C
13054	F Combat Knife C
13055	F Asura C
13056	F Counter Dagger C
13057	E Moonlight Sword C
13058	E Combat Knife C
13059	E Asura C
13060	E Counter Dagger C
13061	Black Wing
13062	Ancient Dagger
13063	Adventure Knife
13064	Academy Knife
13065	Academy Eti Knife
13066	P Dagger3
13067	Caress
13068	Saurel
13069	Aztoe Nail
13070	Scarletto Nail
13071	Upg Dagger
13072	Velum Damascus
13073	Counter Dagger 
13074	Ninja Cutter
13075	Kurenai
13076	Raksasa Dagger
13077	Kagekiri
13078	Mikatsuki
13079	Metal Dagger
13081	Octo kitchen Knife
13083	TE Woe Knife
13086	Goldsmithing Dagger
13090	FaceWormQueen Leg
13092	RWC Memory Knife
13093	Thanos Dagger
13094	Dagger Of Evil Slayer
13100	Six Shooter
13101	Six Shooter 
13102	Crimson Bolt
13103	Crimson Bolt 
13104	The Garrison
13105	The Garrison 
13106	Gold Lux
13107	Wasteland Outlaw
13108	BF Pistol1
13109	Wasteland Outlaw C
13110	Krieger Pistol1
13111	Sharpshooter Revolver
13112	P Revolver1
13113	P Revolver2
13114	P Revolver3
13115	Upg Revolver
13116	Novice Revolver
13117	TE Woe Pistol
13118	Tiny Flame
13119	Freedom Flame
13120	H FEATHER H FIRE
13122	ALTAIR ARES
13124	ALTAIR ARES 
13127	Scarlet Revolver
13128	Revolver of Vicious Mind
13144	Rebeginer RL Gun
13146	Calf Deathadder
13150	Branch
13151	The Cyclone
13152	The Cyclone 
13153	Dusk
13154	Rolling Stone
13155	Black Rose
13156	Gate Keeper
13157	Drifter
13158	Butcher
13159	Butcher 
13160	Destroyer
13161	Destroyer 
13162	Inferno
13163	Long Barrel
13164	Long Barrel 
13165	Jungle Carbine
13166	Jungle Carbine 
13167	Gate KeeperDD
13168	Thunder P
13169	Thunder P 
13170	Lever Action Rifle
13171	BF Rifle1
13172	BF Gatling Gun1
13173	BF Shotgun1
13174	BF Launcher1
13175	Lever Action Rifle C
13176	Krieger Rifle1
13177	Krieger Gatling1
13178	Krieger Shotgun1
13179	Krieger Launcher1
13180	Novice Rifle
13181	Novice Shotgun
13182	Novice Gatling
13183	Novice Grenade Launcher
13184	TE Woe Rifle
13185	TE Woe Gatling
13186	TE Woe Shotgun
13187	TE Woe Grenade
13189	COLORSCOPE
13190	RAG203 
13192	DEATHFIRE
13193	R THUNDER
13194	P BREAKER
13195	RAG203
13196	P BREAKER 
13197	MINIMAY
13198	TEMPEST
13199	TEMPEST 
13200	Bullet
13201	Silver Bullet
13202	Shell Of Blood
13203	Flare Sphere
13204	Lighting Sphere
13205	Poison Sphere
13206	Blind Sphere
13207	Freezing Sphere
13208	Gong Bug
13210	Slug Bullet 1
13211	Slug Bullet 2
13212	Slug Bullet 3
13213	Slug Bullet 4
13214	Slug Bullet 5
13215	AP Ammo
13216	Blaze Bullet
13217	Freezing Bullet
13218	Electric Shock Bullet
13219	Magical Stone Bullet
13220	Sanctified Bullet
13221	Silver Bullet 
13222	Shell Of Blood 
13223	Flare Sphere 
13224	Lighting Sphere 
13225	Poison Sphere 
13226	Blind Sphere 
13227	Freezing Sphere 
13228	Flare Bullet
13229	Lightning Bullet
13230	Ice Bullet
13231	Poison Bullet
13232	Blind Bullet
13250	Shuriken
13251	Nimbus Shuriken
13252	Flash Shuriken
13253	Sharp Leaf Shuriken
13254	Thorn Needle Shuriken
13255	Kunai Of Icicle
13256	Kunai Of Black Soil
13257	Kunai Of Furious Wind
13258	Kunai Of Fierce Flame
13259	Kunai Of Deadly Poison
13260	Apple Bomb
13261	Coconut Bomb
13262	Melon Bomb
13263	Pineapple Bomb
13264	Banana Bomb
13265	Black Lump
13266	Black Hard Lump
13267	Very Hard Lump
13268	Mysterious Powder
13269	Boost500 To Throw
13270	Full SwingK To Throw
13271	Mana Plus To Throw
13272	Cure Free To Throw
13273	Stamina Up M To Throw
13274	Digestive F To Throw
13275	HP Inc PotS To Throw
13276	HP Inc PotM To Throw
13277	HP Inc PotL To Throw
13278	SP Inc PotS To Throw
13279	SP Inc PotM To Throw
13280	SP Inc PotL To Throw
13281	En White PotZ To Throw
13282	Vitata500 To Throw
13283	En Cel Juice To Throw
13284	Savage BBQ To Throw
13285	Wug Cocktail To Throw
13286	M Brisket To Throw
13287	Siroma Icetea To Throw
13288	Drocera Stew To Throw
13289	Petti Noodle To Throw
13290	Black Thing To Throw
13291	Starfish
13292	Dried Squid
13293	Flying Fish
13294	Explosive Kunai
13295	Light Shuriken
13300	Huuma Bird Wing
13301	Huuma Giant Wheel
13302	Huuma Giant Wheel 
13303	Huuma Blaze
13304	Huuma Calm Mind
13305	BF Huuma Shuriken1
13306	BF Huuma Shuriken2
13307	Krieger Huuma Shuriken1
13308	Huuma Blaze I
13309	Huuma Giant Wheel C
13310	P Huuma Shuriken1
13311	Huuma Shadow
13312	Huuma Job Test
13313	Huuma Swirling Petal
13314	Huuma Fluttering Snow
13315	Huuma Thunderstorm
13316	Upg Huuma Shuriken
13317	TE Woe Huuma
13327	Scarlet Huuma
13328	Huuma Shuriken of Vicious Mind
13337	Huuma Fluttering Snow IL
13338	Huuma Bird Wing IL
13341	Rebeginer KO Humma
13345	Humma Clear
13346	Ein BHHuuma
13400	Cutlas 
13401	Excalibur C
13402	Cutlas C
13403	Solar Sword C
13404	Platinum Shotel
13405	Curved Sword
13406	Edger
13407	Nagan C
13408	Fire Brand C
13409	Immaterial Sword C
13410	BF Sword1
13411	BF Sword2
13412	Twin Edge B
13413	Twin Edge R
13414	Elemental Sword
13415	N Falchion
13416	Krieger Onehand Sword1
13417	Krieger Onehand Sword2
13418	Krieger Onehand Sword3
13419	Holy Saber
13420	Honglyuns Sword
13421	Ruber
13422	Flamberge C
13423	P Sabre1
13424	P Sabre2
13425	Tourist Sword
13426	F Cutlas C
13427	F Solar Sword C
13428	Priest Sword
13429	E Cutlas C
13430	E Solar Sword C
13431	Chrome Sword
13432	Adventure Sword
13433	Academy Sword
13434	P Saber3
13438	Magical Blade
13439	TE Woe Sword
13440	Ceremonial Sword
13441	Thanos Sword
13442	Old Parasol
13444	Pala
13454	Scarlet Saber
13455	Saber of Vicious Mind
13469	Immaterial Sword IL
13483	Rebeginer GN Sword
13485	Sword Of Bluefire
13493	Cannon Rapier OS
13495	Evt Bluefire Sword
13500	Insurance60 Package
13501	Assorted Scroll Box
13502	Drooping Kitty Box
13503	Magestic Goat Box
13504	Deviruchi Cap Box
13505	Executioner Box
13506	Brood Axe Box
13507	Tomahawk Box
13508	Bow Of Rudra Box
13509	Cutlas Box
13510	Solar Sword Box
13511	Sword Breaker Box
13512	Mail Breaker Box
13513	Moonlight Sword Box
13514	Spanner Box
13515	Grape Box
13516	Royal Jelly Box
13517	Yggdrasilberry Box
13518	Weapon Card Scroll Box
13519	Armor Card Scroll Box
13520	Helmet Card Scroll Box
13521	Hood Card Scroll Box
13522	Hood Card Scroll Box2
13523	Shoes Card Scroll Box
13524	Accy Card Scroll Box
13525	Zeny Scroll Box
13526	Pet Egg Scroll Box1 
13527	Pet Egg Scroll Box2 
13528	Pet Egg Scroll Box3 
13529	Pet Egg Scroll Box4 
13530	Pet Egg Scroll Box5 
13531	Light Red Pot Box
13532	Light Orange Pot Box
13533	Light Yellow Pot Box
13534	Light White Pot Box
13535	Light Center Pot Box
13536	Light Awakening Pot Box
13537	Light Berserk Pot Box
13538	Meteor 10 Scroll Box
13539	Storm 10 Scroll Box
13540	Vermilion 10 Scroll Box
13541	Lex Aeterna Scroll Box
13542	Magnificat 5 Scroll Box
13543	CP Helm Scroll Box
13544	CP Shield Scroll Box
13545	CP Armor Scroll Box
13546	CP Weapon Scroll Box
13547	Repair Scroll Box
13548	Big Bun Box
13549	Pill  Box
13550	Superb Fish Slice Box
13551	Chewy Ricecake Box
13552	Oriental Pastry Box
13553	Dun Tele Scroll1 Box
13554	Weapon Card Scroll Box2
13555	Weapon Card Scroll Box3
13556	Armor Card Scroll Box2
13557	Accy Card Scroll Box2
13558	Weapon Card Scroll
13559	Armor Card Scroll
13560	Helmet Card Scroll
13561	Hood Card Scroll
13562	Hood Card Scroll2
13563	Shoes Card Scroll
13564	Accy Card Scroll
13565	Weapon Card Scroll2
13566	Weapon Card Scroll3
13567	Armor Card Scroll2
13568	Accy Card Scroll2
13569	PVP Tele Scroll Box
13570	Giant Fly Wing Box50
13571	Giant Fly Wing Box100
13572	Dex Dish Box30
13573	Dex Dish Box50
13574	Luk Dish Box30
13575	Luk Dish Box50
13576	Inc Agi 10 Box30
13577	Inc Agi 10 Box50
13578	Vit Dish Box30
13579	Vit Dish Box50
13580	Insurance Package30
13581	Insurance Package50
13582	Convex Mirror Box5
13583	Convex Mirror Box30
13584	Blessing10 Box30
13585	Blessing10 Box50
13586	Adrenaline10 Box30
13587	Adrenaline10 Box50
13588	Assumptio 5 Box30
13589	Assumptio 5 Box50
13590	Aspersio 5 Box30
13591	Aspersio 5 Box50
13592	Agi Dish Box30
13593	Agi Dish Box50
13594	Wind Walk10 Box30
13595	Wind Walk10 Box50
13596	Int Dish Box30
13597	Int Dish Box50
13598	Battle Manual Box1
13599	Battle Manual Box5
13600	Siegfried Box5
13601	Siegfried Box20
13602	Kafra Card Box30
13603	Kafra Card Box50
13604	Str Dish Box30
13605	Str Dish Box50
13606	Bubble Gum Box1
13607	Bubble Gum Box5
13608	Megaphone Box1
13609	Megaphone Box5
13610	Enriched Elunium Box5
13611	Enriched Oridecon Box5
13612	Handcuff Box
13613	Super Pet Egg Box1
13614	Super Pet Egg Box2
13615	Super Pet Egg Box3
13616	Super Pet Egg Box4
13617	Super Pet Egg1
13618	Super Pet Egg2
13619	Super Pet Egg3
13620	Super Pet Egg4
13621	Greed Box30
13622	Greed Box50
13623	Greed Box100
13624	Flee 30 Scroll Box
13625	Accuracy 30 Scroll Box
13626	Super Card Pet Egg Box1
13627	Super Card Pet Egg Box2
13628	Super Card Pet Egg Box3
13629	Super Card Pet Egg Box4
13630	Super Card Pet Egg1
13631	Super Card Pet Egg2
13632	Super Card Pet Egg3
13633	Super Card Pet Egg4
13634	Vigorgra Package1
13635	Vigorgra Package2
13636	Vigorgra Package3
13637	Vigorgra Package4
13638	Vigorgra Package5
13639	Vigorgra Package6
13640	Vigorgra Package7
13641	Vigorgra Package8
13642	Vigorgra Package9
13643	Vigorgra Package10
13644	Vigorgra Package11
13645	Vigorgra Package12
13646	Infiltrator Box1
13647	Muramasa Box1
13648	Excalibur Box1
13649	Combat Knife Box1
13650	Counter Dagger Box1
13651	Kaiser Knuckle Box1
13652	Pole Axe Box1
13653	Mighty Staff Box1
13654	Right Epsilon Box1
13655	Balistar Box1
13656	Diary Of Sage Box1
13657	Asura Box1
13658	Apple Of Archer Box1
13659	Bunny Band Box1
13660	Sahkkat Box1
13661	Lord Circlet Box1
13662	Elven Ears Box1
13663	Steel Flower Box1
13664	Critical Ring Box1
13665	Earring Box1
13666	Ring Box1
13667	Necklace Box1
13668	Glove Box1
13669	Brooch Box1
13670	Rosary Box1
13671	Safety Ring Box1
13672	Vesper Core01 Box1
13673	Vesper Core02 Box1
13674	Vesper Core03 Box1
13675	Vesper Core04 Box1
13676	Drooping Kitty Box1
13677	Magestic Goat Box1
13678	Deviruchi Cap Box1
13679	Executioner Box1
13680	Brood Axe Box1
13681	Tomahawk Box1
13682	Bow Of Rudra Box1
13683	Cutlas Box1
13684	Solar Sword Box1
13685	Sword Breaker Box1
13686	Mail Breaker Box1
13687	Moonlight Sword Box1
13688	Spanner Box1
13689	Bok Choy Box
13690	Chung E Cake Box
13691	Freyja Overcoat Box
13692	Freyja Boots Box
13693	Freyja Cape Box
13694	Freyja Crown Box
13695	Battle Manual25 Box
13696	Battle Manual100 Box
13697	J Blessing10 Box
13698	J Inc Agi10 Box
13699	J Wind Walk10 Box
13700	J Adrenaline10 Box
13701	Pet Egg Scroll12
13702	Pet Egg Scroll13
13703	Pet Egg Scroll14
13704	Super Pet Egg5
13705	Super Pet Egg6
13706	Super Pet Egg7
13707	Super Pet Egg8
13708	Pet Egg Scroll E
13709	BRO Package 1
13710	Max Weight Up Box
13711	Small Life Potion Box
13712	Small Life Potion Box30
13713	Small Life Potion Box50
13714	Med Life Potion Box
13715	Med Life Potion Box30
13716	Med Life Potion Box50
13717	Abrasive Box5
13718	Abrasive Box10
13719	Regeneration Box5
13720	Regeneration Box10
13721	Dun Tele Scroll Box10
13722	Pecopeco Hairband Box
13723	Red Glasses Box
13724	Whisper Mask Box
13725	Ramen Hat Box
13726	Gold Box 
13727	Silver Box 
13728	Gold Key1 Box
13729	Gold Key5 Box
13730	Silver Key1 Box
13731	Silver Key5 Box
13734	Pecopeco Hairband Box1
13735	Red Glasses Box1
13736	Whisper Mask Box1
13737	Ramen Hat Box1
13738	Glass Of Illusion Box5
13739	Glass Of Illusion Box10
13740	Shadow Armor S Box5
13741	Shadow Armor S Box10
13742	Shadow Armor S Box30
13743	Holy Armor S Box5
13744	Holy Armor S Box10
13745	Holy Armor S Box30
13746	S Def Potion Box10
13747	S Def Potion Box30
13748	S Def Potion Box50
13749	B Def Potion Box10
13750	B Def Potion Box30
13751	B Def Potion Box50
13752	S Mdef Potion Box10
13753	S Mdef Potion Box30
13754	S Mdef Potion Box50
13755	B Mdef Potion Box10
13756	B Mdef Potion Box30
13757	B Mdef Potion Box50
13758	Battle Manual X3 Box
13759	In Blue Herb Box
13760	Honey Box
13761	Empty Bottle Box
13762	In Royal Jelly Box
13763	5 Anniversary Coin Box
13764	Battle Manual Box TW
13765	Certificate TW Box
13766	Nagan Box
13767	Skewer Box
13768	Survival Rod Box
13769	Quadrille Box
13770	Great Axe Box
13771	Bloody Roar Box
13772	Hardback Box
13773	Fire Brand Box
13774	Immaterial Sword Box
13775	Unholy Touch Box
13776	Cloak Of Survival Box
13777	Masquerade Box
13778	Orc Hero Helm Box
13779	Evil Wing Ears Box
13780	Dark Blindfold Box
13781	kRO Drooping Kitty Box
13782	Corsair Box
13783	Bloody Iron Ball Box
13784	Spiritual Ring Box
13785	Nagan Box1
13786	Skewer Box1
13787	Survival Rod Box1
13788	Quadrille Box1
13789	Great Axe Box1
13790	Bloody Roar Box1
13791	Hardback Box1
13792	Fire Brand Box1
13793	Immaterial Sword Box1
13794	Unholy Touch Box1
13795	Cloak Of Survival Box1
13796	Masquerade Box1
13797	Orc Hero Helm Box1
13798	Evil Wing Ears Box1
13799	Dark Blindfold Box1
13800	kRO Drooping Kitty Box1
13801	Corsair Box1
13802	Bloody Iron Ball Box1
13803	Spiritual Ring Box1
13804	Fire Cracker Love Box
13805	Fire Cracker Wday Box
13806	Fire Cracker Vday Box
13807	Fire Cracker Bday Box
13808	Fire Cracker Xmas Box
13809	Blue Gemstone Box
13810	Blue Potion Box
13811	Food Box Lv1
13812	Food Box Lv2
13813	Food Box Lv3
13814	Indonesia Box
13815	Knife Goblin Box
13816	Flail Goblin Box
13817	Hammer Goblin Box
13818	Red Deleter Box
13819	Diabolic Box
13820	Wanderer Box
13821	Green Apple Box
13822	Whole Barbecue Box
13823	Meat Veg Skewer Box
13824	Spirit Liquor Box
13825	Green Box 
13826	Power Box1
13827	Power Box2
13828	Resist Box1
13829	Resist Box2
13830	Stat Boost1
13831	Stat Boost2
13832	Stat Boost3
13833	Stat Boost4
13834	Dun Tele Scroll2 Box5
13835	Dun Tele Scroll2 Box10
13836	Mbl Str Dish Box
13837	Mbl Agi Dish Box
13838	Mbl Int Dish Box
13839	Mbl Dex Dish Box
13840	Mbl Luk Dish Box
13841	Mbl Vit Dish Box
13842	Mbl Kafra Card Box
13843	Mbl Battle Manual Box
13844	Heroic Stone Box
13845	Mysterious Travel Sack1
13846	Mysterious Travel Sack2
13847	Mysterious Travel Sack3
13848	Mysterious Travel Sack4
13849	WOB Box Rune5
13850	WOB Box Rune10
13851	WOB Box Schawaltz5
13852	WOB Box Schawaltz10
13853	WOB Box Rachel5
13854	WOB Box Rachel10
13855	WOB Box Local5
13856	WOB Box Local10
13857	Spark Candy Box5
13858	Spark Candy Box10
13859	Directive A Envelope
13860	Directive B Envelope
13861	Mini Battle Manual Box
13862	Trial Box
13863	Repair Scroll Box10
13864	Hockey Mask Box
13865	Observer Box
13866	Flying Angel Box
13867	Neko Mimi Box
13868	MFH Box
13869	Chick Hat Box
13870	New Style Box
13871	Magician Card Box
13872	Acolyte Card Box
13873	Archer Card Box
13874	Swordman Card Box
13875	Thief Card Box
13876	Merchant Card Box
13877	Clock Tower Card Box
13878	Geffenia Card Box
13879	Owl Card Box
13880	Ghost Card Box
13881	Nightmare Card Box
13882	Curse Card Box
13883	Sleep Card Box
13884	Freeze Card Box
13885	Stun Card Box
13886	Silence Card Box
13887	Blind Card Box
13888	Chaos Card Box
13889	Elunium Box 
13890	Oridecon Box 
13891	Fire Converter Box
13892	Water Converter Box
13893	Wind Converter Box
13894	Earth Converter Box
13895	Starter Pack
13896	Mimic Summon Box5
13897	Disguise Summon Box5
13898	Alice Summon Box5
13899	Mimic Summon Box10
13900	Disguise Summon Box10
13901	Alice Summon Box10
13902	Fish Head Hat Box
13903	Santa Poring Hat Box
13904	Bell Ribbon Box
13905	Hard Core Set Box
13906	Kitty Set Box
13907	Soft Core Set Box
13908	Deviruchi Set Box
13909	MVP Hunt Box
13910	Brewing Box
13911	Xmas Pet Scroll
13912	Party Blessing Box
13913	Party Inc Agi Box
13914	Party Assumptio Box
13915	Love Angel Box
13916	Squirrel Box
13917	Gogo Box
13918	Drooping W Kitty Box
13919	L Magestic Goat Box
13920	Satanic Chain P Box
13921	Antique Pipe Box
13922	Rabbit Ear Hat Box
13923	Darkness Helm Box
13924	L Orc Hero Helm Box
13925	Lucky Scroll08
13926	Crusader Card Box
13927	Alchemist Card Box
13928	Rogue Card Box
13929	Bard Dancer Card Box
13930	Sage Card Box
13931	Monk Card Box
13932	Sylph Box
13933	Undine Box
13934	Salamander Box
13935	Soul Box
13936	Noum Bpx
13937	Robo Eye Box
13938	Twin Ribbon Box
13939	Diadem Box
13940	Siege Tele Scroll Box
13941	Valentine Scroll TW
13942	Love Angel Box 1m
13943	Squirrel Box 1m
13944	Gogo Box 1m
13945	Br SwordPackage
13946	Br MagePackage
13947	Br AcolPackage
13948	Br ArcherPackage
13949	Br MerPackage
13950	Br ThiefPackage
13951	Wasteland Outlaw Box
13952	Lever Action Rifle Box
13953	All In One Ring Box
13954	Spiritual Tunic Box
13955	Recuperative Armor Box
13956	Shelter Resistance Box
13957	Sylphid Manteau Box
13958	Refresh Shoes Box
13959	Toast Box
13960	Name Change Coupon Box
13961	Mojji Box
13962	Deprotai Doll Hat Box
13963	Claris Doll Hat Box
13964	Sorin Doll Hat Box
13965	Tayelin Doll Hat Box
13966	Binit Doll Hat Box
13967	Debril Doll Hat Box
13968	Bubblegum Lower Box
13969	Lucky Clip Box
13970	Iron 10 Box
13971	Steel 10 Box
13972	Coal 10 Box
13973	Poison Bottle 30 Box
13974	TW Scroll01
13975	Picture Diary Box
13976	Mini Heart Box
13977	Newcomer Box
13978	Kid Box
13979	Magic Castle Box
13980	Bulging Head Box
13981	Picture Diary Box 1m
13982	Mini Heart Box 1m
13983	Newcomer Box 1m
13984	Kid Box 1m
13985	Magic Castle Box 1m
13986	Bulging Head Box 1m
13987	Ori Stone 5 Box
13988	Ori Stone 50 Box
13989	Acidbomb 10 Box
13990	Job Manual50 Box
13991	Tiger Mask Box
13992	Cat Hat Box
13993	Alice Doll Box
13994	Speed Up Potion Box5
13995	Speed Up Potion Box10
13996	Big Bun Box100
13997	Big Bun Box500
13998	Giant Fly Wing Box500
13999	Pill  Box100
14000	Pill  Box500
14001	Basic Siege Supply Box
14002	Adv Siege Supply Box
14003	Elite Siege Supply Box
14004	Poison Bottle 10 Box
14005	Poison Bottle 5 Box
14006	F Drooping W Kitty Box
14007	F Rabbit Ear Hat Box
14008	F L Orc Hero Helm Box
14009	F Love Angel Box
14010	F Squirrel Box
14011	F Gogo Box
14012	F Love Angel Box 1m
14013	F Squirrel Box 1m
14014	F Gogo Box 1m
14015	F Wasteland Outlaw Box
14016	F Lever Action Rifle Box
14017	F All In One Ring Box
14018	F Spritual Tunic Box
14019	F Recuperative Box
14020	F Shelter Resist Box
14021	F Sylphid Manteau Box
14022	F Refresh Shoes Box
14023	F Toast Box
14024	F Robo Eye Box
14025	F Twin Ribbon Box
14026	F Diadem Box
14027	F Fish Head Hat Box
14028	F Santa Poring Hat Box
14029	F Bell Ribbon Box
14030	F Mimic Scroll Box5
14031	F Disguise Scroll Box5
14032	F Alice Scroll Box5
14033	F Mimic Scroll Box10
14034	F Disguise Scroll Box10
14035	F Alice Scroll Box10
14036	F New Style Coupon Box
14037	F Repair Scroll Box
14038	F Repair Scroll Box10
14039	F Hockey Mask Box
14040	F Observer Box
14041	F WOB Rune Box5
14042	F WOB Rune Box10
14043	F WOB Schwaltz Box5
14044	F WOB Schwaltz Box10
14045	F WOB Rachel Box5
14046	F WOB Rachel Box10
14047	F WOB Local Box5
14048	F WOB Local Box10
14049	F Spark Candy Box5
14050	F Spark Candy Box10
14051	F Dun Tel Scroll2 Box5
14052	F Dun Tel Scroll2 Box10
14053	F Little Angel Doll Box
14054	F Triple Poring Hat Box
14055	F Nagan Box
14056	F Skewer Box
14057	F Survival Rod Box
14058	F Quadrille Box
14059	F Great Axe Box
14060	F Bloody Roar Box
14061	F Hardback Box
14062	F Fire Brand Box
14063	F Immaterial Sword Box
14064	F Unholy Touch Box
14065	F Clack Of Servival Box
14066	F Masquerade Box
14067	F Orc Hero Helm Box
14068	F Ear Of Devil Wing Box
14069	F Dark Blindfold Box
14070	F K Drooping Kitty Box
14071	F Corsair Box
14072	F Bloody Iron Ball Box
14073	F Spiritual Ring Box
14074	F G O I Box5
14075	F G O I Box10
14076	F Shadow Armor S Box5
14077	F Shadow Armor S Box10
14078	F Shadow Armor S Box30
14079	F Holy Armor S Box5
14080	F Holy Armor S Box10
14081	F Holy Armor S Box30
14082	FS Def Potion Box10
14083	FS Def Potion Box30
14084	FS Def Potion Box50
14085	FB Def Potion Box10
14086	FB Def Potion Box30
14087	FB Def Potion Box50
14088	FS Mdef Potion Box10
14089	FS Mdef Potion Box30
14090	FS Mdef Potion Box50
14091	FB Mdef Potion Box10
14092	FB Mdef Potion Box30
14093	FB Mdef Potion Box50
14094	F Flying Angel Box
14095	F Cat Hat Box
14096	F M F H Box
14097	F Chick Hat Box
14098	F Pecopeco Hairband Box
14099	F Red Glasses Box
14100	F Whisper Mask Box
14101	F Ramen Hat Box
14102	F Dun Tele Scroll1 Box
14103	F Max Weight Up Box
14104	F S Life Potion Box
14105	F S Life Potion Box30
14106	F S Life Potion Box50
14107	F M Life Potion Box
14108	F M Life Potion Box30
14109	F M Life Potion Box50
14110	F Abrasive Box5
14111	F Abrasive Box10
14112	F Regeneration Box5
14113	F Regeneration Box10
14114	F Dun Tele Scroll Box10
14115	F Infiltrator Box
14116	F Muramasa Box
14117	F Excalibur Box
14118	F Combat Knife Box
14119	F Counter Dagger Box
14120	F Kaiser Knuckle Box
14121	F Mighty Staff Box
14122	F Right Epsilon Box
14123	F Balistar Box
14124	F Diary Of Great Sage
14125	F Asura Box
14126	F Apple Of Archer Box
14127	F Bunny Band Box
14128	F Sahkkat Box
14129	F Lord Circlet Box
14130	F Elven Ears Box
14131	F Steel Flower Box
14132	F Critical Ring Box
14133	F Earring Box
14134	F Ring Box
14135	F Necklace Box
14136	F Glove Box
14137	F Brooch Box
14138	F Rosary Box
14139	F Safety Ring Box
14140	F Vesper Core Box01
14141	F Vesper Core Box02
14142	F Vesper Core Box03
14143	F Vesper Core Box04
14144	F Vigorgra Package1
14145	F Vigorgra Package2
14146	F Vigorgra Package3
14147	F Vigorgra Package4
14148	F Vigorgra Package5
14149	F Vigorgra Package6
14150	F Vigorgra Package7
14151	F Vigorgra Package8
14152	F Vigorgra Package9
14153	F Vigorgra Package10
14154	F Vigorgra Package11
14155	F Vigorgra Package12
14156	F Battle Manual Box
14157	F Insurance Package
14158	F Bubble Gum Box
14159	F Str Dish Box
14160	F Agi Dish Box
14161	F Int Dish Box
14162	F Dex Dish Box
14163	F Luk Dish Box
14164	F Vit Dish Box
14165	F Kafra Card Box
14166	F Giant Fly Wing Box
14167	F Neuralizer Box
14168	F Convex Mirror Box
14169	F Blessing 10 Scroll Box
14170	F Inc Agi 10 Scroll Box
14171	F Aspersio 5 Scroll Box
14172	F Assumptio 5 Scroll Box
14173	F Wind Walk 10 Scroll Box
14174	F Adrenaline Scroll Box
14175	F Megaphone Box
14176	F Enriched Elunium Box
14177	F Enriched Oridecon Box
14178	F Token Of Siegfried Box
14179	F Giant Fly Wing Box50
14180	F Giant Fly Wing Box100
14181	F Dex Dish Box30
14182	F Dex Dish Box50
14183	F Luk Dish Box30
14184	F Luk Dish Box50
14185	F Inc Agi 10 Box30
14186	F Inc Agi 10 Box50
14187	F Vit Dish Box30
14188	F Vit Dish Box50
14189	F Insurance Package30
14190	F Insurance Package50
14191	F Convex Mirror Box5
14192	F Convex Mirror Box30
14193	F Blessing10 Box30
14194	F Blessing10 Box50
14195	F Adrenaline10 Box30
14196	F Adrenaline10 Box50
14197	F Assumptio 5 Box30
14198	F Assumptio 5 Box50
14199	F Aspersio 5 Box30
14200	F Aspersio 5 Box50
14201	F Agi Dish Box30
14202	F Agi Dish Box50
14203	F Wind Walk10 Box30
14204	F Wind Walk10 Box50
14205	F Int Dish Box30
14206	F Int Dish Box50
14207	F Battle Manual Box1
14208	F Battle Manual Box5
14209	F Siegfried Box5
14210	F Siegfried Box20
14211	F Kafra Card Box30
14212	F Kafra Card Box50
14213	F Str Dish Box30
14214	F Str Dish Box50
14215	F Bubble Gum Box1
14216	F Bubble Gum Box5
14217	F Megaphone Box1
14218	F Megaphone Box5
14219	F Enriched Elunium Box5
14220	FEnriched Oridecon Box5
14221	MP Scroll Box
14222	MP Scroll Box30
14223	MP Scroll Box50
14224	Quagmire Scroll Box
14225	Quagmire Scroll Box30
14226	Quagmire Scroll Box50
14227	Healing Staff Box
14228	Praxinus Box
14229	Cherry Blossom Scroll
14230	Headphone Box
14231	Novice Box
14232	Yggdrasilberry Box 
14233	Dead Tree Branch Box1
14234	Dead Tree Branch Box2
14235	Field Manual Box 2
14236	Str Dish Box60
14237	Agi Dish Box60
14238	Int Dish Box60
14239	Dex Dish Box60
14240	Luk Dish Box60
14241	Vit Dish Box60
14242	Beholder Ring Box
14243	Hallow Ring Box
14244	Clamorous Ring Box
14245	Chemical Ring Box
14246	Insecticide Ring Box
14247	Fisher Ring Box
14248	Decussate Ring Box
14249	Bloody Ring Box
14250	Satanic Ring Box
14251	Dragoon Ring Box
14252	Beholder Ring Box2
14253	Hallow Ring Box2
14254	Clamorous Ring Box2
14255	Chemical Ring Box2
14256	Insecticide Ring Box2
14257	Fisher Ring Box2
14258	Decussate Ring Box2
14259	Bloody Ring Box2
14260	Satanic Ring Box2
14261	Dragoon Ring Box2
14262	Diary Magic Powder Box
14263	Mini Heart Magic Powder Box
14264	Freshman Magic Powder Box
14265	Kid Magic Powder Box
14266	Magic Magic Powder Box
14267	JJangu Magic Powder Box
14268	Diary Magic Powder Box4
14269	Mini Heart Magic Powder Box4
14270	Freshman Magic Powder Box4
14271	Kid Magic Powder Box4
14272	Magic Magic Powder Box4
14273	JJangu Magic Powder Box4
14274	F Magic Scroll Box
14275	F Magic Scroll Box30
14276	F Magic Scroll Box50
14277	F Quagmire Scroll Box
14278	F Quagmire Scroll Box30
14279	F Quagmire Scroll Box50
14280	Healing Staff Box2
14281	Praccsinos Box
14282	Emperium Box
14283	Marriage Covenant Box
14284	Muffler C Box
14285	Valkyrjas Shield C Box
14286	Skul Ring C Box
14287	S Barricade Repair Kit
14288	S Gstone Repair Kit
14289	Cloth Dye Coupon Box
14290	Cloth Dye Coupon2 Box
14291	Cloth Dye Coupon3 Box
14292	Cloth Dye Coupon4 Box
14293	Mercenary Contract Box
14294	Mercenary Contract 5Box
14295	Mercenary Contract 10Bo
14296	Angel Scroll
14297	Devil Scroll
14298	Surprise Scroll
14300	Mask Of Ifrit Box
14301	Ifrits Ear Box
14304	Scuba Mask Box
14306	RWC Special Scroll
14307	RWC Limited Scroll
14308	Ardor Scroll
14314	Phreeoni Scroll Box
14315	GhostringS Box
14316	July7 Scroll
14317	Bacsojin Scroll
14343	Spiked Scarf Box
14344	Rainbow Scarf Box
14345	Animal Scroll
14349	Mental Potion20 Box
14350	Mental Potion50 Box
14351	Tyrs Blessing20 Box
14352	Tyrs Blessing50 Box
14359	TaogunkaS Box
14360	MistressS Box
14361	Orc HeroS Box
14362	Orc LoadS Box
14363	Heart Scroll
14372	Powder Snow Box
14375	Holy Celestial Axe Box
14376	Angeling Pot Box
14377	Shout Megaphone Box
14379	Love Daddy Box
14380	Anubis Helm Box
14381	Piercing Box M
14382	Lich Bone Box M
14383	Long Horn Box M
14384	Hunting Spear Box M
14385	Death Note Box M
14393	Almighty Charm Box
14407	Xmas Scroll
14408	New Year Scroll
14438	Honglyuns Sword Box
14439	Power Of Thor Box
14440	Dice Hat Box
14441	King Tiger Doll Hat Box
14442	Wondering Wolf Helm Box
14443	Pizza Hat Box
14444	Icecream Hat Box
14447	Pirates Pride Box
14448	Necromencers Hood Box
14459	Rabbit Magic Hat Box
14460	China Wedding Veil Box
14461	Asara Fairy Hat Box
14466	Valentine Pledge Box
14469	Ox Tail Scroll
14485	Academy Badge Box
14486	Academy Fresh Hat Box
14487	Academy Gradu Cap Box
14488	Blue Pajamas Hat Box
14489	Pink Pajamas Hat Box
14500	Insurance60
14508	Zeny Scroll
14509	Light Center Pot
14510	Light Awakening Pot
14511	Light Berserk Pot
14512	Meteor 10 Scroll
14513	Storm 10 Scroll
14514	Vermilion 10 Scroll
14515	Lex Aeterna Scroll
14516	Magnificat 5 Scroll
14517	CP Helm Scroll
14518	CP Shield Scroll
14519	CP Armor Scroll
14520	CP Weapon Scroll
14521	Repair Scroll
14522	Big Bun
14523	Pill 
14524	Superb Fish Slice
14525	Chewy Ricecake
14526	Oriental Pastry
14527	Dun Tele Scroll1
14528	PVP Tele Scroll
14529	Greed Scroll
14530	Flee 30 Scroll
14531	Accuracy 30 Scroll
14532	Battle Manual25
14533	Battle Manual100
14534	Small Life Potion
14535	Med Life Potion
14536	Abrasive
14537	Regeneration Potion
14538	Glass Of Illusion
14539	Shadow Armor S
14540	Holy Armor S
14541	S Def Potion
14542	B Def Potion
14543	S Mdef Potion
14544	B Mdef Potion
14545	Battle Manual X3
14546	Fire Cracker Love
14547	Fire Cracker Wday
14548	Fire Cracker Vday
14549	Fire Cracker Bday
14550	Fire Cracker Xmas
14551	Str Dish01 
14552	Str Dish02 
14553	Str Dish03 
14554	Int Dish01 
14555	Int Dish02 
14556	Int Dish03 
14557	Vit Dish01 
14558	Vit Dish02 
14559	Vit Dish03 
14560	Agi Dish01 
14561	Agi Dish02 
14562	Agi Dish03 
14563	Dex Dish01 
14564	Dex Dish02 
14565	Dex Dish03 
14566	Luk Dish01 
14567	Luk Dish02 
14568	Luk Dish03 
14569	Knife Goblin Ring
14570	Flail Goblin Ring
14571	Hammer Goblin Ring
14572	Holy Marble
14573	Red Burning Stone
14574	Skull Of Vagabond
14575	Str Dish05 
14576	Int Dish05 
14577	Vit Dish05 
14578	Agi Dish05 
14579	Dex Dish05 
14580	Luk Dish05 
14581	Dun Tele Scroll2
14582	WOB Rune
14583	WOB Schwaltz
14584	WOB Rachel
14585	WOB Local
14586	Spark Candy
14587	Repair Scroll 
14588	Pty Blessing Scroll
14589	Pty Inc Agi Scroll
14590	Pty Assumptio Scroll
14591	Siege Teleport Scroll
14592	Job Manual50
14593	Magic Power Scroll
14594	Quagmire Scroll
14595	Unsealed Magic Spell
14596	Pierre Treasurebox
14597	PhreeoniS
14598	GhostringS
14599	Greed Scroll C
14600	Mental Potion
14601	Tyrs Blessing
14602	TaogunkaS
14603	MistressS
14604	Orc HeroS
14605	Orc LoadS
14606	Job Manual25
14607	Luxurious Dinner W
14608	Luxurious Dinner E
14609	Spoiled Cuisine
14611	M Def Potion
14612	M Mdef Potion
14613	RWC Scroll 2012
14614	Ex Def Potion
14616	STR Biscuit Stick
14617	VIT Biscuit Stick
14618	AGI Biscuit Stick
14619	INT Biscuit Stick
14620	DEX Biscuit Stick
14621	LUK Biscuit Stick
14674	Cup Of Boza
14680	Cup Of Mintlemon
15000	Bone Plate
15001	Odins Blessing I
15002	Rune Plate
15003	Freyja SRobe7
15004	Freyja SRobe30
15005	Freyja SRobe60
15006	Freyja SRobe90
15007	Time Keepr Robe
15008	Flame Sprits Armor  
15009	Para Team Uniform1
15010	Para Team Uniform2
15011	Para Team Uniform3
15012	Puente Robe
15013	Claire Suits
15014	Ebone Armor
15015	Upg Adv Suit
15016	Upg Coat
15017	Upg Saint Robe
15018	Upg Tights
15019	Upg Thief Cloth
15020	Upg Mail
15021	Upg Formal Dress
15022	Brazil Swimsuit
15023	Half Brynhild
15024	Army Padding
15025	Golden Rod Robe
15026	Aqua Robe
15027	Crimson Robe
15028	Forest Robe
15029	Robe Of Affection
15030	Robe Of Judgement
15031	Para Team Armor
15032	Tidung
15033	Tutorial Mattle
15034	Tutorial Mattle 
15035	2010Love Daddy
15036	Ur Plate
15037	Peuz Plate
15038	Sabah Cloth
15039	Nab Cloth
15040	Prison Uniform
15041	Boitata Armor
15042	White Wing Suits
15043	Black Wing Suits
15044	Green Operation Coat
15045	Armor Of Valor
15046	Siege Plate
15047	Siege Suits
15048	Siege Robe
15049	Armor Of Faith
15050	Armor Of Sanctity
15051	Bakonawa Armor
15052	Bayani Bakonawa Armor
15053	Special Ninja Suit
15054	Ninja Scale Armor
15055	Tenebris Latitantes
15056	Special Ninja Suit 
15057	Pure White Apron
15058	Rider Suit
15059	2011Love Daddy
15060	Sky Blue Smock
15061	Egir Armor
15062	TE Woe Coat
15063	TE Woe Chain Mail
15064	TE Woe Mage Coat
15066	Engraved Armor
15067	Rune Suit
15068	Im Angels Protection
15073	Anti Magic Suit
15074	Geffen Mage Robe
15089	Lounge Suit
15090	Armor Of Gray
15091	Gray Robe
15116	Airship Armor
15117	Felock Armor
15121	Robe Of Sarah
15123	Whikebain Suit
15126	Female Poring Balloon
15128	Female Poring Egg
15129	Blue Bellflower Hat
15138	Aegir Armor
15150	White Shirt
15151	White Eco Shirt
15156	Elegant Doram Suit
15212	YSF01 Plate
15246	True Hunting Mail
15247	R Hunting Mail
15250	Rebeginer Suits
15278	Overwhelm Str Armor
15279	Overwhelm Int Armor
15280	S CriticalHit Armor
15346	Overwhelm Luk Armor
15347	Overwhelm Vit Armor
15348	Goibne Armor IL
15353	Overwhelm Agi Armor
15354	Overwhelm Dex Armor
15376	Illusion Armor A
15377	Illusion Armor B
15378	Lava Leather Armor
15379	Lava Leather Suits
15380	Lava Leather Robe
15383	Time Overload Robe
15388	Schmidt Suits
15389	Schmidt Manteau
15391	DragonA Red
15392	DragonA Green
15393	DragonA Gold
15394	DragonA Purple
15395	DragonA Blue
15396	DragonA Silver
16000	Erde
16001	Red Square Bag
16002	Stunner C
16003	Carga Mace
16004	P Mace1
16005	P Mace2
16006	Tourist Mace
16007	Mjolnir C
16008	F Spanner C
16009	E Spanner C
16010	Red Ether Bag
16011	Adventure Mace
16012	Academy Mace
16013	Mace Of Judgement
16014	P Mace3
16015	Cat Club
16016	Tuna
16017	Bloody Cross
16018	Mace Of Judgement2
16019	Upg Mace
16020	Velum Stunner
16021	Velum Flail
16022	Nemesis 
16023	Metal Mace
16024	Quadrille 
16025	TE Woe Mace
16026	RWC Memory Mace
16027	Hammer Of Evil Slayer
16028	Thanos Hammer
16030	Pilebuncker S
16031	Pilebuncker P
16032	Pilebuncker T
16039	Spoon
16040	Scarlet Mace
16041	Mace of Vicious Mind
16063	Long Mace IL
16065	Iron Driver IL
16075	Rebeginer NC Mace
16076	Rebeginer N2 Mace
16088	Saphir Hall OS
16089	Ultio Spes OS
16099	Ein 1HHAMMER
16131	Lady Tanee Doll Box
16132	Lunatic Hat Box
16134	King Frog Hat Box
16135	Evils Bone Hat Box
16185	Raven Cap Box
16186	B Dragon Hat Box
16192	Quati Hat Box
16193	Tucan Hat Box
16194	Jaguar Hat Box
16195	Tw March Scroll
16226	Aries Diadem Box
16227	Aries Crown Box
16228	RJC Katusa Box
16229	Scarlet Rose Box
16230	Taurus Diadem Box
16231	Taurus Crown Box
16232	Reginleif Box
16235	Octopus Hat Box
16236	Leaf Cat Hat Box
16237	Fur Seal Hat Box
16238	Wild Rose Hat Box
16239	Saci Hat Box
16246	Crown Of Deceit Box
16247	Dragon Arhat Mask Box
16248	Tiger Arhat Mask Box
16249	Knight Gift Box
16251	Gemini Diadem Box
16252	Gemini Crown Box
16253	Rabbit Scroll
16254	Energizing Potion Box
16257	Buddah Scroll
16258	HD Bradium Box5
16259	HD Carnium Box5
16260	HD Bradium Box10
16261	HD Carnium Box10
16269	Cancer Diadem Box
16270	Cancer Crown Box
16304	Evil Incarnation Disable
16305	Upg Guard Box
16306	F Upg Guard Box
16307	Upg Buckler Box
16308	F Upg Buckler Box
16309	Upg Shield Box
16310	F Upg Shield Box
16311	Upg Shoes Box
16312	F Upg Shoes Box
16313	Upg Boots Box
16343	Leo Crown Box
16344	Leo Diadem Box
16345	F Leo Crown Box
16346	F Leo Diadem Box
16360	Desert Prince Box
16361	FDesert Prince Box
16362	Sigruns Wing Box
16363	FSigruns Wing Box
16368	Virgo Crown Box
16371	Tw Aug Scroll
16372	F Clover Box Mouth
16374	Mouth Bubble Gum Box
16381	WoE Teleport Scroll 100 Box
16385	F Clover Box Mouth2
16386	F Clover Box Mouth4
16389	BGum Box In Mouth2
16390	BGum Box In Mouth4
16393	HD Ori Box5
16394	HD Ori Box10
16395	HD Elu Box5
16396	HD Elu Box10
16397	Virgo Diadem Box
16405	Midgard Coin Box
16406	FMidgard Coin Box
16409	Tw Sep Scroll
16410	Chung Hairband Box
16411	FChung Hairband Box
16412	Ice Wing Ear Box
16413	FIce Wing Ear Box
16414	Turtle Hat Box
16415	FTurtle Hat Box
16418	Giant Fly Wing Box 500
16419	Greed Scroll Box 30
16420	Adventurer Pack
16423	PoporingKey
16424	Executioner Box 
16425	Cutlus Box
16426	Moonlight Dagger Box
16427	Wrench Box
16428	Solar Sword Box 
16429	Tomahawk Box 
16430	Rudra Bow Box
16431	Pole Axe Box 
16436	Libra Crown Box
16438	Libra Diadem Box
16440	Filir Wing Box
16446	Tw October Scroll
16447	Scorpio Crown Box
16448	Scorpio Diadem Box
16450	FScorpio Diadem Box
16456	My Scroll1
16457	Tw Nov Scroll
16461	Red Wing Hat Box
16462	FRed Wing Hat Box
16466	My Scroll2
16483	Abrasive Box 10
16503	E Insurance Package
16504	Bubble Gum Box 10
16542	Xmas Bless
16543	Snowman Hat Box
16544	FSnowman Hat Box
16548	Sagittarius Crown Box
16549	Sagittarius Diadem Box
16555	Pr Reset Stone Box
16556	FPremium Reset Stone Box
16557	CP Helm Scroll10
16558	CP Shield Scroll10
16559	CP Armor Scroll10
16560	CP Weapon Scroll10
16561	CP Scroll Package
16562	Majestic Devil Scroll
16563	BM100 Box 5
16565	Capricorn Crown Box
16567	Capricorn Diadem Box
16568	FCapricorn Diadem Box
16569	Summer Scroll
16576	Illusion Nothing
16577	Dragon Captain
16582	Red Bunny Band Box
16584	Sloth Hat Box
16585	F Sloth Hat Box
16586	Duneyrr Helm Box
16587	F Duneyrr Helm Box
16600	Spring Flower Scr Tw
16601	Blue Arara Hat Box
16602	F Blue Arara Hat Box
16619	Yellow Bunnyband Box
16631	Aributa Scroll
16638	Ribbon Of Life Box
16639	Ribbon Of Life Box2
16640	Ribbon Of Life Box3
16652	Flame Light
16653	BM75 10Box
16654	Valiant Will
16665	Virgo Scroll
16666	Magic Candy Box10
16673	Libra Scroll
16675	Splash Scroll
16677	Universal Catalog Gold Box10
16681	BR Independence Scroll
16682	Boarding Halter Box
16683	B Halter Box 30Days
16684	Wing Of Fly Box10
16685	Wing Of Fly Box50
16686	Wing Of Fly Box100
16687	RWC2010 SuitcaseA
16688	RWC2010 SuitcaseB
16691	Scorpius Scroll
16740	Ptotection Seagod Box
16741	Hairtail Box1
16742	Hairtail Box2
16743	Spearfish Box1
16744	Spearfish Box2
16745	Saurel Box1
16746	Saurel Box2
16747	Tuna Box1
16748	Tuna Box2
16749	Malang Crab Box1
16750	Malang Crab Box2
16751	Brindle Eel Box1
16752	Brindle Eel Box2
16753	Unbreak Weap Box
16754	F Unbreak Weap Box
16755	Unbreak Def Box
16756	F Unbreak Def Box
16757	Hallo Scroll
16760	Umbala Spirit Box2
16761	F Umbala Spirit Box2
16763	Ptotection Seagod Box2
16764	Ptotection Seagod Box3
16765	Octo Hstick Box
16766	Octo Hstick Box2
16767	Octo Hstick Box3
16770	Silvervine Fruit Box10
16771	Silvervine Fruit Box40
16774	Asgard Scroll
16775	Sagittarius Scroll
16776	Universal Catalog Gold Box10 
16777	Universal Catalog Gold Box50
16826	Sagittarius Scr Box
16843	Beauty Gift Box
16854	Clothing Dye Box
16855	Clothing Dye Orig Box
16972	Weather Report Box
16973	Yellow Hat Box
16974	Comin Actor Box
16975	Singing Bird Box
16976	Hen Set Box
16977	Red Minicrown Box
16979	Silvervine Fruit Box4
16990	Sagittar Diadem Scroll
16991	Sagittar Di Scroll Box
16992	Butterfly Wing Box20
16993	Butterfly Wing Box50
16995	Old Hat Box
16996	Capri Crown Scroll
16997	Capri Crown Scroll Box
16998	Archangel Wing Box
16999	Bravery Bag Box
17000	Wander Man Box5
17001	Wander Man Box10
17002	Wicked Nymph Box5
17003	Wicked Nymph Box10
17004	Kasa Scroll Box5
17005	Kasa Scroll Box10
17006	Salamander Box5
17007	Salamander Box10
17008	Teddy Bear Box5
17009	Teddy Bear Box10
17011	Capricon Di Scroll
17012	Capricon Di Scroll Box
17013	Malang Woe Encard Box
17014	Butterfly ear Box
17015	Stuckhead Screw Box
17016	Aquarius Diadem Scroll
17017	Aquarius Di Scroll Box
17018	Libra Scroll2
17019	Scorpio Scroll2
17020	Tw Nov Scroll2
17021	Summer Scroll3
17022	Super Pet Egg1 2
17023	Super Pet Egg4 2
17024	Lovely Aquarius Scroll
17025	Lovely Aquarius Box
17026	Boitata Scroll
17028	Pisces Diadem Scroll
17029	Pisces Diadem Box2
17030	St Pat Hat box
17035	Energetic Pisces Scroll
17036	Energetic Pisces Box
17037	Trans Box Devi
17038	Trans Box Ray Arch
17039	Trans Box Mavka
17040	Trans Box Marduk
17041	Trans Box Banshee
17042	Trans Box Poring
17043	Trans Box Golem
17050	Aries Scroll 
17051	Aries Scroll Box
17052	Holy Mom Blaze Box
17056	Wiz Card Album
17057	Swordman Card Album
17058	Thief Card Album
17059	Acolyte Card Album
17060	Merchant Card Album
17061	Archer Card Album
17062	Taurus Diadem Scroll
17063	Taurus Di Scroll Box
17064	Tw Sagitt Scroll
17066	Poison Bottle Box50
17067	Poison Bottle Box100
17068	Acidbomb Box50
17069	Acidbomb Box100
17070	Acidbomb Box500
17071	Superb Fish Box50
17072	Superb Fish Box100
17073	Superb Fish Box500
17074	Empty Bottle Box10
17075	Empty Bottle Box100
17076	Empty Bottle Box500
17077	Taurus Crown Scroll
17078	Taurus Crown Scroll Box
17080	Scorpio Scroll3
17081	Yggdrasil Crown Box
17082	Gemi Diadem Scroll
17083	Gemi Diadem Scroll Box
17084	Upg Katar Box
17085	Upg Two Handed Axe Box
17086	Upg Lance Box
17087	Upg Book Box
17088	Upg Staff Box
17089	Upg Dagger Box
17090	Upg Revolver Box
17091	Upg Mace Box
17092	Upg Bow Box
17093	Upg Twohand Sword Box
17094	Upg Katar Box2
17095	Upg Two Handed Axe Box2
17096	Upg Lance Box2
17104	HD Oridecon 50Box
17105	HD Elunium 50Box
17106	Max Weight Up 10Box
17107	Gemi Crown Scroll
17108	Gemi Crown Scroll Box
17109	Capri Scroll
17110	Aquarius Scroll
17113	Pisces Scroll
17114	Horn Of The Ancient Box
17115	Sprout Hat Box
17116	Mercury Helm Box
17118	ASPD Potion Box10
17120	Taurus Scroll
17121	Starry Scroll
17122	Immuned Shield Box
17123	Black Devil Mask Box
17124	Cat Ears Beret Box
17125	Red Bread Hat Box
17126	ASPD Potion Box10 2
17127	Leo Scroll2
17134	RWC Scroll
17138	Ms Cancer Scroll
17139	RWC Super Scroll
17140	Leo Scroll3
17141	Ms Virgo Scroll
17143	Ms Scorpio Scroll
17146	Dep Alice Hat Box
17147	Ribbon Chef Hat Box
17152	Bridal Ribbon Box
17155	Upg Huuma Shuriken Box
17156	TCG Card Scroll
17157	Vital Flower Box
17158	Flame Gemstone Box
17162	Boarding Halter Box7
17163	Mystic Powder Box30
17165	Challenge Kit
17176	Boarding Halter Box3
17181	Jan Groove Box
17184	3rd Test Pass Box
17203	Free Pass Box
17207	Idn Heart Scroll
17209	Tw Rainbow Scroll
17210	Tw Red Scroll
17211	Tw Orange Scroll
17212	Tw Yellow Scroll
17224	Almighty Box
17226	C Center Potion Box
17227	C Awakening Potion Box
17228	C Berserk Potion Box
17229	C Wing Of Fly Box
17233	Scroll Of Death
17234	Scroll Of Life
17235	Scroll Of Magic
17236	Scroll Of Thews
17237	Scroll Of Darkness
17238	Scroll Of Holiness
17239	Horned Scroll
17240	Mercury Scroll
17245	Idn Independ Scroll
17246	HD Elu Box30
17247	HD Ori Box30
17251	C Wing Of Fly 3Day Box
17252	RWC 2012 Set Box
17253	RWC 2012 Ring Box
17254	RWC 2012 Pendant Box
17256	Good Student Gift Box
17257	Bad Student Gift Box
17262	Ex Def Potion Box
17270	STR Biscuit Stick Box
17271	VIT Biscuit Stick Box
17272	AGI Biscuit Stick Box
17273	INT Biscuit Stick Box
17274	DEX Biscuit Stick Box
17275	LUK Biscuit Stick Box
17336	Jeremy Beauty Coupon Box
17774	Almighty Plus Box3
17775	Almighty100 PlusBox3
17882	Refine Ore Box17 Set10
17883	Refine Ore Box17
17884	HD Refine Ore Box5
17885	HD High Refine Box3
17886	Infinity Box
17887	Infinity 10 Box
17894	New Vigorgra Package
17895	New Vigorgra Set
17914	2017 GStar CostumeBox
17923	Refine Ore Box18
17924	Refine Ore Box18 Set10
17925	HD Refine Ore Box6
17926	HD High Refine Box4
17935	New 3 Potion pack
17936	New 3 Potion 10pack
17940	Nyangvine Box10 3
17941	Nyangvine Box100 3
17944	Almighty Plus Box4
17945	Almighty100 PlusBox4
18000	Cannon Ball
18001	Holy Cannon Ball
18002	Dark Cannon Ball
18003	Soul Cannon Ball
18004	Iron Cannon Ball
18100	Shooting Star C
18101	F Bow Of Rudra C
18102	E Bow Of Rudra C
18103	Mystic Bow
18104	Adventure Bow
18105	Academy Bow
18106	P Bow3
18107	Malang Snow Crab
18108	Brindle Eel
18109	Catapult
18110	Big CrossBow
18111	Creeper Bow
18112	Upg Bow
18113	Velum Arbalest
18114	Velum CrossBow
18115	Orc Archer Bow 
18116	Metal Bow
18117	Royal Bow
18118	TE Woe Bow
18119	Thanos Bow
18120	Bow Of Evil Slayer
18121	Bow of Vicious Mind
18122	Gigantic Bow
18123	Bow Of Storm
18124	Half BF Bow1
18126	Ru Blue Bow
18128	Infinity Bow
18130	Scarlet Bow
18149	Balistar IL
18164	Royal Bow K
18165	Rebeginer RN Bow
18166	Rebeginer WM Bow
18170	Neev Bow Of Rogue
18174	Hunter Bow IL
18178	Virtual Bow OS
18179	MH P89 OS
18180	AC B44 OS
18182	Evt Royal Bow K
18183	Evt Narcis Bow
18190	Ein BHBOW
18500	Cheer Scarf6
18501	Cheer Scarf8
18502	Cheer Scarf10
18503	Small Horn Of Devil
18504	Anubis Helm J
18505	Umbala Spirit
18506	Hattah Black
18507	Elven Ears 
18508	Garuda Hat
18509	RWC2010 Indonesia
18510	Blood Angel Hair Band
18511	Blood Angel Wing Ear
18512	Juho Necktie
18513	Shining Sunflower
18514	Para Team Hat2
18515	RTC Winner Headgear
18516	RTC 2nd Headgear
18517	RTC 3rd Headgear
18518	Ear Of Angels Wing 
18519	Ear Of Devils Wing 
18520	Jaty C
18521	Lucky Clover
18522	Evil Marcher Hat
18523	Super Scell
18524	Dokkebi Mask
18525	Watermelon Hat
18526	Yummy Lollipop
18527	Gloomy Pumpkin Hat
18528	Tare Neko Cru
18529	Drooping Wild Rose
18530	Tha Despero Mask
18531	Drooping Permeter
18532	Heart Ribbon Band
18533	Honeybee Hat
18534	Fancy Phantom Mask
18535	Pumpkin Hat 2010
18536	Foxtail
18537	Malangdo Hat
18538	Evil Whisper
18539	Skull Cap
18540	Evil Mask
18541	Little Fhat
18542	All Love Guard
18543	Witchs Hat
18544	Blrabbit Hband
18545	Whrabbit Hband
18546	Lover In Mouth
18547	Campus Festival
18548	Tiny Hat
18549	Butterfly Hairpin
18550	Asgard Blessing
18551	Galaxy Circlet
18552	Proba Angel Blessing
18553	Mini Tree
18554	King Prawn Hat
18555	General Helmet
18556	Angel Helmet
18557	Devil Helmet
18558	Sinsuncho Hat
18559	Fafnir Skin
18560	Fafnir Mask
18561	B Feather Beret
18562	Bone Hat
18563	Heart Wing Hairband
18564	Love Piece
18565	Leprechaun Hat
18566	Nut Donut In Mouth
18567	Stretched Nose
18568	Humming Bird
18569	Soft Sheep Hat
18570	Ancient Gold Deco
18571	Lucky Hat
18572	Korean Judge Hat
18573	White Feather
18574	Lord of Death
18575	Wunderkammer
18576	YinYang Earring
18577	24 Bolt
18578	Helm Of Valor
18579	9th Anni Hat
18580	Yggdrasil Crown
18581	Red Tiger Mask
18582	Blue Tiger Mask
18583	Navy Drooping Kitty
18584	Brown Drooping Kitty
18585	Orange Bunny Hairband
18586	Violet Bunny Hairband
18587	Blue Bunny Hairband
18588	Silver Bunny Hairband
18589	Strawberry Hat
18590	Gemma Hairband
18591	Mini Glasses 
18592	Nestea Hat
18593	Fancy Mini Crown
18594	Magni Cap 
18595	Horn Of Ancient
18596	Sprout Hat
18597	Mercury Helm
18598	Mini Tree J
18599	Black Devil Mask
18600	Cat Ears Beret
18601	Red Bread Hat
18602	Watermelon Slice
18603	Black Devil Mask 
18604	Falcon Mask
18605	Dark Age
18606	Tear Drop
18607	Blush 
18608	Pair Of Red Ribbon2
18609	Dark Blindfold 
18610	7th Anni Hat B
18611	Black Glasses 
18612	White Musang Hat
18613	Black Musang Hat
18614	Grim Reaper Hat
18615	Injured Eyepatch
18616	Long Tongue
18617	Onigiri In Mouth
18618	Airplane Hat
18619	Thief Bandana
18620	Heart Eyepatch
18621	Gangster Mask A
18622	Rocket Helm1
18623	Rocket Helm2
18624	Rocket Helm3
18625	Rocket Helm RWC
18626	Gelato Hat
18627	Dried Leaf
18628	Tare Brownie
18629	B Desert Wolf Hat
18630	Dep Alice Hat
18631	Ribbon Chef Hat
18632	Yellow Poring Hairpin
18633	Pink Poring Hairpin
18634	Green Poring Hairpin
18635	Blue Poring Hairpin
18636	Bridal Ribbon
18637	Ancient Admiral Helm
18638	Citron Hat
18639	Naval Officer Hat
18640	Starfish Headband
18641	Ribbon Magic Hat
18642	hand Scissorhand Model
18643	Rockhand Model
18644	Paperhand Model
18645	Sailor Hat
18646	Cow Hat
18647	Star Eyepatch
18648	Tongue Charm
18649	Lude Mask
18650	RWC Shouting Mouth
18651	Ignis Cap
18652	Vanargand Helm
18653	Devi Headphone
18654	SS Bandana
18655	Lupin One Eyed Glasses
18656	Wit Pumpkin Hat
18657	Pegasus Wing Ears
18658	Holy Santa Beard
18659	Boitata Hat
18660	Indi Feather Band
18661	Trident Helmet
18662	Antler Fedora
18663	Sunglasses Bball Hat
18664	Blind Glasses
18665	Orange In Mouth
18666	CD In Mouth
18667	Cat Lace Hairband
18668	Droopy Turtle Hat
18669	Cowhide Hat
18670	Hankie In Mouth
18671	Rudolf Hairband
18672	Tare Pope
18673	Tare Pope 
18674	Planewing Hat
18675	Green Apple Hat
18676	Hexagon Spectacles
18677	Cherry Twig In Mouth
18678	Leek In Mouth
18679	Abacus In Mouth
18680	Tw Frog Hat
18681	Puppy Ears Hat
18682	Teardrop
18683	Carrot In Mouth
18684	Showy High Cap
18685	Stardust Hairband
18686	2011 RMSC 1
18687	2011 RMSC 2
18688	2011 RMSC 3
18689	2011 RMSC 4
18690	Sirt Evil Eye
18691	Rising Black Dragon
18692	Mike Hat
18693	Sleeping Kitty Cat
18694	Red Hood
18695	Phoenix Crown
18696	Orange Hat
18697	Syringe In Mouth
18698	Cheesy Snack In Mouth
18699	Starving Fish Hat
18700	Rabbit Ribbon
18701	Ancient Civil Man
18702	Shaving Cream
18703	Stem In Mouth
18704	Drosera Hairpin
18705	Flip Hat
18706	Can Hat
18707	Maneater Flower Hat
18708	Candy Hat
18709	Black Knitted Hat
18710	Sugared Fruit Stick
18711	Electric Sunglass
18712	Fan In Mouth
18713	Monkey On Fur Hat
18714	Hippo Hat
18715	Helm Of Thoth
18716	Strawberry In Mouth
18717	Skull Hood 
18718	Rose Hairband
18720	Magical Booster
18721	Sweet Valentine Cap
18722	Winged Feather Ears
18723	Aura Quartz Crown
18724	Baphomet Horns
18725	Rabbit Knithat
18726	Skymet
18727	Sedora Hat
18728	Egir Helm
18729	MVP Basketball
18730	Cryptura Academy Hat
18731	Valkyrie Outing Helm
18732	TE Woe Cap
18733	TE Woe Bone Helm
18734	TE Woe Magic Eyes
18736	Censor Bar 
18737	Fortier Mask
18739	Carnation Hairband
18740	C Hair Of The Strong
18741	C Will O Wisp
18742	C MoonStar Accessory
18743	C Spirit Of Chung E
18744	C World Star
18745	Choco Stick In Mouth
18746	Chilly Breath
18747	Eyes Of Ifrit
18748	Gold Ingot Poring Hat
18749	Majoruros Horn
18750	Poker Card In Mouth
18752	Cursed Book
18753	Tw Rice Ball
18754	Blood Sucker
18755	Feather Beret 
18756	Black Shiba Inu Hat
18757	Holy Klobuk
18758	Hat Of Scrat
18759	Stretched Nose M
18760	Remodel Wizardry Hat
18761	Remodel Magician Hat
18762	Remodel Mask Of Fox
18763	Remodel Joker Jester
18764	Remodel Bunny Band
18765	Enhanced Corsair
18766	Enhanced Helm Of Angel
18767	Enhanced Helm Of Sun
18768	Enhanced Bone Helm
18769	Remodel Munak Turban
18770	Remodel Bongun Hat
18771	Remodel Opera Mask
18772	Improved Binoculars
18773	Improved Fin Helm
18774	Improved Assassin Mask
18775	Improved Welding Mask
18776	Improved Kiss Of Angel
18777	Aladdin Lamp
18778	Pink Bunny Hair Band
18779	RWC Champ Crown Red
18780	RWC Champ Crown Blue
18781	RWC Champ Crown Black
18782	Butterfly Wing Ear J
18783	Rose Corolla
18784	Elder Devil Horns 
18785	King Poring Hat
18786	Anemos Mask
18787	Goaltender Mask
18788	Starlight Scope
18789	Poison Spore Hat
18790	Rainbow Poring Hat
18791	Shrine Maiden Hat
18792	Indonesian Id Sakkat
18793	Sorc Night Cap
18794	Ordinary Black Mage Hat
18795	Night Sparrow Hat
18796	RWC Champ Crown QF
18797	Deep Angel Hairband
18798	Pink Angel Hairband
18799	Mask of Nero
18800	Mask of Formic
18801	Gale Hair Ornament
18802	Poring Fedora Hat
18803	Rose Cascade
18804	Thornwood Band
18805	Eclipse Hat
18806	Black Rabbit Hat
18807	Yellow Yuzu Hat
18808	Wing Form Spectacle
18810	Hell Pumpkin Hat
18811	White Snake Hat 
18812	Elder Crown
18813	New Wave Sunglasses
18814	Angel School Cap
18815	Devil School Cap
18816	Adv Angel School Cap
18817	Adv Devil School Cap
18818	Red Pencil In Mouth
18819	Blue Pencil In Mouth
18820	Gray Helmet
18821	Rainbow Feather Deco
18822	Flame Wing Ear
18823	Imperial Feather
18824	Mask Of Bankrupt
18825	Bankruptcy Of Heart 
18826	Woodie Hat
18827	Valkyrie Circlet
18828	2012RMSCNO1
18829	2012RMSCNO2
18830	2012RMSCNO3
18831	2012RMSCNO4
18832	Rolf Von Gigue 666
18833	Marin Crown
18834	Sakura Hairband
18835	TW 10th Anni Hat
18836	TW 10th Anni Lmtd Hat
18837	Cheering Whistle
18839	Poring Sunglasses 
18840	King Poring Hat 
18841	Small Poring Band
18842	Hat Of Girl
18843	Small Deviling Hat
18844	Blue Poring Bubble
18845	Banshee Master Kiss
18846	Seagod Protector
18847	Jolly Roger
18848	Lush Rose
18849	Celines Ribbon
18850	Polar Bear Cap
18851	ValentineHeart
18852	Berry Hat Decoration
18853	Berry Hat Decoration 
18854	ValentineYellowHeart
18855	Aviator Hat
18858	Pink Angeling Bubble
18859	Angeling Bubble
18860	Preschool Hat
18870	Very Sweet Candy Bar
18871	Very Sweet Candy
18872	Snake Hat
18873	Sweet Valentine Out
18874	One Eyed Glass 
18879	Angry Scorpion Hat
18880	Advanced Jao King Hat
18885	Jejecap
18886	Rainbow Long Octopus
18887	Aqua Bunny Band
18888	Maroon Bunny Band
18889	Golden Bunny Band
18890	Gray Bunny Band
18891	Husky Hat
18892	Ufo Poring Hat
18893	Dragon Claw Helm
18894	Rainbow Star
18895	Celestial Dark Flame
18896	Pterios Fins
18897	Azure Diadem
18898	Yggdrasil Herald Crown
18900	Weisswurst
18901	Seppl Hat
18908	Isabella Red Ear
18909	Isabella Brown Ear
18910	Isabella Blue Ear
18911	Red Flower Hat
18912	Bell Pigeon
18913	Gossip Raven
18914	Kid Deviling
18915	Blood Buffterfly
18916	Bear Balloon
18917	LoveLove Balloon
18918	Long Octopus Balloon
18921	C Lamp Of Alladin
18929	Elephant Model Hat
18934	Fox Ears Bell Ribbon
18937	Memories Of Lovers
18938	Astro Circle
18942	Knit Cap Of Water
18943	Silk Hat Of Earth
18944	Deviruchi Balloon
18945	Tare Maid Doll Hat
18946	Tare HSchool Doll Hat
18969	Boss Beret
18997	Riot Chip
19014	Gravekeeper Blinker
19015	C Kamas Hairband
19019	Elemental Crown
19020	Survive Circlet
19021	Gigant Helm
19022	Floating Stone Of Int
19023	Queen Scaraba Crown
19024	Protect Feathers
19025	Puppy Ears Hat 
19026	Aegir Helm
19027	Type 10 Glasses
19028	Devils Minion
19029	Alice Friesinger Hat 69
19031	Fallen Angel Blessing
19041	Black Fairy Ears
19042	Maneater Flower Hat 
19043	Goibnes Helmet 
19044	Morriganes Helm 
19045	Blue Ears Accessory
19046	Poisonous Man
19047	Angeling Furhat
19051	Warrior Moon Cat Hat
19053	Fighter Moon Cat Hat
19080	Nettie Heart Bubblegum
19081	Faceworm Egg Shell
19085	Sigruns Wing 
19086	Robo Eye 
19087	Angel Spirit 
19134	Whikebain Ears K
19143	Poring Balloon
19146	Marin Balloon
19147	Drops Balloon
19148	SantaPoring Balloon
19149	Poporing Balloon
19150	Metaling Balloon
19151	Deviling Balloon
19152	Angeling Balloon
19153	Ghostring Balloon
19154	Archangeling Balloon
19209	Nurse Cap IL
19210	Apple Of Archer IL
19223	Cap IL
19247	Fancy Flower IL
19264	GoldFish Hat
19265	Smoky TransformHat
19266	Survive Circlet K
19267	SurviveOrb K
19277	Soda In Mouth
19291	C Shiba Inu
19294	C CatEars Cyber HeadP R
19300	Dog Officer
19310	Rebeginer Cap
19339	Egg Crispinette
19344	Headband Of Power IL
19366	Goibne Helmet IL
19382	Pop Popcorn Hat
19389	E Oxygen Mask
19396	Racing C Star
19397	Racing C Soul
19404	Biting Off Rideword
19500	T Mr Smile
19501	T Spinx Helm
19502	T Goggle
19503	T Munak Hat
19504	T Sunglasses
19505	T Cigarette
19506	T Valkyrie Feather Band
19507	Fine Sun
19508	T Gemmed Sallet
19509	Butterfly Wing Ear
19510	Nut On Head
19511	Heart Eye Patch1
19512	Heart Eye Patch2
19513	Chicken Beak
19514	Charlie Beard
19515	Yellow Hat
19516	Singing Bird
19517	Cocks Comb
19518	Rainbow
19519	Lightning Cloud
19520	Rain Cloud
19521	Charlie Hat
19522	Mini Crown1
19523	Donation Ribbon
19524	C Green Feeler
19525	C Jack A Dandy
19526	C Helm
19527	C Sharp Gear
19528	C Iron Cane
19529	C Angelic Chain
19530	C Wild Rose
19531	C Cube Mask
19532	C Red Bunny Band
19533	C Spore Hat
19534	C Tha Despero Mask
19535	C Sinsuncho Hat
19536	C Rose Corsage
19537	C Gryphon Hat
19538	Full Moon
19539	C Reginleif Hairband
19540	C Rabbit Earplug
19541	C Romantic White Flower
19542	C Devil Whisper
19543	Oliver Wolf Hood
19544	C Tare Neko Cru
19545	C Boys Cap
19546	C Valkyrie Helm
19547	C Deviruchi Cap
19548	C Frog Cap
19549	C Magestic Goat
19550	C Blush
19551	C Elven Ears
19552	C Centimental Flower
19553	C Assassin Mask 
19554	C Hahoe Mask
19555	C Crescent Helm
19556	C Kabuki Mask
19557	C Ayothaya Hat
19558	C Raven Cap
19559	C B Dragon Hat
19560	C Quati Hat
19561	C Tucan Hat
19562	C Jaguar Mask
19563	C Dragon Arhat Mask
19564	C Tiger Arhat Mask
19565	C Chung Hairband
19566	C Samurai Mask
19567	C Hatah Black
19568	C Horn Of The Ancient
19569	C Sprout Hat
19570	C Mercury Helm
19571	C White Musang Hat
19572	C Black Musang Hat
19573	C Heart Wing Hairband
19574	C Lord of Death
19575	C Rising Black Dragon
19576	C Tare Pope
19577	10th Anni Poring Hat
19579	C Red Wing Hat
19580	C Sphinx Helm
19581	C Adventurers Hat
19582	C Cowboy Hat
19583	C Gangster Patch
19584	C Dagger In Mouth
19585	C Feather Beret
19586	C Pink Bunny Band J
19587	C King Poring Hat
19589	C Fallen Angel Lost J
19596	C Flying Angel
19597	C Magic Eyes
19598	C Wondering Wolf Helm
19599	C Imp Hat
19600	Drooping Kiehl
19601	Drooping Aliot
19602	C Invisible Cap
19603	C Invisible Sunglasses
19604	C Invisible Mask
19605	C Gang Scarf
19606	C Ninja Scroll
19607	C Love Chick Hat
19608	C Chick Hat
19609	C Red Glasses
19610	C Whisper Mask
19611	C Pecopeco Wing Ears
19612	C Headset OST
19613	C Valkyrie Feather Band
19614	C Super Novice Hat
19615	C Loki Mask
19616	C Wickebines Black Cat Ears
19617	C Puppy Headband
19619	C Corsair
19620	C Detective Hat
19621	C Ear Of Devils Wing
19622	C Crescent Hairpin
19623	C Bijofnil Wings
19624	C Round Eyes
19625	C Bunny Band
19627	C Satellite Hairband
19628	C Headset
19629	C Tiara
19630	C Crown
19631	C Poring Fedora Hat
19632	C Hat
19633	C Flower Hairband
19634	C Flu Mask
19635	C Mini Propeller
19636	C Pierrot Nose
19637	C Nurse Cap
19638	C Mr Smile
19639	C Sahkkat
19640	C Charming Ribbon
19641	C Helm of Darkness
19642	C Moonlight Flower Hat
19643	C Whikebain Ears
19644	C Takius Blindfold
19645	C Chinese Crown 
19646	C Ramen Hat
19647	C Red Deviruchi Cap
19648	C Fallen Leaves
19649	C White Baby Cat Ears
19650	C Rainbow Feather Deco
19651	C RWC Shouting Mouth
19652	C Rabbit Magic Hat
19653	C Marcher Hat
19654	C J Captain Hat
19655	C Tiraya Bonnet
19656	C Minstrel Hat
19657	C Captain Hat
19658	C Vacation Hat
19659	C Gray Fur Hat
19660	C Coppola
19661	C Sweet Bonnet
19662	C Magician Hat
19663	Wishing Sky Lantern
19664	C Campus Festival
19665	C Poring Cake Hat
19666	C Cookie Hat
19667	C Dragon Helm
19668	C Wind Milestone
19669	C Reginleif Hairband 
19670	C Southern Cross
19671	C Piggie Bank
19672	C Poring Letter
19673	C Benevolent Guardian
19674	C Evil Mask
19675	C Jumping Poring
19676	C Rainbow Poring Hat
19677	C Soulless Wing
19678	C Bell Ribbon
19679	C Round Eyes J
19680	C Tongue Mask
19681	C Silver Tiara
19682	C Santa Poring Hat
19683	C Sweet Candy
19684	C Happy Wig
19685	C ShineSantaPoring
19686	C SantaHairband
19687	C Lush Rose
19688	C RJC Katusa
19689	C Ati Atihan Hat
19690	C Dark Snake Lord Hat J
19691	C Blue Ribbon
19692	C Antique Pipe J
19693	C Triple Poring Hat
19694	C Vane Hairpin
19695	C Kettle Hat
19696	C Friend Mochiring Hat
19697	C Rudolph Santa Hat
19698	C Bf Recruiter Hat
19699	C Gf Recruiter Hat
19700	C RWC Champ Crown 2nd
19701	C Red Bonnet
19702	C Santa Hat 1
19706	C Red Dress Hat
19707	C Polar Bear Cap
19708	C Withe Snake Hat
19709	C Yellow Ribbon
19710	C Wings Of Victory
19712	C Little Angel Doll
19713	C Lucky Clover
19714	C Lady Tanee Doll
19715	C Scarf
19716	C Alice Doll
19717	C Ribbon Pink
19718	C Gothic Head Dress
19719	C Coronet
19720	C Romantic Gent
19721	C Darkness Helm
19722	C Black Glasses
19723	C Sacred Torch Coronet
19724	C Deprotai Doll Hat
19725	C Bread Bag2
19726	C Scarlet Rose
19727	C Deviling Hat
19728	C Tare Zonda
19729	C Neko Mimi Kafra
19730	C Snake Hat
19731	C Satanic Chain
19732	C Goblin Mask 04
19733	C Panda Cap
19734	C Binoculars
19735	C Fin Helm
19736	C Gas Mask
19737	C Corsair K
19738	C Detective Hat K
19739	C Sleeping Kitty Cat
19741	C Majestic Devil Horns
19742	C Small Golden Wings
19743	C Anubis Helm J
19744	C Black Tail Ribbon
19745	C Holy Marching Hat J
19746	C Cap Of Blindness
19747	C Tha Despero Mask J
19748	C Diadem
19749	C Gold Spirit Chain
19750	C Saint Frill Ribbon
19751	C Light Darkness Crown
19752	C Shelter Wing Ears
19753	C Celestial Hat
19754	C Good Wedding Veil
19755	C YinYang Earring
19756	C Holy Mom Love
19757	C Water Lily Crown
19758	C Frog King Hat
19759	C Umbrella Hat
19760	C Rainbow Veil
19761	C White Lily
19762	C Happy Peace Proof
19763	C Leaf Cat Hat
19764	C Monster Card
19765	C Wing Angels Ears
19766	C Yggdrasil Hat
19767	C Home Cherry Blossom
19768	C Sakura Coronet
19769	C Mischievous Fairy
19770	C Japan Winecup
19771	C Butterfly Hairpin
19772	C Honeybee Hat
19773	C Angeling Hairpin
19774	C Emperor Wreath J
19775	C Marvelous Wig
19776	C Tomboy Fairy
19777	C Twinkle Little Star
19778	C King Berry
19779	C Persika
19780	C Rabbit Ear Knit Hat
19781	C Ear Of Angels Wing 
19782	C Drooping Kitty
19783	C Granpa Beard
19784	C Morriganes Helm
19785	C Well Baked Toast
19786	C Mistress Crown
19787	C Devoted Eyes
19788	C Heart Eyepatch
19789	C Sweet Gents
19790	C Wedding Veil
19791	C Alarm Mask
19792	C Goblin Mask 01
19793	C Goblin Mask 02
19794	C Goblin Mask 03
19795	C Lord Circlet
19796	C Bone Helm
19797	C Apple Of Archer
19798	C Angry Mouth
19799	C Golden Gear
19800	C Carnation Hairband
19801	C Fox Hat J
19802	C Drooping Nine Tail
19803	C Pinwheel Cap
19804	C Red Vane Hairpin
19805	C Taboo Curse Scroll
19806	C Full Bloom Hairpin
19807	C Majestic Helmet
19808	C Blazing Sun
19809	C Purple Cowboy Hat
19810	C Ifrits Ear
19811	C Beer Cap
19812	C Large Hibiscus
19813	C Icecream Hat
19814	C Shiny Wig
19815	C Lolita Ten Gallon Hat
19816	C Pecopeco Cap
19817	C Ifrits Breath
19818	C Droop Morocc Minion
19820	C Bone Hat
19821	C Hyegun Hat
19822	C Yellow Bandana
19823	C White Cat Hood
19824	C Evil Druid Hat
19825	C Vicious Stop Bandage
19826	C Ice Wing Ear
19827	C Amistr Cap
19828	C Fedora
19829	C Straw Hat
19830	C Sunglasses
19831	C Filir Hat
19832	C Poring Hat
19833	C Fillet
19834	C Baseball Cap
19835	C Lif Doll Hat
19836	C L Magestic Goat
19837	C Asara Fairy Hat
19838	C Fox Hat
19839	C Vanilmirth Hat
19841	C Dragonhelm Copper
19842	C Puppy Hat
19843	C Cat Hairband
19844	C Turban
19845	C Hair Protector
19846	C Opera Ghost Mask
19847	C Big Sis Ribbon
19848	C Angeling Hat
19849	C Munak Turban
19850	C Bongun Hat
19851	C Brown Bear Cap
19853	C Filir Wing
19855	C Happy Summer Wig
19856	C Iceflake Hat
19857	C King Prawn Hat
19858	C Leaf Headgear
19859	C Flying Angel 
19860	C Cryptura Hair Cap
19861	C Heart Hair Pin
19862	C Horn Of Succubus
19863	C Inccubus Horn
19864	C Dokebis Wig
19865	C Joker Jester
19866	C Blue Pajamas Hat
19867	C Pink Pajamas Hat
19868	C Showy High Cap
19869	C Ancient Civil Man
19871	C Music Decoration
19873	C Carnival Hat
19874	C Carnival Circlet
19875	C Love Rabbit Hood
19876	C Rabbit Ear Hat
19877	C Eyes Of Darkness
19878	C Drooping Bunny
19879	C Black Bunny Band
19880	C Golden Tiara
19881	C Pretty Rabbit Hood
19882	C Flowerpot Mask
19883	C Piamette Hood
19884	C Vanargandr Helm
19885	C Blinker
19886	C Luxury Sunglasses
19887	C One Eyed Glass
19888	C Glasses
19889	C Pair Of Red Ribbon
19890	C Mage Hat
19891	C Magnolia Hat
19892	C Night Sparrow Hat
19893	C Ordinary Black Magician Hat
19894	C Shrine Maiden Hat
19895	C Magicians Night Cap
19896	C PRO 10th Cap
19897	C RPC13 1ST Wreath
19898	C RPC13 2ND Wreath
19899	C RPC13 3RD Wreath
19900	C Cool Pirate Eyepatch
19901	C Orc Helm
19902	C Cigar
19903	C Witchs Hat
19904	C Skull Cap
19905	C Secret Society Hood
19906	C Screw stuck in head
19907	C Fascinating Phantom Mask
19908	C Flag Crown Hat
19909	C White Deviruchi Hat
19910	C Halloween Hat
19911	C Triangle Roof Hat
19912	C Cat Eye
19913	C Poo Poo Hat
19914	Felock Cap
19916	C Black Cat Hat
19917	C Gloomy Pumpkin Hat
19918	C Lude Mask
19919	C Cube Mask 
19920	C Adv Whisper Mask
19922	C Noah Hat
19925	C One Eyed Glasses
19928	C Gothic Heart Wing
19929	C Classical Ribbon
19930	C Angel Mini Silk Hat
19931	C Lazy Raccoon
19932	C Cap Of Concentration
19934	C 10Gallon Hat Of Flame
19935	C Hunting Cap Of Gust
19936	C Knit Cap Of Water
19938	C Love Bunny Hood
19939	C Antler
19941	C Ear Mufs
19949	C RWC2013 Japan Hat
19952	C Bubble Gum In Mouth
19953	C Parade Cap
19954	C 3D Glasses
19955	C Mini Tree J
19956	C Soldier Hat
19957	C Scooter Hat J
19958	C Choir Hat
19959	C Drooping Argiope
19960	C Chain Puppet
19961	C Rune Circlet
19962	C Mitra
19963	C Driver Band R
19964	C Driver Band Y
19965	C Shadow Handicraft
19966	C Minstrel Song Hat
19967	C Midas Whisper
19968	C Magic Stone Hat
19969	C Blazing Soul
19970	C Wind Whisper
19971	C Dying Swan
19972	C Protect Of Crown
19973	C Circlet Of Bone
19974	C Camouflage RabbitHood
19976	C Cat Santa Hat
19977	C Golden Exclamation
19978	C Silver Exclamation
19979	C Golden Question
19980	C Silver Question
19982	C Santas Hat
19983	C Flower Hairpin
19984	C Winter Hat
19985	C Aura Quartz Crown
19986	C Lunatic Hat
19987	C Blue Fur Hat
19988	C Elder Crown
19989	C Mouton Life
19990	C Snow Rabbit Knit Hat
19991	C Galanthus Guard
19992	C Chilly Breath
19994	C saLUsalo Hat
19996	Horse King
19997	C Bomb Hat
19998	C Dragon Turtle Hat
19999	Mouse Hat1
20000	Mouse Hat2
20001	Mouse Hat3
20002	Mouse Hat4
20003	Mouse Hat5
20004	C Big Golden Bell
20005	C Sigrun Wing
20006	C Dark Knight Mask
20007	C Horned Hat
20008	C Dragon General Helm
20009	C Dragon Skull Hat
20010	C Rainbow Wing Ears
20011	C Lightning Speed
20012	C Double Horn Helm
20013	C Chef Hat
20014	Lincoln Hat
20015	Lincoln Beard
20016	Lobster Hat
20017	C Marionette Doll
20019	Beret Of Artist
20020	C Zaha Doll Hat
20021	C Heart Ribbon Hairband
20022	C Love Fragment
20023	C Red Beret
20024	C Orange Ribbon
20025	Cow Hat1
20026	Cow Hat2
20027	Cow Hat3
20028	Cow Hat4
20029	C Donut in Mouth
20030	C Choco Donut in Mouth
20031	C Bunny Head Dress
20032	C Firinto Scarf
20033	C Buddhist Priest Crown
20034	C Jack Castle Bat
20035	C Miracle Blue Rose
20036	C Sword Master Crown
20037	C Owlduke Silk Hat
20038	C Alphonse Helm
20039	C Butterfly Wing Ears
20040	C Chung Hairband 
20041	C Rose Headband
20042	C Hermos Cap
20043	C Cherryblossom in Mouth
20044	C Carmen Mirandas Hat
20045	C Samambaia
20046	C Blue Ribbon Band
20047	C Pray Cherry Blossom
20048	C Wind Of The Prairie
20049	C Plaster
20050	C Ph D Hat
20051	C Stop Post
20052	C AFK Hat
20053	C WKing Tiger Doll Hat
20054	C Baby Pacifier
20055	C Ghost Bandana
20056	C Bride Corolla
20057	C Feather Bonnet
20058	C Hot Blood Headband
20059	C Welding Mask
20060	C Construction Helmet
20061	C Demo Mask
20062	C Angel Stair
20063	C Yellow Brain Hat
20064	C Blue Brain Hat
20065	C Hairband Of Grandpeco
20066	C Pecopeco Hairband
20067	C White Rabbit Headband
20068	C Black Rabbit Headband
20069	C Gryphon Hairband
20070	C Alpaca Hood
20071	C Worg In Mouth
20073	C Hair Band
20074	C Biretta
20075	C Little Fhat
20076	C Idun Wing Ears
20077	C Wing Form Spectacle
20078	C White Feather
20079	C Love Daddy 2013
20080	C Shamans Hair Orna
20081	C Metal Dragon Helm
20082	C Metal Dragon Hat
20083	C Mythlit Hat
20084	C Clover Coronet
20085	C Clover Silkhat
20086	C Dragon Cintamani Hat1
20087	C Dragon Cintamani Hat2
20088	C Dragon Cintamani Hat3
20089	C Dragon Cintamani Hat4
20090	C Egg Shell
20091	C Smoking Pipe
20092	C Sales Signboard
20093	C Star Sparkling
20094	C Fillet Green
20095	C Fillet Red
20096	C Fillet Blue
20097	C Fillet White
20098	C Vampire Hairband
20099	C Ljosalfar
20100	C Volume Fhat
20101	C Bragi Wing Ears
20102	C Horse King J
20103	C Drooping Panda
20104	C Picky Egg Shell
20105	C Fish Head
20106	C Classic Hat
20107	C Fish in mouth
20108	C Blind Glasses
20109	C Jolly Roger Hat
20110	C Coiledup Snake Hat1
20111	C Coiledup Snake Hat2
20112	C Aqua Ten Gallon Hat
20113	C Star Reading Hat
20114	C Funeral Costume
20115	C Under Rim Glasses
20116	C Mermaid Headphone
20117	C Raspberry Mousse Hat
20118	C Hat Of Cake
20119	C Fur Hat
20120	C Antenna
20121	C Lotus Flower Hat
20122	Happy Summer Ribbon
20123	C Eagle Eyes
20124	C Masquerade
20125	C Mini Glasses
20126	C Odium Thanatos Mask
20127	C Abysmal Knight Helm
20128	C Remover Hat
20129	C Poporing Hat
20130	C Whisper Tall Hat
20131	C C Tower Manager Hat
20132	C Subject Aura
20133	C Poring Mascot Costume
20134	C Helm Of Abyss White
20135	C 12th Anniversary Crown
20136	C 12th Anniversary Fairy Ears
20137	C Bomb Wick
20138	C Sea Otter Hat
20139	C Mini Horse Hairpin1
20140	C Mini Horse Hairpin2
20141	C Observer
20142	C Machoman Glasses
20143	C Candy Cane In Mouth
20144	C Ancient Elven Ear
20145	C Robo Eye
20146	C Angel Spirit
20147	C Bell Pigeon
20148	C Musketeer Hat
20149	C Hexagon Glasses
20150	C Wind Fan
20151	C Poison Spore Hat
20152	C Straw Rice Bag
20153	C Monochrome Cap
20154	C Maple Which Falls
20155	C Ladys Feather Hat
20156	C Fan In Mouth
20157	C Fish On Head
20158	C Circlet
20159	C Blue Hair Band
20160	C Fried Egg
20161	C Prontera Army Cap
20162	C Lamb Hat1
20163	C Lamb Hat2
20164	C Duneyrr Hat
20165	C Tendrilion Hat
20166	C Hockey Mask
20167	C Deviruchi Headphone
20168	C Skull Hood
20169	C Long Tongue
20170	C Brown Deviruchi Cap
20171	C Sepia Cap
20172	C Pumpkin Head
20173	C Lude Hood
20174	C Halloween Hat Orange
20175	C Diabolic Headphone
20176	Happy Pierrot Mask
20177	C Drooping Dorasuke
20178	C Puppy Love
20179	C Monkey Fur Hat
20180	C Westren Grace
20181	C Mistic Rose
20182	C Mottled Egg Shell
20183	C There Is Something
20184	C Party Hat
20185	C Fashionable Glasses
20186	C Magni Cap
20187	C Friccas Circlet
20188	C Morpheuss Hood
20189	C Goibnes Helm
20190	C Chick Hat J
20191	C Black Cat Ears Beret
20192	C Green Foxtail
20193	C Puppy Grass
20194	C Lion Mask
20195	C Scratching Cat
20196	C Leopard Ear Hat
20197	C Amistr Beret
20198	C Misty Ears
20199	C Evil Marcher Hat
20200	C Rabbit Head Dress
20201	C Banshee Master Kiss
20202	C Deviruchi Balloon
20203	C Bandana
20204	C Hunting Cap
20205	C Fancy Flower
20206	C Chicken Hat1
20207	C Stripe Band
20208	C Necktie
20209	C Mermaid Longing
20210	C Chicken Hat2
20211	C Chicken Hat3
20212	C Loki Nidhogg Hat
20213	C Robot Eyes
20214	C Evil Marcher Hat J
20215	C Black Devil Mask
20216	C Rideword Hat
20217	C Arabian Veil
20218	C Spell Circuit
20219	C Angel Marcher Hat
20220	C Dark Night Veil
20221	C Ifrit Eyes
20222	C Santa Hat 2
20223	C Centimental Leaf
20224	C Red Tailed Ribbon
20225	C Pumpkin Hat
20226	C Hair Brush
20227	C Husky Hat
20228	C Piggie Bank J
20229	C New Year Hairpin
20230	C Mask Of Bankrupt
20231	C Snowman Hat
20232	C Celines Ribbon
20233	C Gold Angel Sculpture
20234	C Baphomet Hat
20235	C Frozen Land Rose
20236	C Hellomother Hat
20237	C Pink Fur Hat
20238	C Blue Drooping Kitty
20239	C Large Ribbon Muffler
20240	C Gift Of Snow
20241	C Eclipse Hat
20242	C Snownow Hat
20243	C Choco Mint Bonnet
20244	C Zealotus Mask
20245	C Cat Paw Hairpin
20246	C Decoration of Time
20247	C Black Hand of Fate
20248	C Black Strong Hair
20249	C Red Strong Hair
20250	C White Strong Hair
20251	C Rose Cascade
20252	C Accessory of Ascetic
20253	C Droopy Alice Doll
20254	C Ribbon Yellow
20255	C Love Cheek
20256	C Honey Pancakes
20257	C Black Rabbit Bonnet
20258	C Blue Head Dress
20259	C Pink Clover
20260	C Stardust
20262	C Fox Ears Bell Ribbon
20263	C Hat Of Drowsy Cat
20264	C Blood Sucker
20265	C Bird Nest Hat
20266	C Secret Zipper
20267	C Penguin Cap
20268	C Sleep Eclipse Family
20269	C White Fox Ear Ribbon
20270	C Gryphon Wing Ears
20271	C Sunflower
20272	C Snowy Horn
20273	C Soft Sheep Hat
20274	C Polar Bear Cap J
20277	C Balloon Hat
20278	C Mans Medal
20279	C Cheering Whistle
20280	C Pencil In Mouth
20281	C Kindergarten Hat
20282	C White Student Cap
20283	C Over Protector
20284	C Cherry Blossom Hat
20285	C Blossom Fluttering
20286	C Under Rim Glasses Red
20287	C Mans Medal 
20288	C Bijou Hat
20291	C Helm of Thoth
20292	C Black Ramen Hat
20293	C Sleeper Hat
20294	C Savage Babe Hat
20295	C Poring Sunglasses
20296	C Yoyo Hat
20297	C Cactus Hat
20298	C Happy Lunatic Ear
20299	C Face Crusher
20300	C Hill Wind Mask
20301	C Golden Savage Hat
20302	C Beelzebub Crown
20303	C Mandragora Cap
20304	C Raccoon Hat
20307	C Beginner Cap
20311	C Magical Booster
20312	C Barons Evil Eye
20313	C CD in Mouth
20314	C New Wave Sunglasses
20315	C Analyze Eye
20316	C Seraph Wing Helm
20317	C Nekomimi Cyber Headphone
20318	C Charleston Antenna
20319	C Crimson Booster
20329	C Very Cute Doll Hat
20330	C Sombrero
20331	C Desert Prince
20332	C Pure White Ribbon
20333	C Family Hat
20500	T Archangel Wing
20514	C Thanatos Sword
20515	C Magic Circle
20516	C Wings of Michael
20517	C GiantCatBag TW
20519	C Full BloomCherry Tree
20528	C GoldButterfly Wing
20530	C Wings of Gabriel
20533	C PinkButterfly Wing T
20535	C Digital Space
20543	C Halloween Poring Bag
20546	C Backside Ribbon Bell
20570	C HeartChocoBag
20572	C WingOfHeart
20575	C School Bag BL
20576	C Cat Fork
20584	C Big Foxtail
20595	C School Bag RD E
20600	Fantastic Aura
20615	C School Bag BU
20616	C School Bag PU
20700	Egir Manteau
20701	Sol Manteau
20702	TE Woe Muffler
20703	TE Woe Manteau
20704	TE Woe Magic Manteau
20705	Lumiere Manteau
20706	Amistr Bag
20707	Kirin Wing
20708	Poison Manteau
20709	Mana Manteau
20710	Impr Angels Warmth
20711	Manteau Of Diego
20717	FaceWorm Skin
20718	FaceWorm Skin 
20721	Cloak Of Gray
20724	Love Dad Wings 2012
20725	Ribbon Piamat
20727	Brilliant Golden Wings
20730	Hood of Loyal
20732	Supplement Part Con
20733	Upgrade Part Engine
20737	C Kirin Wing
20743	Airship Cape
20744	Felock Cape
20746	C Rudra Wing
20748	Manteau Of Fallen
20749	Manteau Of Fallen 
20750	Rouban Manteau
20753	Lian Robe
20756	Aegir Cloak
20757	Wing Of Happiness
20758	Wing Of Happiness 
20761	C Wing Of Happiness
20762	C GreatDevilWing
20763	C Amistr Bag
20764	C Fallen Angel Wing
20765	C Archangel Wing
20768	Arch Angel Wing
20773	Excellion Wing
20778	Crimson Stole
20788	Private Doram Manteau
20789	Luxury Doram Manteau
20790	Elegant Doram Manteau
20838	Muffler IL
20840	Cape Of Ancient Lord IL
20847	Clack Of Servival IL
20856	YSF01 Manteau
20902	True Hunting Manteau
20903	R Hunting Manteau
20906	Rebeginer Manteau
20923	Goibne Shoulder IL
20933	Illusion Engine A
20934	Illusion Engine B
20939	Time Overload Hood
20940	Violet Halo
20944	Fairy Cloth
20946	Drag Manteau
20963	Temporal M Str
20964	Temporal M Agi
20965	Temporal M Vit
20966	Temporal M Int
20967	Temporal M Dex
20968	Temporal M Luk
21000	Upg Twohand Sword
21001	Velum Claymore
21002	Velum Katzbalger
21003	Muramasa 
21004	Alca Bringer 
21005	Metal Two Hand Sword
21006	TE Woe Two Hand Sword
21007	Heavy Sword
21008	Small Karasuma
21009	Thanos Great Sword
21010	Tw Sword Of Evil Slayer
21011	Giant Blade
21012	Mashirubeken
21013	Companion Cavalry Sword
21014	Infinity Two Hand Sword
21015	Scarlet Twohand Sword
21016	Two Handed Sword of Vicious Mind
21018	Lindy Hop
21019	Onimaru
21037	Rebeginer RK T Sword
21038	Oriental Sword
21047	Beam Claymore OS
21049	Evt Oriental Sword
21050	Taegoolyeon IL
21054	Ein BHSWORD
21058	Up Dragonic Slayer
21063	Solid Claymore
22000	Temporal Str Boots
22001	Temporal Int Boots
22002	Temporal Agi Boots
22003	Temporal Vit Boots
22004	Temporal Dex Boots
22005	Temporal Luk Boots
22006	Temporal Str Boots 
22007	Temporal Vit Boots 
22008	Temporal Dex Boots 
22009	Temporal Int Boots 
22010	Temporal Agi Boots 
22011	Temporal Luk Boots 
22012	Mana Boots
22014	Enhanced Variant Shoes
22015	Impr Angels Arrival
22016	Assassin Shoes
22018	Shoes Of Wise Man
22019	Immuned Boots
22033	Boots Of Gray
22034	Crimson Gaiter
22035	Vet Nepen Heel
22036	Vet SliverFox Boots
22037	Vet Ungo Boots
22038	Shoes of Hope
22039	Elemental Boots
22040	Fashion Shoes
22041	Fashion Shoes 
22042	Terraria
22043	Supplement Part Agi
22044	Upgrade Part Booster
22045	Beach Sandals
22046	Airship Boots
22047	Felock Boots
22048	Sombre Shoes
22049	Sol Shoes
22055	Sharel Shoes
22057	Flow Shoes
22059	Aegir Shoes
22061	Lumiere Shoes
22063	Rouban Shoes
22065	Poison Shoes
22067	Witch Shoes
22069	Lian Shoes
22076	Wooden Slipper
22077	Red Eco Friendly Shoes
22083	Private Doram Shoes
22084	Luxury Doram Shoes
22085	Elegant Doram Shoes
22133	Shoes IL
22141	YSF01 Greave
22168	True Hunting Boots
22169	R Hunting Boots
22171	ShoesOfGuardsman
22173	Rebeginer Boots
22190	Boots IL
22192	Goibne Boots IL
22196	Illusion Leg A
22197	Illusion Leg B
22204	Time Overload Boots
22208	Dragon Boots
22238	Great Hero Boots
22508	Para Team Mark 
22514	Candy Holder
22515	Key Of Twisted Time
22534	Closedmind Box
22537	PrizeOfHero
22540	Runstone Lux
22669	HALLOWEEN G BOX
22670	DARK INVITATION
22675	Mysterious Scroll
22676	Hangul Day Event Box
22679	Chest Of Death
22685	Solo Christmas Gift
22686	Solo Cookie
22702	STR Soul Potion
22703	AGI Soul Potion
22704	VIT Soul Potion
22705	INT Soul Potion
22706	DEX Soul Potion
22707	LUK Soul Potion
22737	Bullet Case Blood 
22738	Bullet Case Silver 
22739	Sphere Case Wind 
22740	Sphere Case Darkness 
22741	Sphere Case Poison 
22742	Sphere Case Water 
22743	Sphere Case Fire 
22744	Bullet Case AP
22745	Bullet Case Blaze
22746	Bullet Case Fleeze
22747	Bullet Case Electric
22748	Bullet Case Stone
22749	Sanctified Bullet Case
22777	Buff Gift Set
22808	Special Gift Box
22837	Integer Time
22838	Something Candy Holder
22876	Old Money Pocket
23187	Sap Jelly
23188	Unprocessed Parts
23189	SmallDoll Needle
23242	Fried Chicken
23243	Fried Chicken 1
23256	Elixir Bandage
23257	Dew Of Old Tree
23258	Foul Rotten Meat
23259	St Cupcake
23260	Parfait
23261	Macaron
23277	Mado Box
23332	Costama EggV01
23342	Vend Arbeit1 1Lv
23343	Vend Arbeit1 2Lv
23344	Vend Arbeit1 3Lv
23345	Buy Arbeit1 1Lv
23346	Buy Arbeit1 2Lv
23347	Buy Arbeit1 3Lv
23348	Vend Arbeit 1Lv
23349	Vend Arbeit 2Lv
23350	Vend Arbeit 3Lv
23351	Buy Arbeit 1Lv
23352	Buy Arbeit 2Lv
23353	Buy Arbeit 3Lv
23354	Vend Arbeit1 1Lv 
23355	Vend Arbeit1 2Lv 
23356	Vend Arbeit1 3Lv 
23357	Buy Arbeit1 1Lv 
23358	Buy Arbeit1 2Lv 
23359	Buy Arbeit1 3Lv 
23405	Green Scroll K2
23436	Shadow Refine Hammer
23440	Sentimental Scroll
23444	July Hair Box
23446	Savage Trap
23473	Infinity Scroll
23474	InfinityShadow Mix
23475	Infinity Drink
23484	Firstaid Box 5
23485	Firstaid Box 10
23486	Firstaid Box 15
23487	Firstaid Box 20
23488	Firstaid Box 25
23489	Firstaid Box 30
23490	Firstaid Box 35
23491	Firstaid Box 40
23492	Firstaid Box 45
23493	Firstaid Box 50
23494	Firstaid Box 55
23495	Firstaid Box 60
23496	Firstaid Box 65
23497	Firstaid Box 70
23498	Firstaid Box 75
23499	Firstaid Box 80
23500	Firstaid Box 85
23501	Firstaid Box 90
23502	Firstaid Box 95
23503	Red Potion B 20
23504	Orange Potion B 20
23505	Yellow Potion B 20
23506	White Potion B 20
23533	Vote Rose
23537	Bloody Scroll
23545	Silver Statue
23546	Cursed Blood
23547	Gold Statue
23549	Snow Cookie
23550	Winter Cookie
23551	Festi Cookie
23552	Flora Cookie
23554	Snow Festa CardPack
23575	Adventurer Box 1
23576	Adventurer Box 15
23577	Adventurer Box 30
23578	Adventurer Box 45
23579	Adventurer Box 60
23580	Adventurer Box 75
23581	Adventurer Box 90
23582	E Wing Of Fly 3Day Box
23583	Rebeginer Box
23584	Rebeginer S Box
23585	Rebeginer Box 100
23586	Rebeginer Box 110
23587	Rebeginer Box 120
23618	2017 Special Scroll
23650	Ice Scroll
23661	2018 New Year Scroll
23665	PhysicalMagical Mix
23666	ImmunedAthena Mix
23667	HardChamption Mix
23668	KingbirdAncient Mix
23669	CriticalHit Mix
23675	Geffen Magic Scroll
23676	Gray Charcoal Melee
23677	Gray Charcoal Magic
23678	Gray Charcoal Range
23679	Geffen Magic Scroll2
23683	EVT JAN02KR
23700	Lunar New Year Scroll
23706	Reactor Z
23707	Reactor Z 
23710	2018 Spring Scroll
23720	Shadow Random Mix
23723	Melon Bread
23765	Costama EggV02
23771	Mysterious Plastic
23772	EP17 1 SPC01
23773	EP17 1 SPC02
23774	EP17 1 SPC03
23775	EP17 1 SPC04
23776	EP17 1 SPC05
23777	EP17 1 SPC06
23778	EP17 1 SPC07
23779	EP17 1 SPC08
23780	EP17 1 SPC09
23781	EP17 1 SPC10
23815	Magma Essence
23817	Bs Making Scrolls
23818	Bs Item M S 2
23819	Bs Item M S 8
23820	Bs Item M S 10
23821	Bs Item M S 11
23822	Bs Item M S 34
23823	Bs Item M S 41
23824	Bs Item M S 42
23825	Bs Item M S 43
23826	Bs Item M S 44
23827	Bs Sha M S 1
23828	Bs Sha M S 17
23829	Bs Sha M S 18
23830	Bs Sha M S 19
23831	Bs Sha M S 20
23832	Bs Item M S 4
23833	Bs Item M S 6
23834	Bs Item M S 7
23835	Bs Item M S 12
23836	Bs Item M S 13
23837	Bs Item M S 15
23838	Bs Item M S 28
23839	Bs Item M S 29
23840	Bs Item M S 31
23841	Bs Item M S 32
23842	Bs Item M S 33
23843	Bs Item M S 36
23844	Bs Item M S 37
23845	Bs Item M S 38
23846	Bs Item M S 39
23847	Bs Item M S 40
23848	Bs Item M S 45
23849	Bs Item M S 46
23850	Bs Item M S 47
23851	Bs Item M S 48
23852	Bs Item M S 49
23853	Bs Item M S 50
23854	Bs Sha M S 2
23855	Bs Sha M S 5
23856	Bs Sha M S 6
23857	Bs Sha M S 7
23858	Bs Sha M S 8
23859	Bs Sha M S 13
23860	Bs Sha M S 15
23861	Bs Sha M S 16
23862	Bs Sha M S 23
23863	Bs Item M S 5
23864	Bs Item M S 9
23865	Bs Item M S 14
23866	Bs Item M S 16
23867	Bs Item M S 17
23868	Bs Item M S 19
23869	Bs Item M S 27
23870	Bs Item M S 35
23871	Bs Sha M S 9
23872	Bs Sha M S 10
23873	Bs Sha M S 11
23874	Bs Sha M S 21
23875	Bs Sha M S 22
23876	Bs Item M S 1
23877	Bs Item M S 3
23878	StarSoul Scroll
23879	Bs Item M S 18
23880	Bs Item M S 20
23881	Bs Item M S 21
23882	Bs Item M S 22
23883	Bs Item M S 23
23884	Bs Item M S 24
23885	Bs Item M S 25
23886	Bs Item M S 26
23887	Bs Item M S 30
23888	Bs Sha M S 3
23889	Bs Sha M S 4
23890	Bs Sha M S 12
23891	Bs Sha M S 14
23892	Bs Sha M S 24
23893	Bs Sha M S 25
23894	Bs Item M S 51
23897	2018 Jump Thx Box
23898	Comp Power Booster
23899	Comp Almighty
23900	Time Overload Box
23901	110LVUP
23921	Season Evt Reward
23926	Shadow 9 Refine Hammer
23962	Malang Cat Can2
23967	EnchantStone Recipe 9m
23981	Abyss Ddbox
24000	T1 Shadow Armor
24001	T1 Shadow Weapon
24002	T1 Shadow Shield
24003	T1 Shadow Shoes
24004	T1 Shadow R Accessory
24005	T1 Shadow L Accessory
24006	T2 Shadow Armor
24007	T2 Shadow Weapon
24008	T2 Shadow Shield
24009	T2 Shadow Shoes
24010	T2 Shadow R Accessory
24011	T2 Shadow L Accessory
24012	S Promotion Weapon
24013	S Promotion Armor
24014	S Promotion Shoes
24015	S Promotion Shield
24016	S Promotion Earring
24017	S Promotion Pendant
24018	S Physical Earring
24019	S Physical Weapon
24020	S Physical Pendant
24021	S Magical Earring
24022	S Magical Weapon
24023	S Magical Pendant
24024	S Breezy Armor
24025	S Champion Shoes
24026	S Athena Shield
24027	S Immune Armor
24028	S Hard Armor
24029	S Ancient Armor
24030	S Critical Armor
24031	S Kingbird Weapon
24032	S Cri Hit Weapon
24033	S Healing Weapon
24034	S Lucky Weapon
24035	S Power Earring
24036	S Int Pendant
24037	S Dexterous Armor
24038	S Vital Shoes
24039	S Athletic Shield
24040	S Lucky Armor
24041	S Power Pendant
24042	S Int Earring
24043	S Dexterous Weapon
24044	S Vital Shield
24045	S Athletic Shoes
24046	S Resist Spell Pendant
24047	S Rapid Pendant
24048	S Caster Pendant
24049	S Hard Earring
24050	S Wise Earring
24051	S Athena Earring
24052	S Cranial Shield
24053	S Safeguard Shield
24054	S Brutal Shield
24055	S Gargantua Shield
24056	S Homers Shield
24057	S Dragoon Shield
24058	S Satanic Shield
24059	S Flameguard Shield
24060	S Requiem Shield
24061	S Cadi Shield
24062	S Bloody Shoes
24063	S Liberation Shoes
24064	S Chemical Shoes
24065	S Clamorous Shoes
24066	S Insecticide Shoes
24067	S Fisher Shoes
24068	S Seraphim Shoes
24069	S Beholder Shoes
24070	S Divine Shoes
24071	S Dragoon Shoes
24072	S Big Armor
24073	S Medium Armor
24074	S Small Armor
24075	S Big Weapon
24076	S Medium Weapon
24077	S Small Weapon
24078	S Spiritual Weapon
24079	S Spiritual Earring
24080	S Spiritual Pendent
24081	S Malicious Armor
24082	S Malicious Shoes
24083	S Malicious Shield
24084	S Gemstone Armor
24085	S Gemstone Shoes
24086	S Gemstone Shield
24087	S Gemstone Weapon
24088	S Gemstone Earring
24089	S Gemstone Pendent
24090	S Stability Shield
24091	S Plasterers Armor
24092	S Plasterers Shoes
24093	S Insomniac Armor
24094	S Insomniac Shoes
24095	S Peerless Armor
24096	S Peerless Shoes
24097	S Adurate Armor
24098	S Adurate Shoes
24099	Unfreez Weapon S
24100	Unfreeze Earing S
24101	Unfreeze Pendent S
24102	Vitality Earing S
24103	Vitality Pendant S
24104	S Neutral Weapon
24105	S Neutral Earring
24106	S Neutral Pendent
24107	S Curse Lift Earring
24108	S Curse Lift Pendent
24109	S Caster earring
24110	S Caster Weapon
24111	S Spell Flow Shoes
24112	S Spell Flow Armor
24113	S Spell Flow Shield
24114	S Greed Armor
24115	S Greed Shoes
24116	S Greed Shield
24117	S Greed Weapon
24118	S Greed Earring
24119	S Greed Pendant
24120	S Heal Armor
24121	S Heal Shoes
24122	S Heal Shield
24123	S Heal Weapon
24124	S Heal Earring
24125	S Heal Pendant
24126	S Hiding Armor
24127	S Hiding Shoes
24128	S Hiding Shield
24129	S Hiding Weapon
24130	S Hiding Earring
24131	S Hiding Pendant
24132	S Cloaking Armor
24133	S Cloaking Shoes
24134	S Cloaking Shield
24135	S Cloaking Weapon
24136	S Cloaking Earring
24137	S Cloaking Pendant
24138	S Teleport Armor
24139	S Teleport Shoes
24140	S Teleport Shield
24141	S Teleport Weapon
24142	S Teleport Earring
24143	S Teleport Pendant
24144	S Steal Armor
24145	S Steal Shoes
24146	S Steal Shield
24147	S Steal Weapon
24148	S Steal Earring
24149	S Steal Pendant
24150	S Infinity Earring
24151	S Infinity Pendant
24152	S Solid Weapon
24153	S Solid Earring
24154	S Immortal Armor
24155	S Immortal Pendant
24156	S Executioner Weapon
24157	S Exorcist Weapon
24158	S Hunting Weapon
24159	S Insect Net Weapon
24160	S Fishing Weapon
24161	S Dragon Killer Weapon
24162	S Corrupt Weapon
24163	S Vibration Weapon
24164	S Holy Water Weapon
24165	S Scissors Weapon
24166	S Penetration Earring
24167	S Penetration Pendent
24168	S Tempest Earring
24169	S Tempest Pendent
24170	S M Executioner Weapon
24171	S M Exorcist Weapon
24172	S M Hunting Weapon
24173	S M Insect Net Weapon
24174	S M Fishing Weapon
24175	S M Dragon K Weapon
24176	S M Corrupt Weapon
24177	S M Vibration Weapon
24178	S M Holy Water Weapon
24179	S M Scissors Weapon
24180	S Bearers Armor
24181	S Bearers Shoes
24182	S Bearers Shield
24183	S Bearers Weapon
24184	S Bearers Earring
24185	S Bearers Pendent
24186	S Basis Armor
24187	S Hallowed Armor
24188	S Saharic Armor
24189	S Underneath Armor
24190	S Flam Armor
24191	S Windy Armor
24192	S Envenom Armor
24193	S Damned Armor
24194	S Geist Armor
24195	S Divine Armor
24196	S Hasty Shoes
24197	S Hasty Armor
24198	S Basis Shield
24199	S Hallowed Shield
24200	S Saharic Shield
24201	S Underneath Shield
24202	S Flam Shield
24203	S Windy Shield
24204	S Envenom Shield
24205	S Damned Shield
24206	S Geist Shield
24207	S Divine Shield
24208	S Expert Shoes
24209	S Expert Shield
24210	S Beginner Shoes
24211	S Beginner Shield
24212	S Rookie Shoes
24213	S Rookie Shield
24214	S Advanced Shoes
24215	S Advanced Shield
24216	S Attack Armor
24217	S Blitz Earring
24218	S Blitz Pendent
24219	S ColdBolt Armor
24220	S FireBolt Armor
24221	S LightingBolt Armor
24222	S EarthSpike Armor
24223	S Enhance Force Weapon
24224	S Force Weapon
24225	S Force Earring
24226	S Force Pendant
24227	S Enhance Spirit Weapon
24228	S Spirit Weapon
24229	S Spirit Earring
24230	S Spirit Pendant
24231	S Blitz Shoes
24232	S Blitz Shield
24233	S Exceed Weapon
24234	S Titan Earring
24235	S Titan Pendant
24236	S Boned Earring
24237	S Boned Pendant
24238	S Gigantic Earring
24239	S Gigantic Pendant
24240	S Caster Shoes
24241	S Caster Shield
24242	S Caster Armor
24243	S Reload Shoes
24244	S Reload Shield
24245	S Reload Armor
24380	Sentimental Weapone S
24381	Sentimental Earring S
24382	Sentimental Pendant S
24383	Enchanting Weapone S
24384	Enchanting Earring S
24385	Enchanting Pendant S
24386	S Infinity Weapon
24387	Rebeginer Armor S
24388	Rebeginer Shield S
24389	Rebeginer Shoes S
24390	Rebeginer Weapon S
24391	Rebeginer Earring S
24392	Rebeginer Pendant S
24393	S Physical Shoes
24394	S Physical Shield
24395	S Physical Armor
24396	S Magical Shoes
24397	S Magical Shield
24398	S Magical Armor
24399	S ImmunedAthena Shield
24400	S HardChamption Shoes
24401	S KingbirdAncient Armor
24402	S Rebellion Armor
24403	S Kagerou Armor
24404	S Oboro Armor
24405	S Rebellion Shoes
24406	S Kagerou Shoes
24407	S Oboro Shoes
24408	S DoramPhysical Armor
24409	S DoramPhysical Shoes
24410	S DoramMagical Armor
24411	S DoramMagical Shoes
24412	S Star Emperor Armor
24413	S Star Emperor Shoes
24414	S Soul Reaper Armor
24415	S Soul Reaper Shoes
24416	S Timeoverload Weapon
24417	S Timeoverload Armor
24418	S Timeoverload Shield
24419	S Timeoverload Shoes
24420	S Timeoverload Earing
24421	S Timeoverload Pandent
24423	S Tempest Weapon
24424	S Tempest Armor
24425	S PerfectSize Weapon
24426	S PerfectSize Armor
24427	S M Exo Co Weapon
24428	S M Viv Dr Weapon
24429	S M Sci Hu Weapon
24430	S M Fis In Weapon
24431	S M Exe Ho Weapon
24432	S Penetration Weapon
24433	S Penetration Armor
24434	S Exe Ho Weapon
24435	S Fis In Weapon
24436	S Sci Hu Weapon
24437	S Viv Dr Weapon
24438	S Exo Co Weapon
24439	S Hasty Weapon
24440	S Sonic Armor
24441	S Sonic Shield
24442	S Sonic Shoes
24443	S Ignition Weapon
24444	S Ignition Pendant
24445	S Ignition Earing
24446	S W Breath Armor
24447	S W Breath Shield
24448	S W Breath Shoes
24449	S F Breath Weapon
24450	S F Breath Pendant
24451	S F Breath Earing
24452	S Cluster Armor
24453	S Cluster Shield
24454	S Cluster Shoes
24455	S Aimed Weapon
24456	S Aimed Pendant
24457	S Aimed Earing
24458	S Arrow Armor
24459	S Arrow Shield
24460	S Arrow Shoes
24461	S Shooting Weapon
24462	S Shooting Pendant
24463	S Shooting Earing
24464	S Tornado Armor
24465	S Tornado Shield
24466	S Tornado Shoes
24467	S Boomerang Weapon
24468	S Boomerang Pendant
24469	S Boomerang Earing
24470	S Vulcan Armor
24471	S Vulcan Shield
24472	S Vulcan Shoes
24473	S Arms Weapon
24474	S Arms Pendant
24475	S Arms Earing
24476	S Rampage Armor
24477	S Rampage Shield
24478	S Rampage Shoes
24479	S Skynetblow Weapon
24480	S Skynetblow Pendant
24481	S Skynetblow Earing
24482	S Knucklearrow Armor
24483	S Knucklearrow Shield
24484	S Knucklearrow Shoes
24485	S TigerCannon Weapon
24486	S Tigercannon Pendant
24487	S Tigercannon Earing
24488	S Duplelight Armor
24489	S Duplelight Shield
24490	S Duplelight Shoes
24491	S Adoramus Weapon
24492	S Adoramus Pendant
24493	S Adoramus Earing
24494	S Judex Armor
24495	S Judex Shield
24496	S Judex Shoes
24497	S Magnus Weapon
24498	S Magnus Pendant
24499	S Magnus Earing
24500	S Rainstorm Armor
24501	S Rainstorm Shield
24502	S Rainstorm Shoes
24503	S Arrowvulcan Weapon
24504	S Arrowvulcan Pendant
24505	S Arrowvulcan Earing
24506	S Metalic Armor
24507	S Metalic Shield
24508	S Metalic Shoes
24509	S Reverberation Weapon
24510	S Reverberation Pendant
24511	S Reverberation Earing
24512	S Jack Armor
24513	S Jack Shield
24514	S Jack Shoes
24515	S Strain Weapon
24516	S Strain Pendant
24517	S Strain Earing
24518	S Crimson Armor
24519	S Crimson Shield
24520	S Crimson Shoes
24521	S Chain Weapon
24522	S Chain Pendant
24523	S Chain Earing
24524	S Triangle Armor
24525	S Triangle Shield
24526	S Triangle Shoes
24527	S Shadowspell Weapon
24528	S Shadowspell Pendant
24529	S Shadowspell Earing
24530	S Menace Armor
24531	S Menace Shield
24532	S Menace Shoes
24533	S Paint Weapon
24534	S Paint Pendant
24535	S Paint Earing
24536	S Rolling Armor
24537	S Rolling Shield
24538	S Rolling Shoes
24539	S Katar Weapon
24540	S Katar Pendant
24541	S Katar Earing
24542	S Slash Armor
24543	S Slash Shield
24544	S Slash Shoes
24545	S Ripper Weapon
24546	S Ripper Pendant
24547	S Ripper Earing
24548	S Dust Armor
24549	S Dust Shield
24550	S Dust Shoes
24551	S Grave Weapon
24552	S Grave Pendant
24553	S Grave Earing
24554	S Psychic Armor
24555	S Psychic Shield
24556	S Psychic Shoes
24557	S Varetyr Weapon
24558	S Varetyr Pendant
24559	S Varetyr Earing
24560	S Cart Tornado Armor
24561	S Cart Tornado Shield
24562	S Cart Tornado Shoes
24563	S Cannon Cart Weapon
24564	S Cannon Cart Pendant
24565	S Cannon Cart Earing
24566	S Spore Bomb Armor
24567	S Spore Bomb Shield
24568	S Spore Bomb Shoes
24569	S Crazy Weapon
24570	S Crazy Pendant
24571	S Crazy Earing
24572	S Brand Armor
24573	S Brand Shield
24574	S Brand Shoes
24575	S Chain Press Weapon
24576	S Chain Press Pendant
24577	S Chain Press Earing
24578	S Banish Cannon Armor
24579	S Banish Cannon Shield
24580	S Banish Cannon Shoes
24581	S Genesis Weapon
24582	S Genesis Pendant
24583	S Genesis Earing
24732	S Hasty Shield
24733	S Infinity Shield
24738	S CriticalHit Weapon
24745	S KingbirdAnc Weapon
25086	Gift Wrapping Ribbon
25089	Gift Wrapping Wing
25187	Slug Bullet
25231	Suspicious Bottle
25232	Cheap Lubricant
25233	Cotton Tufts
25258	BrokenArrow
25265	Shining Spore
25266	Dried Leaf Of Ygg
25271	IllusionStone
25278	BanditsScarf
25279	CrudeAmmo
25280	BrokenShotgun
25282	WornRevolver
25283	BrownMuffler
25290	Sweets Coin
25294	Clover Ticket
25295	Happiness Clover
25298	SpritJewel
25299	Snowball
25313	OldShell
25340	Golden Corn
25341	Red Hot Marble
25342	Healthful Herb
25375	Mightysoul Essence
25377	Luxurious Pet Food
25390	Captured Savage
25391	Goodly Bough
25392	Free Pass Ticket
25393	Delicious Corn
25394	Fruit Lunch
25395	Small Embers
25401	Black Fur
25408	Memory Of Gyol
25409	SuraStone Top
25410	SuraStone Middle
25411	SuraStone Bottom
25412	SuraStone Robe
25413	RangerStone Top
25414	RangerStone Middle
25415	RangerStone Bottom
25416	RangerStone Robe
25417	SorcererStone Top
25418	SorcererStone Middle
25419	SorcererStone Bottom
25420	SorcererStone Robe
25421	Pumpkin Decor
25422	White Thin Stem
25425	SnowFlower Of Spell
25426	Warm Cotton
25427	Rebeginer W Coupon
25428	Rebeginer W 7Up
25445	RuneknightStone Top
25446	RuneknightStone Middle
25447	RuneknightStone Bottom
25448	RuneknightStone Robe
25449	GeneticStone Robe
25450	GeneticStone Top
25451	GeneticStone Middle
25452	GeneticStone Bottom
25453	WarlockStone Top
25454	WarlockStone Middle
25455	WarlockStone Bottom
25456	WarlockStone Robe
25464	World Tour Ticket
25479	Dogly Bottle
25490	ShadowchaserStone Top
25491	ShadowchaseStone Middle
25492	ShadowchaseStone Bottom
25493	ShadowchaserStone Robe
25494	MechanicStone Top
25495	MechanicStone Middle
25496	MechanicStone Bottom
25497	MechanicStone Robe
25498	WanderMinstrelStone Top
25499	WanderMinstStone Middle
25500	WanderMinstStone Bottom
25501	WanderMinstreStone Robe
25504	Visionary Ticket
25508	Token of OrcGeneral
25511	Evt March04 KR
25512	Evt March05 KR
25615	NasariansSoulstone
25616	Green Bearopy
25622	White Snake Tear
25627	Gold Card
25629	Konts Letter
25633	Token Of Wootan
25634	Wootan D S Piece
25638	Token Of Bigstone
25639	Fragment Of Rock
25641	Hard Mud
25643	Autographed Book
25655	Dalcom Coin
25656	Stamp Note
25657	Evt July01 KR
25658	Evt July02 KR
25659	Evt May02 KR
25664	Evt July03 KR
25665	Dienes Envelope
25666	Id Card
25668	Broken Weapon
25669	Unknown Parts
25706	HighpriestStone Top
25707	HighpriestStone Middle
25708	HighpriestStone Bottom
25709	ArchbishopStone Robe
25710	PaladinStone Top
25711	PaladinStone Middle
25712	PaladinStone Bottom
25713	RoyalguardStone Robe
25714	AssacrossStone Top
25715	AssacrossStone Middle
25716	AssacrossStone Bottom
25717	GuillcrossStone Robe
25723	Cor Core
25728	Shadowdecon Ore
25729	Shadowdecon
25730	Zelunium Ore
25731	Zelunium
25734	Sealed Weapon Ticket
25735	Unsealing Token
25739	GH Cursed Crystal
25740	GH Cursed Gemstone
25767	Angel Dream
25773	Snake Deadly Poison
25775	Soft Scarf
25776	Purple Solid Shell
25778	Brilliant Jelly
25786	Bio Reseearch Docu
25787	Bio Test Fragment
25793	Inventory Extension Coupon
25797	SuraStone Robe2
25798	SuraStone Bottom2
25799	SuraStone Middle2
25800	SuraStone Top2
25801	SorcererStone Robe2
25802	SorcererStone Bottom2
25803	SorcererStone Middle2
25804	SorcererStone Top2
25805	ShadowchaserStone Robe2
25806	ShadowchasStone Bottom2
25807	ShadowchasStone Middle2
25808	ShadowchaserStone Top2
25815	Ein SOLIDDUST
25816	Ein RUSTHELM
25817	Ein EYEROCK
25842	SoulreaperStone Robe
25843	SoullinkerStone Top
25844	SoullinkerStone Middle
25845	SoullinkerStone Bottom
25846	GladiatorStone Top
25847	GladiatorStone Middle
25848	GladiatorStone Bottom
25849	StaremperorStone Robe
25850	NinjaStone Top
25851	NinjaStone Middle
25852	NinjaStone Bottom
25853	KagerouStone Robe
25854	OboroStone Robe
25855	GunslingerStone Top
25856	GunslingerStone Middle
25857	GunslingerStone Bottom
25858	RebellionStone Robe
25859	DoramStone Top
25860	DoramStone Middle
25861	DoramStone Bottom
25862	DoramStone Robe
25920	Armor Ore 3
25924	Boost C Enchant 1
26007	Spectral Spear IL
26015	Rebeginer LG Lance
26101	Paradise Foxtail Staff III
26109	Staff Of Bordeaux IL
26110	CandyCaneRod
26111	Metal Foxtail
26118	Shadow Staff K
26119	Rebeginer SO Rod
26120	Rebeginer DO Rod
26151	Rutilus Stick OS
26154	SoulWeight
26155	MeawFoxtail
26156	Evt Shadow Staff K
26162	Ein 1HWAND
26164	ElectricFox OS
26215	Ein 1HWHIP
27164	Faceworm Queen Card
27182	Captain Felock Card
27352	Rigid Nightmare Terror Card
27361	Contaminated Wanderer Card
28000	Thanos Katar
28001	Katar Of Evil Slayer
28002	Half BF Katar2
28007	Scarlet Katar
28008	Katar of Vicious Mind
28010	Juliette de Rachel
28022	Infiltrator IL
28023	Ghoul Leg IL
28027	Rebeginer GC Katar
28038	Meuchler OS
28039	Shiver Katar K
28040	Evt Shiver Katar K
28045	Ein BHKATAR
28100	Thanos Axe
28101	Tornado Axe
28105	Infinity Two handed Axe
28106	Scarlet Twohand Axe
28107	Two Handed Axe of Vicious Mind
28130	Avenger
28136	Blasti OS
28137	Evt Avenger
28140	Ein BHAXE
28200	END OF HORIZON
28201	Southern Cross R
28202	Southern Cross R 
28203	Half BF Rifle1
28204	Half BF Shotgun1
28240	Calf Kingcobra
28241	Calf Diamondback
28242	Calf Anaconda
28243	Calf Python
28244	Gate KeeperDD IL
28253	HR S55 OS
28254	Butcher IL
28255	Master Soul Rifle
28256	Demon S Shot
28257	Golden L Launcher
28258	The Black Gatling
28306	Bless Of Moon
28310	Earring Of Sarah L
28311	Earring Of Sarah R
28320	Desperation of Assassin
28326	Broken Chip 1
28327	Broken Chip 2
28332	Jewel Ring
28333	Gold PC Room Ring
28362	Str Gloves
28363	Agi Gloves
28364	Int Gloves
28365	Vit Gloves
28366	Dex Gloves
28367	Luk Gloves
28372	Imperial Ring
28374	Foxtail Ring
28380	Fresh Grass Necklace
28381	Cute Grass Necklace
28382	Charm Grass Necklace
28413	Lesser Mackerel Talisman
28414	Intermediate Mackerel Talisman
28415	Greater Mackerel Talisman
28416	Lesser Leaf Talisman
28417	Intermediate Leaf Talisman
28418	Greater Leaf Talisman
28419	Lesser Rabbit Talisman
28420	Intermediate Rabbit Talisman
28421	Greater Rabbit Talisman
28422	Shiny Branch Talisman
28423	Fresh Tuna Talisman
28424	Chubby Worm Talisman
28439	SeeOtter Fan
28508	Skul Ring IL
28509	Ring IL
28510	Vampire s Servant
28534	RKC 2017 Pendant
28535	RKC 2017 Ring
28566	Rebeginer Ring
28604	Scarlet Bible
28605	Book of Vicious Mind
28612	Book Of The Apo IL
28616	Rebeginer AB Bible
28626	Tablet IL
28629	Circuit Board OS
28630	Demon Hunting Bible K
28631	Time Kamiji
28635	Ein 1HBOOK
28703	Infinity Dagger
28704	Twilight Desert 
28705	Scarlet Dagger
28706	Dagger of Vicious Mind
28725	Moonlight Sword IL
28740	Rebeginer SC Dagger
28744	Magic Sword
28745	Counter Dagger IL
28755	Kuroiro OS
28759	Evt Magic Sword
28762	Bazerald IL
28763	Sharp Wind Sword
28764	Fog Dew Sword
28771	Ein 1HDAGGER
28772	Ein 1HMAGGER
28900	Praetorian Shield
28901	Cursed Mad Bunny
28902	Mad Bunny 
28922	Herald Of GOD IL
28942	Bloody Knight Shield
28945	Bloody Knight Shield 
28946	Bloody Knight Shield  
28953	Poring B Shield
29000	Rune Of Magic1
29001	Rune Of Magic2
29002	Rune Of Magic3
29003	Rune Of Dexterity1
29004	Rune Of Dexterity2
29005	Rune Of Dexterity3
29006	Rune Of Fortune1
29007	Rune Of Fortune2
29008	Rune Of Fortune3
29009	Rune Of Stamina1
29010	Rune Of Stamina2
29011	Rune Of Stamina3
29013	HPAbsorb3
29014	STR3 INT3
29015	STR3 DEX3
29016	INT3 DEX3
29017	INT3 VIT3
29018	DEX3 VIT3
29019	DEX3 AGI3
29020	VIT3 AGI3
29021	VIT3 LUK3
29022	AGI3 LUK3
29023	AGI3 STR3
29024	LUK3 STR3
29025	LUK3 INT3
29026	DEF20
29027	EXP2
29047	Fatal0
29048	Expert Archer0
29056	FixedCasting05
29061	Mettle1
29062	Mettle2
29063	Mettle3
29071	MagicEessence1
29072	MagicEessence2
29073	MagicEessence3
29081	Acute1
29082	Acute2
29083	Acute3
29091	MasterArcher1
29092	MasterArcher2
29093	MasterArcher3
29101	Adamatine1
29102	Adamatine2
29103	Adamatine3
29111	Affection1
29112	Affection2
29113	Affection3
29156	Casting Top
29157	Casting Middle
29158	Casting Bottom
29358	Casting Robe
29359	Fatal Top
29360	Fatal Bottom
29361	Fatal Robe
29423	Sura Top
29424	Sura Middle
29425	Sura Bottom
29426	Sura Robe
29427	Sura Robe2
29428	Ranger Top
29429	Ranger Middle
29430	Ranger Bottom
29431	Ranger Robe
29432	Sorcerer Top
29433	Sorcerer Middle
29434	Sorcerer Bottom
29435	Sorcerer Robe
29460	Runeknight Top
29461	Runeknight Middle
29462	Runeknight Bottom
29463	Runeknight Robe
29464	Genetic Top
29465	Genetic Middle
29466	Genetic Bottom
29467	Genetic Robe
29468	Warlock Top
29469	Warlock Middle
29470	Warlock Bottom
29471	Warlock Robe
29477	Shadowchaser Top
29478	Shadowchaser Middle
29479	Shadowchaser Bottom
29480	Shadowchaser Robe
29481	Mechanic Top
29482	Mechanic Middle
29483	Mechanic Bottom
29484	Mechanic Robe
29485	WanderMinstrel Top
29486	WanderMinstrel Middle
29487	WanderMinstrel Bottom
29488	WanderMinstrel Robe
29513	Highpriest Top
29514	Highpriest Middle
29515	Highpriest Bottom
29516	Archbishop Robe
29517	Paladin Top
29518	Paladin Middle
29519	Paladin Bottom
29520	Royalguard Robe
29521	Assassincross Top
29522	Assassincross Middle
29523	Assassincross Bottom
29524	Guillotinecross Robe
29527	Improve Orb Def
29528	Improve Orb Mdef
29529	Improve Orb HealHP
29530	Improve Orb Spirit
29531	Improve Orb Health
29532	Improve Orb HealSP
29533	Improve Orb Heal
29534	Improve Orb Atk
29535	Improve Orb Matk
29536	Improve Orb Archer
29537	Improve Orb Speed
29538	Improve Orb Cast
29539	Improve Orb Cri
29540	Deep Black Pearl
29541	Improve Orb Fix
29542	Improve Orb Above
29543	Improve Orb Life
29544	Improve Orb Soul
29545	Improve Orb M Heal
29546	Improve Orb M Soul
29547	Sea Sapphire
29548	Red Fog Garnet
29549	Lightning Topaz
29550	Poisoned Amethyst
29551	Frost Zircon
29552	Deep Black Pearl 
29587	Lightning Topaz 
29588	Bloody Ruby
29589	GH Cursed Gemstone 
29590	GH Cursed Crystal 
29591	Cursed Emerald
29592	Shinee Opal
29611	Sura Bottom2
29612	Sura Middle2
29613	Sura Top2
29614	Sorcerer Robe2
29615	Sorcerer Bottom2
29616	Sorcerer Middle2
29617	Sorcerer Top2
29618	Shadowchaser Robe2
29619	Shadowchaser Bottom2
29620	Shadowchaser Middle2
29621	Shadowchaser Top2
29651	Soullinker Top
29652	Soullinker Middle
29653	Soullinker Bottom
29654	Soulreaper Robe
29655	Gladiator Top
29656	Gladiator Middle
29657	Gladiator Bottom
29658	Staremperor Robe
29659	Ninja Top
29660	Ninja Middle
29661	Ninja Bottom
29662	Kagerou Robe
29663	Oboro Robe
29664	Gunslinger Top
29665	Gunslinger Middle
29666	Gunslinger Bottom
29667	Rebellion Robe
29668	Doram Top
29669	Doram Middle
29670	Doram Bottom
29671	Doram Robe
29706	Tenacity1
29707	Tenacity2
29708	Tenacity3
31022	Abandoned Teddy Bear Card
31172	Roast Memory
31186	C Black Cat
31195	Choco Minihat
31197	Egg Crispinette 
31208	Straight Long YL
31209	Straight Long WH
31249	Rabbit Hopping
31261	Soda In Mouth 
31300	Warm Cat Muffler
31313	C FallenAngelWingEar
31314	C Ghost Holiday
31316	C FlutterButterfly BL
31329	C Alice Wig
31332	C Khalitzburg Helm BL
31368	Harvest Festa Hat
31369	Straight Long WH 
31370	Straight Long YL 
31382	C Cat Ears Punkish
31387	Jjakk
31389	White Bird Rose
31390	Let It Snow
31396	C Sorcerer Hood
31397	C Pope Sitting Head
31398	C Blinking Thin Eyes
31407	Alice Wig PK
31415	C Wanderer Sakkat
31432	C Luwmin Ice
31433	C Astro Circle
31437	C Baby Penguin
31439	C Fluffy Heart Earmuffs
31440	C Snow Bear Food
31452	White Cat
31454	Love Feeling
31455	Enchanted Dog
31460	C Blessing Sky Lantern
31463	C Flying Drone
31465	Egg Minihat
31481	C CatCoffeeCup TW
31483	C CatEarRibbon TW
31489	C Bouquet Hat
31490	C Poring Muffler
31494	Volume Low Twin
31495	Lolita Two Side Up
31498	C Elephangel TH
31512	C Panda Rabbit
31516	Mini Melon
31518	Pop Popcorn Hat 
31519	Slurp Slurp Hat
31529	C Happy Rabbit Ribbon
31565	C Princess Ribbon Crown
31569	C OpenAir Headset
31572	C Mobile Pursuit System
31573	C Mecha Cat Ears
31574	C Cyber Income
31580	Autumnal Flavor
31586	C Poporing Muffler
31589	GOLD MAJESTIC GOUT
31600	C Kishu Inu
31606	C Autumn Headband
31614	C Fox
31616	C Sleep Sheep TW
31624	C HeartOfCat TW
31625	C Protect Cloth
31693	C LunaticMuffler
31698	C Pigtail Red Hood
31699	C Smiling Eyes
31765	C Garnet Tiara
31766	C Peony Hair Ornament
31787	C SavageB On Shoulder
31798	C Baby Panda
32005	Pole Axe IL
32013	Metal Stick
32018	Undine Spear K
32019	Boost Lance OS
32021	Evt Undine Spear K
32026	Ein 1HSPEAR
32110	Ein 1HLUTE
32207	Illusion B R
32208	Illusion B L
32209	Illusion BC R
32210	Illusion BC L
32221	Time Overload Ring
32237	Celine Brooch
32301	Gold Lux IL
32302	Crimson Rose
32303	Ein 1HGUN
32352	Ein 1HSWORD
100000	IDTest Special
100003	ILL Piece A
100004	ILL Piece B
100009	Joy Of Victory
100010	PerfectSize Mix
100011	MagicPiercing Mix
100023	Ancient Hero Bravery
100025	Ancient Hero Wisdom
100043	Boost Up 1
100044	Boost Up 2
100053	Piercing Mix
100058	Hasty Mix
100060	EnchantStone Recipe 4m
100128	Noblesse Rifine Ticket
100129	Imperial Rifine Ticket
100130	Grace Rifine Ticket
100131	Imperial Convert1
100132	Imperial Convert2
100133	Grace Convert1
100134	Grace Convert2
100135	Imperial Convert3
100136	Imperial Convert4
100137	Grace Convert3
100138	Grace Convert4
100142	Abyss Ddbox2
100144	Abyss Ddbox3
100145	Abyss Ddbox4
100479	Sakray Fury
100485	Sakray Regret
100591	Thanos W Reform 1
100592	Thanos W Reform 2
100619	Thanos Refine Hammer
100648	Consecrate Weapon 1
100649	Consecrate Weapon 2
100656	EP18 Armor Enchant
100657	EP18 Hood Enchant
100658	EP18 Boots Enchant
100659	EP18 Racc Enchant
100660	EP18 Lacc Enchant
100694	C Armor Reform 1
100695	C Armor Reform 2
100724	Spring Energy
100746	C Weapon Reform 1
100747	C Weapon Reform 2
100748	C Weapon Reform 3
100753	Hero Equipment Cube
100784	Shadow Changer W Shi
100786	C Armor Reform 3
100816	Summer Energy
100817	Thanos Upgrade Box
100819	Hero Weapon Up Box 1
100820	Hero Weapon Up Box 2
100821	Hero Weapon Hammer 1
100822	Hero Weapon Hammer 2
100834	Hero Weapon Up Box 3
100835	Hero Weapon Hammer 3
100890	Shadow Changer A W
100917	Hero Weapon Hammer 4
100918	Hero Weapon Up Box 4
100938	Hero Weapon Hammer 5
100939	Hero Weapon Up Box 5
101060	Select Example1
101077	Vivatus Weapon Hammer
101078	Adulter Weapon Up Box
101100	Poenetentia Box3
101101	Poenetentia Box4
101109	Cannon Box Stone
310000	Ranger Top2
310001	Ranger Middle2
310002	Ranger Bottom2
310003	Ranger Robe2
310004	Mechanic Top2
310005	Mechanic Middle2
310006	Mechanic Bottom2
310007	Mechanic Robe2
310008	Highpriest Top2
310009	Highpriest Middle2
310010	Highpriest Bottom2
310011	Archbishop Robe2
310082	Automatic Orb1
310083	Automatic Orb2
310084	Automatic Orb3
310085	Automatic Orb4
310086	Automatic Orb5
310087	Automatic Orb6
310088	Automatic Orb7
310089	Automatic Orb8
310090	Automatic Orb9
310091	Automatic Orb10
310092	Automatic Orb11
310093	Automatic Orb12
310094	Automatic Orb13
310095	Automatic Orb14
310096	Automatic Orb15
310097	Automatic Orb16
310098	Automatic Orb17
310099	Automatic Orb18
310100	Automatic Orb19
310101	Automatic Orb20
310102	Automatic Orb21
310103	Automatic Orb22
310104	Automatic Orb23
310105	Automatic Orb24
310106	Automatic Orb25
310107	Automatic Orb26
310108	Automatic Orb27
310109	Automatic Orb28
310110	Automatic Orb29
310111	Automatic Orb30
310112	Automatic Orb31
310113	Automatic Orb32
310114	Automatic Orb33
310115	Automatic Orb34
310116	Automatic Orb35
310117	Automatic Orb36
310118	Automatic Orb37
310119	Automatic Orb38
310120	Automatic Orb39
310121	Automatic Orb40
310122	Automatic Orb41
310123	Automatic Orb42
310124	Automatic Orb43
310125	Automatic Orb44
310126	Automatic Orb45
310127	Automatic Orb46
310128	Automatic Orb47
310129	Automatic Orb48
310130	Automatic Orb49
310131	Automatic Orb50
310132	Automatic Orb51
310133	Automatic Orb52
310134	Automatic Orb53
310135	Automatic Orb54
310136	Automatic Orb55
310137	Automatic Orb56
310138	Automatic Orb57
310139	Automatic Orb58
310140	Automatic Orb59
310141	Automatic Orb60
310142	Automatic Orb61
310143	Automatic Orb62
310144	Automatic Orb63
310145	Automatic Orb64
310146	Automatic Orb65
310147	Automatic Orb66
310148	Automatic Orb67
310149	Automatic Orb68
310150	Automatic Orb69
310151	Automatic Orb70
310152	Automatic Orb71
310153	Automatic Orb72
310154	Automatic Orb73
310155	Automatic Orb74
310156	Automatic Orb75
310157	Automatic Orb76
310158	Automatic Orb77
310159	Automatic Orb78
310160	Automatic Orb79
310161	Automatic Orb80
310162	Automatic Orb81
310163	Automatic Orb82
310164	Automatic Orb83
310165	Automatic Orb84
310166	Automatic Orb85
310167	Automatic Orb86
310168	Automatic Orb87
310169	Automatic Orb88
310170	Automatic Orb89
310171	Automatic Orb90
310172	Automatic Orb91
310173	Automatic Orb92
310174	Automatic Orb93
310175	Automatic Orb94
310176	Automatic Orb95
310177	Automatic Orb96
310178	Automatic Orb97
310179	Automatic Orb98
310180	Warlock Robe2
310181	Warlock Top2
310182	Warlock Middle2
310183	Warlock Bottom2
310184	Royalguard Robe2
310185	Paladin Bottom2
310186	Paladin Middle2
310187	Paladin Top2
310188	Guillotinecross Robe2
310189	Assassincross Bottom2
310190	Assassincross Middle2
310191	Assassincross Top2
310257	Runeknight Robe2
310258	Runeknight Top2
310259	Runeknight Middle2
310260	Runeknight Bottom2
310261	Genetic Robe2
310262	Genetic Top2
310263	Genetic Middle2
310264	Genetic Bottom2
310265	WanderMins Robe2
310266	WanderMins Top2
310267	WanderMins Middle2
310268	WanderMins Bottom2
310325	Range Top
310326	Range Bottom
310327	Melee Top
310328	Melee Middle
310329	Melee Bottom
310330	Range Middle
310478	Wolf Orb Str 1
310479	Wolf Orb Dex 1
310480	Wolf Orb Agi 1
310481	Wolf Orb Int 1
310482	Wolf Orb Vit 1
310483	Wolf Orb luk 1
310484	Wolf Orb Str 2
310485	Wolf Orb Dex 2
310486	Wolf Orb Agi 2
310487	Wolf Orb Int 2
310488	Wolf Orb Vit 2
310489	Wolf Orb luk 2
310490	Wolf Orb Str 3
310491	Wolf Orb Dex 3
310492	Wolf Orb Agi 3
310493	Wolf Orb Int 3
310494	Wolf Orb Vit 3
310495	Wolf Orb luk 3
310496	Wolf Orb Def 1
310497	Wolf Orb Mdef 1
310498	Wolf Orb Def 2
310499	Wolf Orb Mdef 2
310500	Wolf Orb Def 3
310501	Wolf Orb Mdef 3
310502	Wolf Orb Ran 1
310503	Wolf Orb War 1
310504	Wolf Orb Mag 1
310505	Wolf Orb Ran 2
310506	Wolf Orb War 2
310507	Wolf Orb Mag 2
310508	Wolf Orb Ran 3
310509	Wolf Orb War 3
310510	Wolf Orb Mag 3
310511	Wolf Orb R Reject 1
310512	Wolf Orb R Reject 2
310513	Wolf Orb R Reject 3
310514	Wolf Orb Force
310515	Wolf Orb S Delay
310516	Wolf Orb Skill 1
310517	Wolf Orb Skill 2
310518	Wolf Orb Skill 3
310519	Wolf Orb Skill 4
310520	Wolf Orb Skill 5
310521	Wolf Orb Skill 6
310522	Wolf Orb Skill 7
310523	Wolf Orb Skill 8
310524	Wolf Orb Skill 9
310525	Wolf Orb Skill 10
310526	Wolf Orb Skill 11
310527	Wolf Orb Skill 12
310528	Wolf Orb Skill 13
310529	Wolf Orb Skill 14
310530	Wolf Orb Skill 15
310531	Wolf Orb Skill 16
310532	Wolf Orb Skill 17
310533	Wolf Orb Skill 18
310534	Wolf Orb Skill 19
310535	Wolf Orb Skill 20
310536	Wolf Orb Skill 21
310537	Wolf Orb Skill 22
310538	Wolf Orb Skill 23
310539	Wolf Orb Skill 24
310540	Wolf Orb Skill 25
310541	Wolf Orb Skill 26
310542	Wolf Orb Skill 27
310543	Wolf Orb Skill 28
310544	Wolf Orb Skill 29
310545	Wolf Orb Skill 30
310546	Wolf Orb Skill 31
310547	Wolf Orb Skill 32
310548	Wolf Orb Skill 33
310549	Wolf Orb Skill 34
310550	Wolf Orb Skill 35
310551	Wolf Orb Skill 36
310552	Wolf Orb Skill 37
310553	Wolf Orb Skill 38
310554	Wolf Orb Skill 39
310555	Wolf Orb Skill 40
310556	Wolf Orb Skill 41
310557	Wolf Orb Skill 42
310558	Wolf Orb Skill 43
310559	Wolf Orb Skill 44
310560	Wolf Orb Skill 45
310561	Wolf Orb Skill 46
310562	Wolf Orb Skill 47
310563	Wolf Orb Skill 48
310564	Wolf Orb Skill 49
310565	Wolf Orb Skill 50
310566	Wolf Orb Skill 51
310567	Wolf Orb Speed 1
310568	Wolf Orb Caster 1
310569	Wolf Orb Critical 1
310570	Wolf Orb Guide 1
310571	Wolf Orb Speed 2
310572	Wolf Orb Caster 2
310573	Wolf Orb Critical 2
310574	Wolf Orb Guide 2
310575	Wolf Orb Speed 3
310576	Wolf Orb Caster 3
310577	Wolf Orb Critical 3
310578	Wolf Orb Guide 3
310579	Wolf Orb Above 1
310580	Wolf Orb Above 2
310581	Wolf Orb Above 3
310582	Wolf Orb P Full 1
310583	Wolf Orb P Full 2
310584	Wolf Orb P Full 3
310585	Wolf Orb M Counter 1
310586	Wolf Orb M Counter 2
310587	Wolf Orb M Counter 3
310588	Wolf Orb Hp 1
310589	Wolf Orb Sp 1
310590	Wolf Orb Heal 1
310591	Wolf Orb Hp 2
310592	Wolf Orb Sp 2
310593	Wolf Orb Heal 2
310594	Wolf Orb Hp 3
310595	Wolf Orb Sp 3
310596	Wolf Orb Heal 3
310597	Wolf Orb Robust 1
310598	Wolf Orb Robust 2
310599	Wolf Orb Robust 3
310600	Wolf Orb F Cast 1
310601	Wolf Orb F Cast 2
310602	Wolf Orb F Cast 3
310603	Wolf Orb M F 1
310604	Wolf Orb P F 1
310605	Wolf Orb M F 2
310606	Wolf Orb P F 2
310607	Wolf Orb M F 3
310608	Wolf Orb P F 3
310609	Wolf Orb Un Vit
310610	Wolf Orb Sp Int
310611	Wolf Orb Fi Dex
310612	Wolf Orb Ov Str
310613	Wolf Orb Fa Agi
310614	Wolf Orb Lu Luk
310615	Wolf Orb A Delay 1
310616	Wolf Orb E Archer 1
310617	Wolf Orb Fatal 1
310618	Wolf Orb F Spirit 1
310619	Wolf Orb Spell 1
310620	Wolf Orb A Delay 2
310621	Wolf Orb E Archer 2
310622	Wolf Orb Fatal 2
310623	Wolf Orb F Spirit 2
310624	Wolf Orb Spell 2
310625	Wolf Orb A Delay 3
310626	Wolf Orb E Archer 3
310627	Wolf Orb Fatal 3
310628	Wolf Orb F Spirit 3
310629	Wolf Orb Spell 3
310630	Wolf Orb A Delay 4
310631	Wolf Orb E Archer 4
310632	Wolf Orb Fatal 4
310633	Wolf Orb F Spirit 4
310634	Wolf Orb Spell 4
310635	Wolf Orb HealHP 1
310636	Wolf Orb HealSP 1
310637	Wolf Orb HealHP 2
310638	Wolf Orb HealSP 2
310639	Wolf Orb HealHP 3
310640	Wolf Orb HealSP 3
310641	Wolf Orb HealHP 4
310642	Wolf Orb HealSP 4
310643	Wolf Orb Life
310644	Wolf Orb Soul
310645	Wolf Orb M Heal
310646	Wolf Orb M Soul
310647	Wolf Orb A Force
310660	Range Robe D
310661	Melee Robe D
310662	HPdrain Robe D
310663	SPdrain Robe D
310664	Magic Top
310665	Magic Middle
310666	Magic Bottom
310667	Magic Robe D
310668	Spring Energy 1
310669	Spring Energy 2
310670	Spring Energy 3
310671	Spring Warmth 1
310672	Spring Warmth 2
310673	Spring Warmth 3
310674	Star Cluster Of Pow1
310675	Star Cluster Of Pow2
310676	Star Cluster Of Pow3
310677	Star Cluster Of Sta1
310678	Star Cluster Of Sta2
310679	Star Cluster Of Sta3
310680	Star Cluster Of Con1
310681	Star Cluster Of Con2
310682	Star Cluster Of Con3
310683	Star Cluster Of Crt1
310684	Star Cluster Of Crt2
310685	Star Cluster Of Crt3
310686	Star Cluster Of Spl1
310687	Star Cluster Of Spl2
310688	Star Cluster Of Spl3
310689	Star Cluster Of Wis1
310690	Star Cluster Of Wis2
310691	Star Cluster Of Wis3
310692	Star Of Mettle1
310693	Star Of Mettle2
310694	Star Of Mettle3
310695	Star Of Mettle4
310696	Star Of Mettle5
310697	Star Of MasterArcher1
310698	Star Of MasterArcher2
310699	Star Of MasterArcher3
310700	Star Of MasterArcher4
310701	Star Of MasterArcher5
310702	Star Of Sharp1
310703	Star Of Sharp2
310704	Star Of Sharp3
310705	Star Of Sharp4
310706	Star Of Sharp5
310707	Star Of Spell1
310708	Star Of Spell2
310709	Star Of Spell3
310710	Star Of Spell4
310711	Star Of Spell5
310712	Star Of Speed1
310713	Star Of Speed2
310714	Star Of Speed3
310715	Star Of Speed4
310716	Star Of Speed5
310717	Star Of Vital1
310718	Star Of Vital2
310719	Star Of Vital3
310720	Star Of Vital4
310721	Star Of Vital5
310722	Star Of Spirit1
310723	Star Of Spirit2
310724	Star Of Spirit3
310725	Star Of Spirit4
310726	Star Of Spirit5
310727	Nebula Of FS1
310728	Nebula Of FS2
310729	Nebula Of FS3
310730	Nebula Of EA1
310731	Nebula Of EA2
310732	Nebula Of EA3
310733	Nebula Of SH1
310734	Nebula Of SH2
310735	Nebula Of SH3
310736	Nebula Of SP1
310737	Nebula Of SP2
310738	Nebula Of SP3
310739	Nebula Of HL1
310740	Nebula Of HL2
310741	Nebula Of HL3
310742	Nebula Of HP1
310743	Nebula Of HP2
310744	Nebula Of HP3
310844	Summer Hot Lv1
310845	Summer Hot Lv2
310846	Summer Hot Lv3
310847	Summer Cool Lv1
310848	Summer Cool Lv2
310849	Summer Cool Lv3
310851	Mad Bunny Enchant 1 1
310852	Mad Bunny Enchant 1 2
310853	Mad Bunny Enchant 1 3
310854	Mad Bunny Enchant 2 1
310855	Mad Bunny Enchant 2 2
310856	Mad Bunny Enchant 2 3
310857	Mad Bunny Enchant 3 1
310858	Mad Bunny Enchant 3 2
310859	Mad Bunny Enchant 3 3
310860	Mad Bunny Enchant 3 4
310861	Mad Bunny Enchant 4 1
310862	Mad Bunny Enchant 4 2
310863	Mad Bunny Enchant 4 3
310864	Mad Bunny Enchant 5 1
310865	Mad Bunny Enchant 5 2
310866	Mad Bunny Enchant 5 3
310867	Mad Bunny Enchant 6 1
310868	Mad Bunny Enchant 6 2
310869	Mad Bunny Enchant 6 3
310870	Mad Bunny Enchant 7 1
310871	Mad Bunny Enchant 7 2
310872	Mad Bunny Enchant 7 3
310873	Mad Bunny Enchant 8 1
310874	Mad Bunny Enchant 8 2
310875	Mad Bunny Enchant 8 3
310876	Mad Bunny Enchant 9 1
310877	Mad Bunny Enchant 9 2
310878	Mad Bunny Enchant 9 3
310879	Mad Bunny Enchant 3 5
310880	Mad Bunny Enchant 3 6
310908	HeroBoots STR
310909	HeroBoots LUK
310910	HeroBoots DEX
310911	HeroBoots INT
310912	HeroBoots VIT
310913	HeroBoots AGI
310914	HeroInsignia STR
310915	HeroInsignia LUK
310916	HeroInsignia DEX
310917	HeroInsignia INT
310918	HeroInsignia VIT
310919	HeroInsignia AGI
310920	Barmund Pow1
310921	Barmund Pow2
310922	Barmund Pow3
310923	Barmund Spl1
310924	Barmund Spl2
310925	Barmund Spl3
310926	Barmund Con1
310927	Barmund Con2
310928	Barmund Con3
310929	Barmund Crt1
310930	Barmund Crt2
310932	Barmund Crt3
310933	Barmund Wis1
310934	Barmund Wis2
310935	Barmund Wis3
310936	Barmund Sta1
310937	Barmund Sta2
310938	Barmund Sta3
310982	PATK 1Lv
310983	PATK 2Lv
310984	SMATK 1Lv
310985	SMATK 2Lv
310986	ATK 1Lv
310987	ATK 2Lv
310988	MATK 1Lv
310989	MATK 2Lv
310990	MHP 1Lv
310991	MHP 2Lv
310992	MSP 1Lv
310993	MSP 2Lv
310994	Bless Nothing
310995	Bless Undead
310996	Bless Animal
310997	Bless Plant
310998	Bless Insect
310999	Bless Fish
311000	Bless Demon
311001	Bless Human
311002	Bless Angel
311003	Bless Dragon
311004	Bless All
311016	Gear ATK
311017	Gear MATK
311018	Gear ASPD
311019	Gear CAST
311020	Gear SKILL
311021	Gear POW
311022	Gear SPL
311023	Gear STA
311024	Gear WIS
311025	Gear CRT
311026	Gear CON
311027	Gear PATK
311028	Gear SMATK
311029	Gear DN1
311030	Gear DN2
311031	Gear MT1
311032	Gear MT2
311033	Gear BO1
311034	Gear BO2
311035	Gear SHC1
311036	Gear SHC2
311037	Gear AG1
311038	Gear AG2
311039	Gear ABC1
311040	Gear ABC2
311041	Gear EM1
311042	Gear EM2
311043	Gear WH1
311044	Gear WH2
311045	Gear IQ1
311046	Gear IQ2
311047	Gear IG1
311048	Gear IG2
311049	Gear CD1
311050	Gear CD2
311051	Gear SKE1
311052	Gear SKE2
311053	Gear SOA1
311054	Gear SOA2
311055	Gear NW1
311056	Gear NW2
311057	Gear HN1
311058	Gear HN2
311059	Gear SS1
311060	Gear SS2
311061	Gear TR1
311062	Gear TR2
311063	Gear SH1
311064	Gear SH2
311076	POW 1Lv
311077	POW 2Lv
311078	WIS 1Lv
311079	WIS 2Lv
311080	SPL 1Lv
311081	SPL 2Lv
311082	STA 1Lv
311083	STA 2Lv
311084	CRT 1Lv
311085	CRT 2Lv
311086	CON 1Lv
311087	CON 2Lv
311088	CRATE Lv1
311089	CRATE Lv2
311090	HPLUS Lv1
311091	HPLUS Lv2
311092	Ice F Orb Str
311093	Ice F Orb Dex
311094	Ice F Orb Agi
311095	Ice F Orb Int
311096	Ice F Orb Vit
311097	Ice F Orb luk
311098	Ice F Orb Def
311099	Ice F Orb Mdef
311100	Ice F Orb Ran
311101	Ice F Orb War
311102	Ice F Orb Mag
311103	Ice F Orb R Reject
311104	Ice F Orb Force
311105	Ice F Orb S Delay
311106	Ice F Orb Speed
311107	Ice F Orb Caster
311108	Ice F Orb Critical
311109	Ice F Orb Guide
311110	Ice F Orb Above
311111	Ice F Orb P Full
311112	Ice F Orb M Counter
311113	Ice F Orb Hp
311114	Ice F Orb Sp
311115	Ice F Orb Heal
311116	Ice F Orb Robust
311117	Ice F Orb F Cast
311118	Ice F Orb M F
311119	Ice F Orb P F
311120	Ice F Orb Un Vit
311121	Ice F Orb Sp Int
311122	Ice F Orb Fi Dex
311123	Ice F Orb Ov Str
311124	Ice F Orb Fa Agi
311125	Ice F Orb Lu Luk
311126	Ice F Orb A Delay
311127	Ice F Orb E Archer
311128	Ice F Orb Fatal
311129	Ice F Orb F Spirit
311130	Ice F Orb Spell
311131	Ice F Orb HealHP
311132	Ice F Orb HealSP
311133	Ice F Orb Life
311134	Ice F Orb Soul
311135	Ice F Orb M Heal
311136	Ice F Orb M Soul
311137	Ice F Orb A Force
311138	Ice F Orb Skill 1
311139	Ice F Orb Skill 2
311140	Ice F Orb Skill 3
311141	Ice F Orb Skill 4
311142	Ice F Orb Skill 5
311143	Ice F Orb Skill 6
311144	Ice F Orb Skill 7
311145	Ice F Orb Skill 8
311146	Ice F Orb Skill 9
311147	Ice F Orb Skill 10
311148	Ice F Orb Skill 11
311149	Ice F Orb Skill 12
311150	Ice F Orb Skill 13
311151	Ice F Orb Skill 14
311152	Ice F Orb Skill 15
311153	Ice F Orb Skill 16
311154	Ice F Orb Skill 17
311155	Ice F Orb Skill 18
311156	Ice F Orb Skill 19
311157	Ice F Orb Skill 20
311158	Ice F Orb Skill 21
311159	Ice F Orb Skill 22
311160	Ice F Orb Skill 23
311161	Ice F Orb Skill 24
311162	Ice F Orb Skill 25
311163	Ice F Orb Skill 26
311164	Ice F Orb Skill 27
311165	Ice F Orb Skill 28
311166	Ice F Orb Skill 29
311167	Ice F Orb Skill 30
311168	Ice F Orb Skill 31
311169	Ice F Orb Skill 32
311170	Ice F Orb Skill 33
311171	Ice F Orb Skill 34
311172	Ice F Orb Skill 35
311173	Ice F Orb Skill 36
311174	Ice F Orb Skill 37
311175	Ice F Orb Skill 38
311176	Ice F Orb Skill 39
311177	Ice F Orb Skill 40
311178	Ice F Orb Skill 41
311179	Ice F Orb Skill 42
311180	Ice F Orb Skill 43
311181	Ice F Orb Skill 44
311182	Ice F Orb Skill 45
311183	Ice F Orb Skill 46
311184	Ice F Orb Skill 47
311185	Ice F Orb Skill 48
311186	Ice F Orb Skill 49
311187	Ice F Orb Skill 50
311188	Ice F Orb Skill 51
311189	Ice F Orb Skill 52
311190	Ice F Orb Skill 53
311191	Ice F Orb Skill 54
311192	Glacier F Orb 1
311193	Glacier F Orb 2
311194	Glacier F Orb 3
311195	Glacier F Orb 4
311196	Glacier F Orb 5
311197	Glacier F Orb 6
311198	Glacier F Orb 7
311199	Glacier F Orb 8
311200	Glacier F Orb 9
311201	Glacier F Orb 10
311202	Glacier F Orb 11
311203	Glacier F Orb 12
311204	Glacier F Orb 13
311205	Glacier F Orb 14
311206	Glacier F Orb 15
311207	Glacier F Orb 16
311208	Glacier F Orb 17
311209	Glacier F Orb 18
311210	Glacier F Orb 19
311211	Glacier F Orb 20
311212	Glacier F Orb 21
311213	Glacier F Orb 22
311214	Glacier F Orb 23
311215	Glacier F Orb 24
311216	Glacier F Orb 25
311217	Glacier F Orb 26
311218	Glacier F Orb 27
311219	Glacier F Orb 28
311220	Glacier F Orb 29
311221	Glacier F Orb 30
311222	Glacier F Orb 31
311223	Glacier F Orb 32
311224	Glacier F Orb 33
311225	Glacier F Orb 34
311226	Glacier F Orb 35
311227	Glacier F Orb 36
311228	Glacier F Orb 37
311229	Glacier F Orb 38
311230	Glacier F Orb 39
311231	Glacier F Orb 40
311232	Glacier F Orb 41
311233	Glacier F Orb 42
311234	Glacier F Orb 43
311235	Glacier F Orb 44
311236	Glacier F Orb 45
311237	Glacier F Orb 46
311238	Glacier F Orb 47
311239	Glacier F Orb 48
311240	Glacier F Orb 49
311241	Glacier F Orb 50
311242	Glacier F Orb 51
311243	Glacier F Orb 52
311244	Glacier F Orb 53
311245	Glacier F Orb 54
311246	Glacier F Orb 55
311247	Glacier F Orb 56
311248	Glacier F Orb 57
311249	Glacier F Orb 58
311250	Glacier F Orb 59
311251	Glacier F Orb 60
311252	Glacier F Orb 61
311253	Glacier F Orb 62
311254	Glacier F Orb 63
311255	Glacier F Orb 64
311256	Glacier F Orb 65
311257	Glacier F Orb 66
311258	Glacier F Orb 67
311259	Glacier F Orb 68
311260	Glacier F Orb 69
311261	Glacier F Orb 70
311262	Glacier F Orb 71
311263	Glacier F Orb 72
311264	Glacier F Orb 73
311265	Glacier F Orb 74
311266	Glacier F Orb 75
311267	Glacier F Orb 76
311268	Glacier F Orb 77
311269	Glacier F Orb 78
311270	Glacier F Orb 79
311271	Glacier F Orb 80
311272	Glacier F Orb 81
311273	Glacier F Orb 82
311274	Glacier F Orb 83
311275	Glacier F Orb 84
311276	Glacier F Orb 85
311277	Glacier F Orb 86
311278	Glacier F Orb 87
311279	Glacier F Orb 88
311280	Glacier F Orb 89
311281	Glacier F Orb 90
311282	Glacier F Orb 91
311283	Glacier F Orb 92
311285	Glacier F Orb 93
311286	Glacier F Orb 94
311287	Glacier F Orb 95
311288	Glacier F Orb 96
311289	Glacier F Orb 97
311290	Glacier F Orb 98
311291	Glacier F Orb 99
311292	Glacier F Orb 100
311293	Glacier F Orb 101
311294	Glacier F Orb 102
311295	Glacier F Orb 103
311296	Glacier F Orb 104
311297	Glacier F Orb 105
311298	Glacier F Orb 106
311299	Glacier F Orb 107
311300	Glacier F Orb 108
311301	Glacier F Orb 109
311302	Glacier F Orb 110
311303	Glacier F Orb 111
311304	Glacier F Orb 112
311305	Glacier F Orb 113
311306	Glacier F Orb 114
311307	Glacier F Orb 115
311308	Glacier F Orb 116
311309	Glacier F Orb 117
311310	Glacier F Orb 118
311311	Glacier F Orb 119
311312	Glacier F Orb 120
311313	Glacier F Orb 121
311314	Glacier F Orb 122
311315	Glacier F Orb 123
311316	Glacier F Orb 124
311317	Glacier F Orb 125
311318	Glacier F Orb 126
311319	Glacier F Orb 127
311320	Glacier F Orb 128
311321	Glacier F Orb 129
311322	Glacier F Orb 130
311323	Glacier F Orb 131
311324	Glacier F Orb 132
311325	Glacier F Orb 133
311326	Glacier F Orb 134
311327	Glacier F Orb 135
311328	Glacier F Orb 136
311329	Glacier F Orb 137
311330	Glacier F Orb 138
311331	Glacier F Orb 139
311332	Glacier F Orb 140
311333	Glacier F Orb 141
311334	Glacier F Orb 142
311335	Glacier F Orb 143
311336	Glacier F Orb 144
311337	Glacier F Orb 145
311338	Glacier F Orb 146
311339	Glacier F Orb 147
311340	Glacier F Orb 148
311341	Glacier F Orb 149
311342	Glacier F Orb 150
311343	Glacier F Orb 151
311344	Glacier F Orb 152
311345	Glacier F Orb 153
311346	Glacier F Orb 154
311347	Glacier F Orb 155
311348	Glacier F Orb 156
311349	Glacier F Orb 157
311350	Glacier F Orb 158
311351	Glacier F Orb 159
311352	Glacier F Orb 160
311353	Glacier F Orb 161
311367	Gray Melee1
311368	Gray Melee2
311369	Gray Melee3
311370	Gray Range1
311371	Gray Range2
311372	Gray Range3
311373	Gray Magic1
311374	Gray Magic2
311375	Gray Magic3
311376	Gray Fight1
311377	Gray Fight2
311378	Gray Fight3
311379	Gear NW3
311380	Gear NW4
311381	Gear NW5
311382	Gear SS3
311384	Expert Fighter1
311385	Expert Fighter2
311386	Expert Fighter3
311387	Expert Fighter4
311388	Expert Fighter5
311389	Expert Magician1
311390	Expert Magician2
311391	Expert Magician3
311392	Expert Magician4
311393	Expert Magician5
311394	Attack Delay 5
311395	Hit Plus1
311396	Hit Plus2
311397	Hit Plus3
311398	Hit Plus4
311399	Hit Plus5
311400	Caster1
311401	Caster2
311402	Caster3
311403	Caster4
311404	Caster5
311441	Evt Firecracker
311443	Glacier F Orb 162
311444	Glacier F Orb 163
311445	Glacier F Orb 164
311446	Glacier F Orb 165
311447	Glacier F Orb 166
311448	Glacier F Orb 167
311449	Physical Grade 1
311450	Physical Grade 2
311451	Physical Grade 3
311452	Physical Grade 4
311453	Physical Grade 5
311454	Magical Grade 1
311455	Magical Grade 2
311456	Magical Grade 3
311457	Magical Grade 4
311458	Magical Grade 5
311777	Pow Orb 1
311778	Pow Orb 2
311779	Pow Orb 3
311780	Pow Orb 4
311781	Pow Orb 5
311782	Pow Orb 6
311783	Pow Orb 7
311784	Pow Orb 8
311785	Pow Orb 9
311786	Pow Orb 10
311787	Pow Orb 11
311788	Pow Orb 12
311789	Pow Orb 13
311790	Pow Orb 14
311791	Pow Orb 15
311792	Pow Orb 16
311793	Pow Orb 17
311794	Pow Orb 18
311795	Pow Orb 19
311796	Pow Orb 20
311797	Spl Orb 1
311798	Spl Orb 2
311799	Spl Orb 3
311800	Spl Orb 4
311801	Spl Orb 5
311802	Spl Orb 6
311803	Spl Orb 7
311804	Spl Orb 8
311805	Spl Orb 9
311806	Spl Orb 10
311807	Spl Orb 11
311808	Spl Orb 12
311809	Spl Orb 13
311810	Spl Orb 14
311811	Spl Orb 15
311812	Spl Orb 16
311813	Spl Orb 17
311814	Spl Orb 18
311815	Spl Orb 19
311816	Spl Orb 20
311817	Warrior Orb 1
311818	Warrior Orb 2
311819	Warrior Orb 3
311820	Warrior Orb 4
311821	Warrior Orb 5
311822	Warrior Orb 6
311823	Warrior Orb 7
311824	Warrior Orb 8
311825	Warrior Orb 9
311826	Warrior Orb 10
311827	Warrior Orb 11
311828	Warrior Orb 12
311829	Warrior Orb 13
311830	Warrior Orb 14
311831	Warrior Orb 15
311832	Magician Orb 1
311833	Magician Orb 2
311834	Magician Orb 3
311835	Magician Orb 4
311836	Magician Orb 5
311837	Magician Orb 6
311838	Magician Orb 7
311839	Magician Orb 8
311840	Magician Orb 9
311841	Magician Orb 10
311842	Magician Orb 11
311843	Magician Orb 12
311844	Magician Orb 13
311845	Magician Orb 14
311846	Magician Orb 15
311847	Shooter Orb 1
311848	Shooter Orb 2
311849	Shooter Orb 3
311850	Shooter Orb 4
311851	Shooter Orb 5
311852	Shooter Orb 6
311853	Shooter Orb 7
311854	Shooter Orb 8
311855	Shooter Orb 9
311856	Shooter Orb 10
311857	Shooter Orb 11
311858	Shooter Orb 12
311859	Shooter Orb 13
311860	Shooter Orb 14
311861	Shooter Orb 15
311862	Barmund Flame1
311863	Barmund Flame2
311864	Barmund Flame3
311865	Barmund Flame4
311866	Barmund Flame5
311867	Barmund Ice1
311868	Barmund Ice2
311869	Barmund Ice3
311870	Barmund Ice4
311871	Barmund Ice5
311872	Barmund Plain1
311873	Barmund Plain2
311874	Barmund Plain3
311875	Barmund Plain4
311876	Barmund Plain5
311877	Barmund Death1
311878	Barmund Death2
311879	Barmund Death3
311880	Barmund Death4
311881	Barmund Death5
400002	Victory Wing Ear 
400020	C BeachBall
400134	Thanos Helm 1
400135	Thanos Helm1 LT
400141	Thanos Helm 2
400142	Thanos Helm2 LT
400145	Thanos Helm3 LT
400146	Thanos Helm 3
400150	Thanos Helm 4
400151	Thanos Helm4 LT
400152	Smoky TransformHat LT
400153	Whikebain Ears K LT
400154	Survive Circlet K LT
400155	GoldFish Hat LT
400156	Imp Hat LT
400178	Viva Adul Hat WL1
400179	Viva Adul Hat WL2
400180	Viva Adul Hat SR1
400181	Viva Adul Hat SR2
400189	Viva Adul Hat AB1
400190	Viva Adul Hat AB2
400191	Viva Adul Hat SC1
400192	Viva Adul Hat SC2
400198	Viva Adul Hat RA1
400199	Viva Adul Hat RA2
400200	Viva Adul Hat LG1
400201	Viva Adul Hat LG2
400216	Viva Adul Hat GC1
400217	Viva Adul Hat GC2
400218	Viva Adul Hat SO1
400219	Viva Adul Hat SO2
400226	Viva Adul Hat RK1
400227	Viva Adul Hat RK2
400228	Viva Adul Hat WM1
400229	Viva Adul Hat WM2
400230	Viva Adul Hat NC1
400231	Viva Adul Hat NC2
400233	Viva Adul Hat GN1
400234	Viva Adul Hat GN2
400235	Viva Adul Hat KO1
400236	Viva Adul Hat KO2
400237	Viva Adul Hat RL1
400238	Viva Adul Hat RL2
400239	Viva Adul Hat SP1
400240	Viva Adul Hat SP2
400241	Viva Adul Hat SJ1
400242	Viva Adul Hat SJ2
400243	Viva Adul Hat SU1
400244	Viva Adul Hat SU2
400309	C 20th Anniversary Hat
420017	Tree Of Sprout STR
420018	Tree Of Sprout DEX
420019	Tree Of Sprout AGI
420020	Tree Of Sprout LUK
420021	Tree Of Sprout VIT
420022	Tree Of Sprout INT
420055	Cherryblossom Fan
420066	SurviveOrb K LT
420074	Limesoda In Mouth
440000	C SharkHead
440003	C Pretty Rabbit Hood E
440006	C Black Cat Hood kr
440007	C Squirrel Ear Hat Kr
440009	C Black Moon Cat kr
450001	Atker Plate
450002	Ele Robe
450003	Defn Robe
450004	Ran Suits
450018	Noblesse Breath Armor
450019	Noblesse Knight Armor
450020	Noblesse Spear Armor
450021	Noblesse Genesis Armor
450022	Noblesse Sharp Suit
450023	Noblesse Aim Suit
450024	Noblesse Severe Suit
450025	Noblesse Reverb Suit
450026	Noblesse Adora Robe
450027	Noblesse Duple Robe
450028	Noblesse Tonado Armor
450029	Noblesse Vulcan Armor
450030	Noblesse Kart Suit
450031	Noblesse Kart Suit2
450032	Noblesse Rolling Suit
450033	Noblesse Assasin Suit
450034	Noblesse Fatal Suit
450035	Noblesse Stalker Suit
450036	Noblesse Picky Robe
450037	Noblesse Carrot Robe
450038	Noblesse Trip Suit
450039	Noblesse Firerain Suit
450040	Noblesse Crimson Robe
450041	Noblesse Frost Robe
450042	Noblesse Psychic Robe
450043	Noblesse Dust Robe
450044	Noblesse Sun Suit
450045	Noblesse Moon Suit
450046	Noblesse Ninja Suit
450047	Noblesse Kunai Suit
450048	Noblesse Swhoo Robe
450049	Noblesse Explosion Robe
450050	Noblesse Knuckle Suit
450051	Noblesse Tiger Suit
450052	Imperial Breath Armor
450053	Imperial Knight Armor
450054	Imperial Spear Armor
450055	Imperial Genesis Armor
450056	Imperial Sharp Suit
450057	Imperial Aim Suit
450058	Imperial Severe Suit
450059	Imperial Reverb Suit
450060	Imperial Adora Robe
450061	Imperial Duple Robe
450062	Imperial Knuckle Suit
450063	Imperial Tiger Suit
450064	Imperial Tonado Armor
450065	Imperial Vulcan Armor
450066	Imperial Kart Suit
450067	Imperial Kart Suit2
450068	Imperial Rolling Suit
450069	Imperial Assasin Suit
450070	Imperial Fatal Suit
450071	Imperial Stalker Suit
450072	Imperial Picky Robe
450073	Imperial Carrot Robe
450074	Imperial Trip Suit
450075	Imperial Firerain Suit
450076	Imperial Crimson Robe
450077	Imperial Frost Robe
450078	Imperial Psychic Robe
450079	Imperial Dust Robe
450080	Imperial Sun Suit
450081	Imperial Moon Suit
450082	Imperial Ninja Suit
450083	Imperial Kunai Suit
450084	Imperial Swhoo Robe
450085	Imperial Explosion Robe
450086	Grace Breath Armor
450087	Grace Knight Armor
450088	Grace Spear Armor
450089	Grace Genesis Armor
450090	Grace Sharp Suit
450091	Grace Aim Suit
450092	Grace Severe Suit
450093	Grace Reverb Suit
450094	Grace Adora Robe
450095	Grace Duple Robe
450096	Grace Knuckle Suit
450097	Grace Tiger Suit
450098	Grace Tonado Armor
450099	Grace Vulcan Armor
450100	Grace Kart Suit
450101	Grace Kart Suit2
450102	Grace Rolling Suit
450103	Grace Assasin Suit
450104	Grace Fatal Suit
450105	Grace Stalker Suit
450106	Grace Picky Robe
450107	Grace Carrot Robe
450108	Grace Trip Suit
450109	Grace Firerain Suit
450110	Grace Crimson Robe
450111	Grace Frost Robe
450112	Grace Psychic Robe
450113	Grace Dust Robe
450114	Grace Sun Suit
450115	Grace Moon Suit
450116	Grace Ninja Suit
450117	Grace Kunai Suit
450118	Grace Swhoo Robe
450119	Grace Explosion Robe
450121	Noblesse Snovice Suit
450122	Noblesse Snovice Robe
450123	Imperial Snovice Suit
450124	Imperial Snovice Robe
450125	Grace Snovice Suit
450126	Grace Snovice Robe
450147	E Illusion Armor A
450148	E Illusion Armor B
450169	Star Armor Of Pow
450170	Star Armor Of Sta
450171	Star Suit Of Con
450172	Star Suit Of Crt
450173	Star Robe Of Spl
450174	Star Robe Of Wis
450177	Gray W Suits
450178	Gray W Robe
450200	Barmund Flame Armor
450201	Barmund Plain Armor
450202	Barmund Death Armor
450203	Barmund Ice Armor
450206	Snowflower Armor
450207	Snowflower Robe
450218	E Auto Armor A
450219	E Auto Armor B
450234	Flame Rune Armor
450243	Plain Rune Armor
450244	Ice Rune Armor
450245	Death Rune Armor
460020	Mad Bunny K LT
470000	Atker Greave
470001	Ele Shoes
470002	Defn Shoes
470003	Ran Boots
470016	Noblesse Attack Boots
470017	Noblesse Magic Boots
470018	Imperial Attack Boots
470019	Imperial Magic Boots
470020	Grace Attack Boots
470021	Grace Magic Boots
470054	E Illusion Leg A
470055	E Illusion Leg B
470087	Gray W Boots
470088	Gray W Shoes
470094	Hero Boots LT
470108	Barmund Plain Boots
470109	Barmund Flame Boots
470110	Barmund Death Boots
470111	Barmund Ice Boots
470115	Snowflower Boots
470116	Snowflower Shoes
470125	E Auto Leg A
470126	E Auto Leg B
470173	Flame Rune Boots
470174	Plain Rune Boots
470175	Ice Rune Boots
470176	Death Rune Boots
480000	Atker Manteau
480001	Ele Muffler
480002	Defn Muffler
480003	Ran Manteau
480012	Noblesse Attack Manteau
480014	Noblesse Magic Manteau
480016	Imperial Attack Manteau
480017	Imperial Magic Manteau
480018	Grace Attack Manteau
480019	Grace Magic Manteau
480062	E Illusion Engine A
480063	E Illusion Engine B
480090	Gray W Muffler
480091	Gray W Manteau
480145	Barmund Plain Hood
480146	Barmund Flame Hood
480147	Barmund Death Hood
480148	Barmund Ice Hood
480159	Snowflower Manteau
480160	Snowflower Muffler
480185	E Auto Engine A
480186	E Auto Engine B
480230	Flame Rune Hood
480231	Plain Rune Hood
480232	Ice Rune Hood
480233	Death Rune Hood
490072	E Illusion B R
490073	E Illusion B L
490074	E Illusion BC R
490075	E Illusion BC L
490106	Gray W Pendant
490107	Gray W Ring
490108	Gray W Earing
490109	Gray W Necklace
490132	Signet Of Pow Star
490133	Signet Of Sta Star
490134	Signet Of Con Star
490135	Signet Of Crt Star
490136	Signet Of Spl Star
490137	Signet Of Wis Star
490163	Hero Insignia
490176	Snowflower Pendant
490177	Snowflower Ring
490178	Snowflower Necklace
490179	Snowflower Earring
490214	E Auto B R
490215	E Auto B L
490216	E Auto BC R
490217	E Auto BC L
490276	Dimmension W Key
490277	Dimmension W Padlock
490278	Dimmension W Keyring
500001	Boost Sword
500003	Light Blade
500004	Slate Sword
500013	Up Sword Of Bluefire
500014	Up Slate Sword
500015	PG B Sword
500016	HS T Sword
500017	Up Light Blade
500024	Thanos Sword AD
500025	Adulter F G Sword
500026	Adulter F Lapier
500027	Vivatus F G Sword
500028	Vivatus F Lapier
500038	Light Blade LT
500039	Sword Of Bluefire LT
500040	Slate Sword LT
500044	Solid Edge
500045	Wicked Blade
500046	Poenitentia Orbis
500049	Glacier Sword
500050	Glacier B Sword
500051	Cannon Rapier AD
500054	D Glacier Sword
500055	D Glacier B Sword
510001	Boost Dagger
510002	Boost Nindo
510006	Fatalist
510018	MF B Dagger
510019	Up Magic Sword
510020	Up Fatalist
510021	Avd Knife
510022	Up Fog Dew Sword
510030	Thanos Dagger AD
510032	Adulter F Dagger
510033	Vivatus F Dagger
510040	Magic Sword LT
510041	Fatalist LT
510050	Solid Dagger
510051	Wicked Dagger
510052	Wicked Edge
510053	Fourth 1h Nindo
510054	Fourth 1h Edge
510055	Fourth 1h Nindo2
510056	Poenitentia Sol
510057	Poenitentia Jana
510061	Glacier R Knife
510062	Glacier B Knife
510066	Kuroiro AD
510069	SN B Dagger
510075	D Glacier R Knife
510076	D Glacier B Knife
520000	Boost Axe
520008	Adulter F Axe
520009	Vivatus F Axe
520017	Glacier Axe
520021	D Glacier Axe
530000	Boost Spear
530005	BC B Spear
530006	Up Undine Spear K
530012	Thanos Spear AD
530013	Adulter F G Spear
530014	Vivatus F G Spear
530019	Undine Spear K LT
530023	Solid Spear
530025	Glacier Spear
530031	Boost Lance AD
530034	D Glacier Spear
540000	Boost Spl Book
540001	Boost Text
540009	SB B Book
540010	Up OneSkyOneSun
540011	Up Demon Hunting Bible
540019	Adulter F M Book
540020	Adulter F P Book
540021	Adulter F Bible
540022	Adulter F Moon B
540023	Adulter F Star B
540024	Vivatus F M Book
540025	Vivatus F P Book
540026	Vivatus F Bible
540035	Demon Hunting Bible LT
540039	ML B Book
540040	SS B Book
540041	Solid Manual
540042	Wicked Book
540043	Fourth 1h Manual
540044	Poenitentia Radius
540045	Vivatus F Star B
540046	Vivatus F Moon B
540049	Glacier Book
540051	Circuit Board AD
540056	D Glacier Book
550001	Boost Soul Rod
550002	Boost Foxtail
550006	Ein 1H Foxtail
550007	Freezing Rod
550010	ES B Stick
550011	AN B Wand
550012	Up Shadow Staff K
550013	Up Freezing Rod
550014	Up MeawFoxtail
550015	Up SoulWeight
550023	Thanos Staff AD
550024	Adulter F Wand
550025	Adulter F S Stick
550026	Adulter F D Wand
550027	Adulter F F Wand
550028	Adulter F F model
550029	Vivatus F Wand
550045	Shadow Staff K LT
550046	Freezing Rod LT
550050	SP B Fox
550051	GB B Fox
550052	ES B Staff
550053	EC B Staff
550054	Solid Wand
550055	Solid Rod
550056	Wicked Plant
550057	Fourth 1h Rod
550058	Fourth 1h Plant
550059	Fourth 1h Wand
550060	Poenitentia Ramus
550061	Poenitentia Planta
550062	Poenitentia Ferrum
550063	Vivatus F D Wand
550064	Vivatus F S Stick
550065	Vivatus F F Wand
550066	Vivatus F F model
550069	Glacier Wand
550070	Glacier Foxtail
550075	Rutilus Stick AD
550076	ElectricFox AD
550079	SN B Wand
550089	D Glacier Wand
550090	D Glacier Foxtail
560000	Boost Knuckle
560002	Ray Knuckle
560005	Sins Finger
560006	PS B Knuckle
560007	CP B Knuckle
560008	Up Iron Nail K
560009	Up Ray Knuckle
560017	Thanos Knuckle AD
560018	Adulter F Knuckle
560019	Adulter F Claw
560020	Vivatus F Knuckle
560021	Vivatus F Claw
560026	Iron Nail K LT
560027	Ray Knuckle LT
560030	Precision Fist
560032	Glacier Knuckle
560034	Burning Knuckle AD
560037	D Glacier Knuckle
570000	Boost Guitar
570002	Trumpet Shell K
570009	Up Trumpet Shell K
570010	MV B Violin
570016	Thanos Violin AD
570017	Adulter F Violin
570018	Adulter F Harp
570019	Vivatus F Violin
570020	Vivatus F Harp
570024	RS B Violin
570027	Trumpet Shell K LT
570028	Precision Lute
570029	Glacier Violin
570032	D Glacier Violin
580000	Boost Whip
580002	Barb Wire K
580009	Up Barb Wire K
580010	MV B Whip
580016	Thanos Whip AD
580017	Adulter F C Rope
580018	Adulter F Ribbon
580019	Vivatus F C Rope
580020	Vivatus F Ribbon
580024	RS B Whip
580027	Barb Wire K LT
580028	Precision Whip
580030	Glacier Whip
580033	D Glacier Whip
590000	Boost Hall
590002	Meteor Striker
590003	Saint Hall
590008	AK B Mace
590009	AC B Club
590010	DD B Mace
590011	Up Meteor Striker
590012	Up Saint Hall
590020	Thanos Hammer AD
590021	Adulter F Mace
590022	Adulter F Hall
590023	Vivatus F Mace
590024	Vivatus F Hall
590030	Saint Hall LT
590034	Meteor Striker LT
590036	Wicked Cross
590038	Glacier Mace
590039	Glacier M Mace
590043	Saphir Hall AD
590044	Ultio Spes AD
590047	D Glacier Mace
590048	D Glacier M Mace
600001	Boost TH Sword
600004	Dragonic Slayer
600009	Up Oriental Sword
600012	IW B T Sword
600016	Thanos TSword AD
600017	Adulter F T Sword
600018	Vivatus F T Sword
600023	Oriental Sword LT
600024	Dragonic Slayer LT
600027	Glacier T Sword
600028	Beam Claymore AD
600030	D Glacier T Sword
610000	Boost Katar
610003	Blade Katar
610008	Up Shiver Katar K
610009	Up Blade Katar
610013	RC B Katar
610019	Thanos Katar AD
610020	Adulter F Cakram
610021	Adulter F Katar
610022	Vivatus F Cakram
610023	Vivatus F Katar
610028	CA B Katar
610033	Shiver Katar K LT
610034	Blade Katar LT
610035	Wicked Katar
610037	Glacier Katar
610039	Meuchler AD
610041	D Glacier Katar
620003	PT B Axe
620004	Up Avenger
620009	Thanos Axe AD
620015	Avenger LT
620016	Wicked Axe
620017	Glacier T Axe
620018	Blasti AD
620019	D Glacier T Axe
630008	HB B T Spear
630012	Adulter F Lance
630013	Vivatus F Lance
630018	Glacier Lance
630019	D Glacier Lance
640000	Boost Staff
640004	Blue Crystal Staff
640009	CS B Staff
640010	CJ B Staff
640011	Up Iron Staff
640012	Up Blue Crystal Staff
640017	Thanos Rod AD
640019	Adulter F T Staff
640020	Adulter F Rod
640021	Vivatus F T Staff
640022	Vivatus F Rod
640027	Iron Staff LT
640028	Blue Crystal Staff LT
640031	Solid Staff
640033	Glacier Staff
640034	D Glacier Staff
650004	Up Humma Clear
650008	Adulter F Humma
650009	Adulter F C Humma
650017	FCH B Huuma
650018	SN B Huuma
650019	Precision Fuuma
650020	Fourth Bh Fuuma
650021	Vivatus F C Humma
650022	Vivatus F Humma
650025	Glacier Humma
650028	D Glacier Humma
700001	Boost Bow
700003	Scalet Dragon L Bow
700013	Up Narcis Bow
700014	TB B Bow
700015	AS B Bow
700016	SB B Bow
700018	Up Royal Bow K
700019	Up Scalet Dragon L Bow
700029	Thanos Bow AD
700030	Adulter F C Bow
700031	Adulter F Ballista
700032	Adulter F A Bow
700033	Vivatus F C Bow
700034	Vivatus F Ballista
700035	Vivatus F A Bow
700045	Royal Bow K LT
700046	Scalet Dragon L Bow LT
700049	Narcis Bow LT
700050	Precision Bow
700052	Glacier Bow
700054	Virtual Bow AD
700055	MH P89 AD
700056	AC B44 AD
700059	D Glacier Bow
800002	Up Crimson Rose
800003	Adulter F Revolver
800008	DF B Revolver
800009	Precision Pistol
800010	Fourth Revolver
800011	Poenitentia Foramen
800012	Vivatus F Revolver
800014	Glacier Revolver
800015	D Glacier Revolver
810001	Up Master Soul Rifle
810002	Adulter F Rifle
810005	Precision Rifle
810006	Fourth Rifle
810007	Poenitentia Penet
810008	Vivatus F Rifle
810010	Glacier Rifle
810013	HR S55 AD
810015	D Glacier Rifle
820001	Up Demon S Shot
820002	Adulter F Shotgun
820004	Precision Shotgun
820005	Fourth Shotgun
820006	Vivatus F Shotgun
820008	Glacier Shotgun
820011	D Glacier Shotgun
830000	Boost Gatling
830002	Up The Black Gatling
830003	Adulter F Gatling
830007	FR B Gatling
830008	Precision Gatling
830009	Fourth Gatling
830010	Poenitentia Veloci
830011	Vivatus F Gatling
830013	Glacier Gatling
830015	D Glacier Gatling
840001	Up Golden L Launcher
840002	Adulter F Launcher
840004	Precision Grenade
840005	Fourth Grenade
840006	Poenitentia Ruina
840007	Vivatus F Launcher
840009	Glacier Launcher
840010	D Glacier Launcher
1000008	RangerStone Top2
1000009	RangerStone Middle2
1000010	RangerStone Bottom2
1000011	RangerStone Robe2
1000012	MechanicStone Top2
1000013	MechanicStone Middle2
1000014	MechanicStone Bottom2
1000015	MechanicStone Robe2
1000016	HighpriestStone Top2
1000017	HighpriestStone Middle2
1000018	HighpriestStone Bottom2
1000019	ArchbishopStone Robe2
1000103	Barmil Ticket
1000213	WarlockStone Robe2
1000214	WarlockStone Top2
1000215	WarlockStone Middle2
1000216	WarlockStone Bottom2
1000217	RoyalguardStone Robe2
1000218	PaladinStone Top2
1000219	PaladinStone Middle2
1000220	PaladinStone Bottom2
1000221	GuillcrossStone Robe2
1000222	AssacrossStone Top2
1000223	AssacrossStone Middle2
1000224	AssacrossStone Bottom2
1000227	Cloud Cotton
1000254	Booster Coin
1000321	Amber
1000322	Etel Dust
1000323	Etel Stone
1000325	Etel Skyblue Jewel
1000326	Etel Topaz
1000327	Etel Violet Jewel
1000328	Etel Amber
1000337	Blessed Etel Dust
1000372	Meteorite Dust
1000373	Meteorite Fragment
1000398	Pow Meteorite Dust
1000399	Sta Meteorite Dust
1000400	Con Meteorite Dust
1000401	Crt Meteorite Dust
1000402	Spl Meteorite Dust
1000403	Wis Meteorite Dust
1000405	Ep18 Amethyst Fragment
1000419	Weapon Ore 1
1000420	Weapon Ore 2
1000421	Weapon Ore 3
1000422	Weapon Ore 4
1000423	Armor Ore 1
1000424	Armor Ore 2
1000425	Armor Ore 4
1000426	Acc Ore 1
1000427	Acc Ore 2
1000428	Acc Ore 3
1000429	Acc Ore 4
1000430	Weapon Stone 1
1000431	Weapon Stone 2
1000432	Weapon Stone 3
1000433	Weapon Stone 4
1000434	Armor Stone 1
1000435	Armor Stone 2
1000436	Armor Stone 3
1000437	Armor Stone 4
1000438	Acc Stone 1
1000439	Acc Stone 2
1000440	Acc Stone 3
1000441	Acc Stone 4
1000442	Pow Meteorite Fragment
1000443	Sta Meteorite Fragment
1000444	Con Meteorite Fragment
1000445	Crt Meteorite Fragment
1000446	Spl Meteorite Fragment
1000447	Wis Meteorite Fragment
1000475	Conse F T Sword
1000476	Conse F Lance
1000477	Conse F G Sword
1000478	Conse F G Spear
1000479	Conse F Axe
1000480	Conse F Mace
1000481	Conse F Lapier
1000482	Conse F Hall
1000483	Conse F Cakram
1000484	Conse F Katar
1000485	Conse F Dagger
1000486	Conse F C Bow
1000487	Conse F T Staff
1000488	Conse F Rod
1000489	Conse F M Book
1000490	Conse F P Book
1000491	Conse F Bible
1000492	Conse F Wand
1000493	Conse F Knuckle
1000494	Conse F Claw
1000495	Conse F Ballista
1000496	Conse F A Bow
1000497	Conse F Violin
1000498	Conse F C Rope
1000499	Conse F Harp
1000500	Conse F Ribbon
1000501	Purificatory Holy O
1000502	Purificatory Holy W
1000503	Sanctuary Sudarium
1000609	Mad Bunny Ticket
1000639	Death Barmund Rune
1000640	Plain Barmund Rune2
1000641	Flame Barmund Rune2
1000642	Ice Barmund Rune2
1000643	Death Barmund Rune2
1000645	Hero Enchant Ticket
1000678	Poring Enchant Ticket
1000680	ClockTower Lead
1000681	ClockTower Gear
1000685	Conse F Humma
1000686	Conse F C Humma
1000687	Conse F Revolver
1000688	Conse F Shotgun
1000689	Conse F Rifle
1000690	Conse F Gatling
1000691	Conse F Launcher
1000692	Conse F Moon B
1000693	Conse F Star B
1000694	Conse F S Stick
1000695	Conse F D Wand
1000696	Conse F F Wand
1000697	Conse F F model
1000698	Tree Enchant Ticket
1000711	Ice F Stone Str
1000712	Ice F Stone Dex
1000713	Ice F Stone Agi
1000714	Ice F Stone Int
1000715	Ice F Stone Vit
1000716	Ice F Stone luk
1000717	Ice F Stone Def
1000718	Ice F Stone Mdef
1000719	Ice F Stone Ran
1000720	Ice F Stone War
1000721	Ice F Stone Mag
1000722	Ice F Stone R Reject
1000723	Ice F Stone Force
1000724	Ice F Stone S Delay
1000725	Ice F Stone Speed
1000726	Ice F Stone Caster
1000727	Ice F Stone Critical
1000728	Ice F Stone Guide
1000729	Ice F Stone Above
1000730	Ice F Stone P Full
1000731	Ice F Stone M Counter
1000732	Ice F Stone Hp
1000733	Ice F Stone Sp
1000734	Ice F Stone Heal
1000735	Ice F Stone Robust
1000736	Ice F Stone F Cast
1000737	Ice F Stone M F
1000738	Ice F Stone P F
1000739	Ice F Stone Un Vit
1000740	Ice F Stone Sp Int
1000741	Ice F Stone Fi Dex
1000742	Ice F Stone Ov Str
1000743	Ice F Stone Fa Agi
1000744	Ice F Stone Lu Luk
1000745	Ice F Stone A Delay
1000746	Ice F Stone E Archer
1000747	Ice F Stone Fatal
1000748	Ice F Stone F Spirit
1000749	Ice F Stone Spell
1000750	Ice F Stone HealHP
1000751	Ice F Stone HealSP
1000752	Ice F Stone Life
1000753	Ice F Stone Soul
1000754	Ice F Stone M Heal
1000755	Ice F Stone M Soul
1000756	Ice F Stone A Force
1000757	Ice F Stone Skill 1
1000758	Ice F Stone Skill 2
1000759	Ice F Stone Skill 3
1000760	Ice F Stone Skill 4
1000761	Ice F Stone Skill 5
1000762	Ice F Stone Skill 6
1000763	Ice F Stone Skill 7
1000764	Ice F Stone Skill 8
1000765	Ice F Stone Skill 9
1000766	Ice F Stone Skill 10
1000767	Ice F Stone Skill 11
1000768	Ice F Stone Skill 12
1000769	Ice F Stone Skill 13
1000770	Ice F Stone Skill 14
1000771	Ice F Stone Skill 15
1000772	Ice F Stone Skill 16
1000773	Ice F Stone Skill 17
1000774	Ice F Stone Skill 18
1000775	Ice F Stone Skill 19
1000776	Ice F Stone Skill 20
1000777	Ice F Stone Skill 21
1000778	Ice F Stone Skill 22
1000779	Ice F Stone Skill 23
1000780	Ice F Stone Skill 24
1000781	Ice F Stone Skill 25
1000782	Ice F Stone Skill 26
1000783	Ice F Stone Skill 27
1000784	Ice F Stone Skill 28
1000785	Ice F Stone Skill 29
1000786	Ice F Stone Skill 30
1000787	Ice F Stone Skill 31
1000788	Ice F Stone Skill 32
1000789	Ice F Stone Skill 33
1000790	Ice F Stone Skill 34
1000791	Ice F Stone Skill 35
1000792	Ice F Stone Skill 36
1000793	Ice F Stone Skill 37
1000794	Ice F Stone Skill 38
1000795	Ice F Stone Skill 39
1000796	Ice F Stone Skill 40
1000797	Ice F Stone Skill 41
1000798	Ice F Stone Skill 42
1000799	Ice F Stone Skill 43
1000800	Ice F Stone Skill 44
1000801	Ice F Stone Skill 45
1000802	Ice F Stone Skill 46
1000803	Ice F Stone Skill 47
1000804	Ice F Stone Skill 48
1000805	Ice F Stone Skill 49
1000806	Ice F Stone Skill 50
1000807	Ice F Stone Skill 51
1000808	Ice F Stone Skill 52
1000809	Ice F Stone Skill 53
1000810	Ice F Stone Skill 54
1000812	Snow F Stone1
1000813	Snow F Stone2
1000814	Snow F Stone3
1000874	Enchant Ticket
1000995	Boost C Enchant 2
1001009	Evt 20th Coin
1001031	EP19 D P Crystal
1001032	EP19 N P Crystal
1001033	EP19 D P Stone
1001034	EP19 S F 1 Extract
1001035	EP19 S F 2 Extract
1001036	EP19 S F 3 Extract
1001037	EP19 Gla Extract
1001100	Heros Gold Bar
1001101	Heros Silver Bar
1001102	Heros Copper Bar
1001103	Heros Iron Bar
1001109	Heros Ruby
1001110	Heros Topaz
1001111	Heros Sapphire
1001112	Heros Emerald
1001113	Heros Diamond
1001118	Heros Ruby 1
1001119	Heros Topaz 1
1001120	Heros Sapphire 1
1001121	Heros Emerald 1
1001122	Heros Diamond 1
1001123	Heros Ruby 2
1001124	Heros Topaz 2
1001125	Heros Sapphire 2
1001126	Heros Emerald 2
1001127	Heros Diamond 2
1001128	Creed Of Herosria
1001129	Justice Of Herosria
1001130	Glory Of Herosria
1001138	Barmund Plain Essence
1001139	Barmund Flame Essence
1001140	Barmund Ice Essence
1001141	Barmund Death Essence
