0	Do you agree?
1	Failed to Connect to Server.
2	Disconnected from Server.
3	Disconnected from Server!
4	Server Closed.
5	Someone has Logged in with this ID.
6	Unregistered ID. Please make sure you have a registered account and you have correctly typed in the user ID.
7	Incorrect User ID or Password. Please try again.
8	This ID is expired.
9	Rejected from Server.
10	Character Name already exists.
11	Character Creation is denied.
12	Character Deletion is denied.
13	Please Enter Room Title.
14	Foul Language Detected.
15	Please enter Password.
16	Please enter Password. Passwords must be at least 4 characters long.
17	Are you sure that you want to quit?
18	Passwords are at least 4 characters long. Please try again.
19	Are you sure that you want to delete this character?
20	Foul Language Detected.
21	Character Name must be at least 4 characters long.
22	Command List: /h | /help
23	Effects On
24	Effects Off
25	Sound Volume
26	BGM Volume
27	Sound Effects On
28	Sound Effects Off
29	Frame Skip On
30	Frame Skip Off
31	BGM On
32	BGM Off
33	/h or /help: Shows this Command Help List
34	/w or /who or /player or /who: wiew current the number of player
35	/music: Turns BGM On or Off
36	/sound: Turns Sound Effects On or Off
37	/effect: Effects On or Off
38	/where: Shows your present location
39	/skip: Turns Frame Skip On or Off
40	/v (0~127): Controls the volume of the Sound Effects
41	/bv (0~127): Controls the volume of the BGM
42	/ex (Character Name): Blocks whispering from the Character
43	/ex: View a list of Characters you have Blocked
44	/in (Character Name): Allows whispering from the Character
45	/inall: Allows whispers from anyone
46	/exall: Blocks whispers from everyone
47	Right click on a character and select [Register as a Friend] to add a person to your Friend List.
48	F12 Brings up a Hotkey Window which allows you to drag and drop Recovery Items, Equipment and Skills into it for faster access.
49	You can't type the same word/phrase more than 3 times.
50	Chat Filter: Yeah, uh, I don't think so buddy...
51	You cannot overlap items on a window.
52	You cannot carry more items because you are overweight.
53	You cannot get the item.
54	The deal has successfully completed.
55	You do not have enough zeny.
56	You are over your Weight Limit.
57	The deal has failed.
58	You've blocked whispers from everyone.
59	You've failed to block all whispers.
60	You've allowed whispers from everyone.
61	You've failed to allow all whispers.
62	You have no Block List.
63	[ Character Block List ]
64	Room has been successfully created.
65	Room Limit Exceeded.
66	Same Room exists.
67	The Room is full.
68	You have been kicked out of this room.
69	The deal has been rejected.
70	You are too far away from the person to trade.
71	The Character is not currently online or does not exist.
72	The person is in another deal.
73	You cannot trade because this character will exceed his weight limit.
74	The deal has been canceled.
75	The deal has successfully completed.
76	The deal has failed.
77	Party has successfully been organized.
78	That Party Name already exists.
79	The Character is already in a party.
80	The Character already joined another party.
81	Request for party rejected.
82	Request for party accepted.
83	Party Capacity exceeded.
84	You left the party.
85	Send to All
86	Send to Party
87	Request a deal with %s
88	Ask %s to join your party
89	Pri:
90	Pub:
91	Click ''Restart'' to go back to your save point or click ''Exit'' to select another character.
92	Please select a Deal Type.
93	requests a deal.
94	Party has sent you an invitation. Would you like to join?
95	Invalid Command
96	Leave party
97	Expel
98	Send Message
99	1:1 Chat
100	Information
101	Party Setup
102	Friend
103	Party
104	Equipment
105	Status
106	Inventory
107	/organize ''Party Name'' To organize a party. Type /leave To leave a Party.
108	If you are the party master, you can invite someone into your party by right-clicking on a Character.
109	Consumables
110	Attack
111	Support
112	All
113	Weapons
114	Defense
115	Water
116	Earth
117	Fire
118	Wind
120	Please change your desktop Color Depth to 16-bit when running Ragnarok in windowed mode.
121	Please wait...
122	Please wait...
123	Please wait...
124	Please wait...
125	Make a Room
126	Room Setup
127	Kick Character Out
128	Give Master Authority
129	View Information
130	Chat Room
131	Ppl
132	/sit: Sit command. If you are sitting, you will stand instead.
133	/stand: Stand command. If you are standing, you will sit instead.
134	/chat: Creates a Chat Room
135	/q: Leaves a Chat Room
136	/deal ''Character Name'' Requests a deal with a character
137	/organize ''Party Name'' Organizes a party
138	/leave: Leaves a party
139	/expel ''Character Name'' kicks a Character out of your party
140	[Alt] + [End]: Turns HP/SP Bar On or Off
141	[Alt] + [Home]: Turns Ground Cursor On or Off
142	[Insert]: Makes you sit or stand. (Hotkey to toggle between /sit and /stand)
143	Congratulations! You are the MVP! Your reward item is
144	!
145	Congratulations! You are the MVP! Your reward EXP Points are
146	!!
147	You are the MVP, but you can't take the reward because you are over your weight limit.
148	There is no such character name or the user is offline.
149	doesn't want to receive your messages.
150	is not in the mood to talk with anyone.
151	Killed/Disconnected User.
152	Kill has failed.
153	You got %s (%d).
154	[Alt] + [=]: Fix the interval error between letters.
155	[F10]: To toggle Chat Window size; [Alt] + [F10]: Toggle Chat Window On or Off
156	How to Whisper: Enter a Character's Name on the left side of chat window and type your message on the right side. The Tab key helps you move between these boxes.
157	/!,/?,/ho,/lv,/lv2,/swt,/ic,/an,/ag,/$,/….,/thx,/wah,/sry,/heh,/swt2,/hmm,/no1,/??,/omg,/oh,/X,/hp,/go,/sob,/gg,/kis,/kis2,/pif,/ok: Emotion icons corresponding to Alt + (1~9) Ctrl + (-=\\)
158	How to Speak to Party: Add % in front of every message.(Example: \%Hello\)
159	You haven't learned enough Basic Skills to Trade.
160	You haven't learned enough Basic Skills to use Emotion icons.
161	You haven't learned enough Basic Skills to Sit.
162	You haven't learned enough Basic Skills to create a chat room.
163	You haven't learned enough Basic Skills to Party.
164	You haven't learned enough skills to Shout.
165	You haven't learned enough skills for Pking.
166	Buying Items
167	Item Shop
168	Selling Items
169	Storage
170	is put on.
171	is taken off.
172	To add names on the Whispering List
173	How to Take Screen Shots: Press [Print Screen] or [Scroll Lock]
174	Tip of the Day
175	^3850a0Did you know...?^709fed
176	Display at startup
177	/tip: Opens ''Tip of the Day''
178	There are %d Players Currently Connected.
179	(%s) has entered.
180	(%s) has left.
181	(%s) was kicked out.
182	%d ea.
183	%s: %d ea.
184	%s %s: %d
185	Available Items to sell
186	Shop Items
187	Unknown Area
188	Your Client language doesn't match the Server language.
189	Please move your equipment to the inventory. And close the equipment window.
190	This server provides English Text Characters Only.
191	This is not implemented yet.
192	No Whisper List.
193	: Whispering Blocked.
194	: Whispering Block has failed.
195	: Whispering Block has failed. Block List is full.
196	: Whispering accepted.
197	: Command has failed.
198	: Command has failed. Block List is full.
199	You cannot put a space at the beginning or end of a name.
200	Private
201	Public
202	Not Enough SP
203	Not Enough HP
204	Skill has failed.
205	Steal has failed.
206	Trade
207	Envenom skill has failed.
208	You cannot use this ID on this server.
209	Your Speed has increased.
210	Your Speed has decreased.
211	/memo: To memorize a place as Warp Point (If you are an Acolyte Class character)
212	Random Area
213	Select an Area to Warp
214	Skill Level is not high enough
215	There are no memorized locations (Memo Points).
216	You haven't learned Warp.
217	Saved location as a Memo Point for Warp Skill.
218	Cancel
219	There is a Delay after using a Skill.
220	You can't have this item because you will exceed the weight limit.
221	Out of the maximum capacity
222	Cart Items
223	Take off Cart
224	Opening a stall
225	Please Name your Shop.
226	My Shop
227	Merchant Shop
228	Buying Items
229	%s Purchase Failed %s
230	Out of Stock
231	%s %d sold.
232	Available Items for Vending
233	Skill has failed because you do not have enough zeny.
234	Select a Target.
235	/pk on: Turns PK On. /pk off: Turns PK Off.
236	Shop
237	Cart Items [Alt+W]
238	Basic Information
240	Buying %s has been failed. Out of Stock. Current Stock %d.
241	You've been disconnected due to a time gap between you and the server.
242	Please equip the proper ammunition first.
243	You can't attack or use skills because you've exceeded the Weight Limit.
244	You can't use skills because you've exceeded the Weight Limit.
245	Ammunition has been equipped.
246	Red Gemstone required.
247	Blue Gemstone required.
248	Strength
249	Agility
250	Vitality
251	Intelligence
252	Dexterity
253	Luck
254	Hit Point
255	Defence Rate
256	Accuracy
257	Critical Attack
258	Affiliated Guild
259	Points to level up each Parameter
260	Magic Attack
261	Magic Defense
262	Dodge
263	Attack Speed
264	Server is jammed due to over population. Please try again shortly.
265	Option
266	Account ID blocked by the Game Master Team.
267	Incorrect User ID or Password. Please try again.
268	Choose Hairstyle
269	Hit Point
270	Defence Rate
271	Attack Snap On
272	Attack Snap Off
273	Skill Snap On
274	Skill Snap Off
275	/snap: Turns snap On | Off for fights, /skillsnap: Turns snap On | Off for skills. /itemsnap: Turns snap On | Off for items on the grounds.
276	Item Snap On
277	Item Snap Off
278	Snap
279	You cannot carry more than 30,000 of one kind of item.
280	You cannot delete a Character with a level greater than 30. If you want to delete the character please contact a Game Master.
281	You cannot use an NPC shop while in a trade.
282	Shop Name
283	Skill Tree
284	Skill Point: %d
285	Skill has failed.
286	Passive
287	Individual
288	Shared
289	Individual
290	Party Share
291	Party Setup
292	How to share EXP
293	How to share Items
294	Only the Party Leader can change this setting.
295	Toggle Item Amount.
296	Character will be deleted after ^ff0000%d^000000 seconds. Press Cancel to quit.
297	You cannot trade more than 10 types of items per trade.
298	You are underaged.
299	Please enter the deletion password.
300	E-mail Address (Case Sensitive).
301	Character Deletion has failed because you have entered an incorrect e-mail address.
302	Enter Second Serial Cord of your Social Security number.
303	Character Deletion has failed because you have entered an incorrect SSN.
304	You can't sell more than 15 types of Items at one time.
305	The age limit from commandment tables cannot connect to this server.
306	HP/SP will not be restored when your carried weight is over 50% of the Weight Limit.
307	You can't use Skills or Attack while your carried weight is over 90% of your Weight Limit.
308	Your HP/SP are now being restored naturally.
309	Attack and Skills are now available.
310	Your Game's Exe File is not the latest version.
311	Items are sold out.
312	Save Chat as Text File
313	/savechat: Save a Chat Log
314	Register
315	Reject Whispering
316	Allow Whispering
317	Shows ''Miss''
318	Shows ''Miss''
319	Camera Zooming On
320	Camera Zooming Off
321	/camera: Camera Zooming On or Off. /miss: Toggle ''Miss'' display
322	View Skill Info
323	Change Skill
324	Sprite Resolution
325	Texture Resolution
326	Arrange Detail
327	You got %s Zeny
328	Guild Name
329	Guild lvl
330	ClanMaster Name
331	Number of Members
332	Avg.lvl of Guildsmen
333	Castles Owned
334	Tendency
335	EXP
336	Emblem
337	Tax Point
338	Alliances
339	Antagonists
340	Guild Info
341	Guildsmen Info
342	Position
343	Guild Skill
344	Expel History
345	Guild Notice
346	Entire Guild List
347	Whispering List
348	Open Whispering Window
349	How to Open Whispering List: Press [Alt] + [H]
350	Open Whispering List Automatically
351	Delete
352	Close since next
353	Last Log-in Time
354	Last Log-in IP
355	Friend Setup
356	Are you sure that you want to delete?
357	Are you sure that you want to leave?
358	Register as a Friend
359	Open 1:1 Chat between Friends
360	Open 1:1 Chat
361	Open 1:1 Chat between Strangers
362	Alarm when you recieve a 1:1 Chat
363	Are you sure that you want to expel?
364	%s has withdrawn from the guild.
365	Secession Reason: %s
366	You have failed to disband the guild.
367	Disband Reason: %s
368	This ID has been removed.
369	Price:
370	%s has been expelled from our guild.
371	Expulsion Reason: %s
372	You can't put this item on.
373	You can't modify Party Setup.
374	Guild has been Created.
375	You are already in a Guild.
376	That Guild Name already exists.
377	Guild has sent you an invitation. Would you like to join this Guild?
378	He/She is already in a Guild.
379	Offer Rejected
380	Offer Accepted
381	Your Guild is Full.
382	Send (%s) a Guild invitation
383	You haven't learned enough skills for aligning.
384	Aligning completed.
385	You already spent your point for today.
386	Hasn't been a month yet since you aligned this person.
387	Remember, Spamming isn't nice.
388	Please refrain from ill-mannered conduct, thank you.
389	Align with a Good Point
390	Align with a Bad Point
391	Request a deal with (%s)
392	Ask (%s) to join your party
393	Guild is asking you to agree to an Alliance with them. Do you accept?
394	This Guild is already your Ally.
395	You reject the offer
396	You accept the offer
397	They have too many Alliances.
398	You have too many Alliances.
399	Set this guild as an Alliance
400	Guild was successfully disbanded.
401	You have failed to disband the guild due to your incorrect SSN.
402	You have failed to disband the guild because there are guildsmen still present.
403	Set this guild as an Antagonist
404	Choose Hair Color
405	You don't have necessary item to create a Guild.
406	Monster Info
407	Name
408	Level
409	HP
410	Size
411	Type
412	MDEF
413	Attribute
414	Neutral
415	Water
416	Earth
417	Fire
418	Wind
419	Poison
420	Holy
421	Shadow
422	Ghost
423	Undead
424	You can't create items yet.
425	Item List you can craft
426	Create
427	's materials
428	item creation failed.
429	item created successfully.
430	item creation failed.
431	item created successfully.
432	You are not the required lvl.
433	Too high lvl for this job.
434	Not the suitable job for this type of work.
435	Record a message in the Talkie Box
436	Please type a message for the Talkie Box
437	Send to Guild
438	You didn't pay for this ID. Would you like to pay for it now?
439	Server is jammed due to overpopulation. Please try again after few minutes.
440	Server still recognizes your last log-in. Please try again after a few minutes.
441	Release Falcon
442	Dismount
443	Small
444	Med
445	Big
446	Double
447	Triple
448	Quadruple
449	You are prohibited to log in until %s.
450	's
451	's Fire
452	's Ice
453	's Wind
454	's Earth
455	38.144.194.2
456	6900
457	http://www.ragnarok.co.kr
458	Kill %s
459	Very Strong
460	Very Very Strong
461	Very Very Very Strong
462	The Reason of Expulsion
463	Attack Speed is up.
464	Attack Speed is down.
465	Weapon Damage is improved.
466	Weapon Damage is reduced.
467	Cast Delay is reduced.
468	Cast Delay has returned to normal.
469	Weapon is temporarily enchanted with Poison.
470	Weapon is temporarily enchanted with an elemental property.
471	Weapon has changed back to normal.
472	Armor has been enchanted with the Holy Ghost.
473	Armor has changed back to normal.
474	Barrier Formed.
475	Barrier Canceled.
476	Weapon Perfection Initiated.
477	Weapon perfection Canceled.
478	Power-Thrust Initiated.
479	Power-Thrust Canceled.
480	Maximize-Power Initiated.
481	Maximize-Power Canceled.
482	[New Server]
483	(%d players)
484	(On the maintenance)
485	Guild member %s has connected.
486	Guild member %s has disconnected.
487	You got %d Base EXP.
488	You got %d Job EXP.
489	You left the guild.
490	You have been expelled from the Guild.
491	Item Appraisal has completed successfully.
492	Item appraisal has failed.
493	Compounding has completed successfully.
494	Compounding has failed.
495	Antagonist has been set.
496	Guild has too many Antagonists.
497	Already set as an Antagonist
498	Upgrade has been completed successfully.
499	Upgrade has failed.
500	Unavailable Area to Teleport
501	Unable to memorize this place as Warp Point
502	Please wait 10 seconds before trying to log out.
503	Position
504	Job
505	Note
506	Devotion
507	Tax Point
508	Leave Guild
509	Expel
510	Rank
511	Position Title
512	Invitation
513	Punish
514	Tax %
515	Title
516	For
517	Guild Name
518	Guild lvl
519	Number of Members
520	Ranking
521	Item Appraisal
522	Insert Card
523	Please enter the reason of Secession.
524	Please enter the reason of Expulsion.
525	Please close Shop.
526	Skill
527	Item Name
528	https://pay.ragnarok.co.kr (Billing Web)
529	IP capacity of this Internet Cafe is full. Would you like to pay the personal base?
530	You are out of available paid playing time. Game will be shut down automatically.
531	Name is too long. Please enter a name no greater than 23 english characters.
532	Character will be deleted in %d seconds.
533	You paid with the personal regular base.
534	You paid with the personal regular base. Available time is xx hrs xx mins xx secs.
535	You are free!
536	You are free for the test, your available time is xx hrs xx mins xx secs.
537	You paid with the Internet Cafe regular base. Available time is xx hrs xx mins xx secs.
538	You paid with the Time Limit for Internet Cafe. Available time is xx hrs xx mins xx secs.
539	You are free for the test of Internet Cafe version .
540	You are free for the Internet Cafe version.
541	You paid on the Time Limit Website.
542	Emotion icon List
543	/emo
544	/!
545	/?
546	/ho
547	/lv
548	/lv2
549	/swt
550	/ic
551	/an
552	/ag
553	/$
554	/...
555	/thx
556	/wah
557	/sry
558	/heh
559	/swt2
560	/hmm
561	/no1
562	/??
563	/omg
564	/oh
565	/X
566	/hlp
567	/go
568	/sob
569	/gg
570	/kis
571	/kis2
572	/pif
573	/ok
574	Shortcut List
575	Your account is suspended.
576	Your connection is terminated due to change in the billing policy. Please connect again.
577	Your connection is terminated because your IP doesn't match the authorized IP from the account server.
578	Your connection is terminated to prevent charging from your account's play time.
579	You have been forced to disconnect by the Game Master Team.
580	You can't use this Skill because you are over your Weight Limit.
581	Nameless
582	Congratulations! %s ranking has gone up to %d.
583	What a pity! %s ranking has gone down to %d.
584	Pet Info
585	Hunger
586	Intimacy
587	Please avoid opening a chatroom while vending.
588	Total
589	You have knocked down %s.
590	You have been knocked down by %s.
591	Feed - "%s" is not available.
592	Feed Pet
593	Performance
594	Return to Egg Shell
595	Unequip Accessory
596	Check Pet Status
597	Accessory
598	Equipped
599	Pet List
600	Unequipped
601	Are you sure that you want to feed your pet?
602	Only the numbers (0~9) are available.
603	You cannot sell unidentified items.
604	Item at 0 Zeny exists. Do you wish to continue?
605	[New Emotion List]
606	N/A
607	N/A
608	Character in the same account already joined.
609	(%d ppl) - over the age 18
610	Provoke initiated.
611	Provoke canceled.
612	Endure initiated.
613	Endure canceled.
614	Improve Concentration initiated.
615	Improve Concentration canceled.
616	Hiding Initiated.
617	Hiding Canceled.
618	Cloaking initiated.
619	Cloaking canceled.
620	Poison React initiated.
621	Poison React canceled.
622	Speed reduced.
623	Quagmire canceled.
624	Defense increased.
625	Angelus canceled.
626	Blessing aligned.
627	Blessing canceled.
628	Signum Crusis initiated.
629	Signum Crusis canceled.
630	Slow Poison initiated.
631	Slow Poison Canceled.
632	HP/SP recovery increased.
633	Magnificat canceled.
634	Luck increased.
635	Gloria canceled.
636	You will received double damage from all attacking opponents.
637	Lex Eterna canceled.
638	Attack Speed increased.
639	Attack Speed reduced.
640	You've just been on a Peco Peco.
641	You've just got off of a Peco Peco.
642	You've just carried a Falcon with.
643	You've just released a Falcon.
644	Play Dead initiated.
645	Play Dead canceled.
646	STR improved.
647	STR turned back to normal.
648	Energy Coat initiated.
649	Energy Coat canceled.
650	Armor destroyed.
651	Weapon has just been released from destroyed status.
652	Weapon destroyed.
653	Weapon has just been released from destroyed status.
654	Invisibility initiated.
655	Invisibility canceled.
656	Sorry. It is delayed due to the process of payment. Please re-connect in a minute.
657	You must unequip ammunition first.
658	Arrow List
659	Cart List
660	You must have a Pushcart.
661	You cannot open a Chat Window.
662	Registering an account is the first step to accessing the game. Do you want to visit the registration page now?
663	You cannot use this item while sitting.
664	Your use of skills and chat will be blocked for the next %d minutes.
665	Your use of skills and chat have been reinstated.
666	- [Not equipped]
667	Very Hungry
668	Hungry
669	Normal
670	Satisfied
671	Stuffed
672	Awkward
673	Shy
674	Cordial
675	Loyal
676	Unknown
677	Your account has play time of %d day %d hour %d minute.
678	Your account is already connected to account server.
679	Your account has play time of %d hour %d minute.
680	Your account is a free account.
681	This account can't connect the Sakray server.
682	Your pet name must be 23 characters or less.
683	You may change your pet's name only once. Your pet's name will be changed to ^0000ff^0000ff %s^000000^000000.  Do you wish to continue?
684	/font
685	Your guild lacks the funds to pay for this venture.
686	Your guild zeny limit prevents you from performing this action.
687	Simplified effects have been activated.
688	Simplified effects have been deactivated.
689	Required Fee
690	If you wish to drop an item, you must first open your Item Window (alt+e).
691	Internet Cafe Time Plan has been ended. Would you like to continue the game with your personal play time?
692	Current admission application state.
693	Current admission application state.
694	Your lack of zeny or your zeny limit have prevented you from performing this action.
695	Your character has fainted. Push the ESC key to restart.
696	- %d obtained.
697	Spell List
698	/minimize
699	This item has been damaged.
700	/noshift: You may use your ''force heal'' ability without the Shift key. On | Off
701	[no shift] option activated. [ON]
702	[no shift] option deactivated. [OFF]
703	MSI_REFUSE_BAN_BY_DBA
704	MSI_REFUSE_EMAIL_NOT_CONFIRMED
705	MSI_REFUSE_BAN_BY_GM
706	MSI_REFUSE_TEMP_BAN_FOR_DBWORK
707	MSI_REFUSE_SELF_LOCK
708	MSI_REFUSE_NOT_PERMITTED_GROUP
709	MSI_REFUSE_WAIT_FOR_SAKRAY_ACTIVE
710	/aura: Simplify Aura effect On | Off
711	Turn On Aura [Aura ON]
712	Simplify Aura enabled. [ON]
713	Chat block record %d times
714	Chat block list
715	/showname: Change the name font type.
716	/noctrl | /nc: Auto attack without pressing ctrl key. On | Off
717	Use auto attack without Ctrl. [Auto attack ON]
718	Use auto attack with Ctrl. [Auto attack OFF]
719	Mute this player.
720	Unmute player & Erase mute time.
721	Decrease Player Mute time.
722	Normal Font Displayed. [showname type 1]
723	Font will be thin and party name will be shown [showname type 2]
724	/doridori: Shake head
725	Internet room is paying now.
726	Prepaid voucher validate until %d days %d hours %d minutes later. Time limit voucher validate untill %d hours %d minutes later.
727	/bingbing: Rotates player counter clockwise.
728	/bangbang: Rotates player clockwise.
729	/skillfail: Display red font message when skill fails. On | Off
730	Skill fail messages will be displayed. [Display On]
731	Skill fail messages will not be displayed. [Display OFF]
732	/notalkmsg: Chat will not be displayed in chat window. On | Off
733	Chat content will be displayed in the chat window. [Display ON]
734	Chat content will not be displayed in the chat window. [Display OFF]
735	/set1: /noctrl + /showname + /skillfail
736	/fog: Fog effect. On | Off
737	You have received a marriage proposal. Do you accept?
738	Item sharing type
739	Individual
740	Shared
741	nProtect KeyCrypt
742	Keyboard Driver has been detected. Do you want to install a program for keyboard security? (After installation, System Reboot is required)
743	Installation has been completed. System will be rebooted.
744	Installation has been failed.
745	Keyboard Security will be skipped.
746	Required file for Keyboard Security is not existing. (npkeyc.vxd, npkeyc.sys, npkeycs.sys)
747	USB Keyboard has been detected. Do you want to install a program for keyboard security? (After installation, System Reboot is required)
748	ftp://ragnarok.nefficient.co.kr/pub/ragnarok/ragnarok0526.exe
749	FindHack is not installed correctly. Please download ragnarok0226.exe and install it in RagnarokOnline directory.(%d).
750	Hacking tool is existing but it hasn't been cleaned. Rangarok Online will not be executed.
751	Hacking tool scan program has not been downloaded correctly. Please download ragnarok0226.exe and install it in RagnarokOnline directory.
752	NPX.DLL register error or there is no necessary file to run FindHack. Please download ragnarok0226.exe and install it in RagnarokOnline directory.
753	Exceptional Error. Please contact the customer support. Return Value: (%d)
754	Exit button has been clicked.
755	Unable to connect Findhack Update Server. Please try again or contact the customer support.
756	Beloved
757	/report: Save a chat log file.
758	Chat logs are not accepted as evidence for any ill-mannered violation on account of possible file modifications. However this feature is provided for players' personal reference.
759	I love you.
760	Please adjust your monitor/video brightness if effects appear too bright.
761	If full screen mode fails to work, it is suggested you alt+tab [or ctrl+esc] to inactivate and reactivate the Ragnarok Client.
762	(%d players) - Pay to Play Server
763	(%d players) - Free Server
764	Trial players can't connect Pay to Play Server.
765	Right click menu skills for F9 are Enabled.[/q1 ON]
766	Right click menu skills for F9 are Disabled.[/q1 OFF]
767	/quickspell: Right-click menu enables you to use skills assigned to the F9 hotkey. On | Off
768	Mouse wheel skills for F7 and F8 are Enabled.[/q2 ON]
769	Mouse wheel skills for F7 and F8 are Disabled.[/q2 OFF]
770	/quickspell2: By rolling the mouse wheel up and down, you are able to use skills registered on F7 and F8 hotkeys. On | Off
771	/q3 : /quickspell (/q1) + /quickspell2 (/q2)
772	/bzz
773	/rice
774	/awsm
775	/meh
776	/shy
777	/pat
778	/mp
779	/slur
780	/com
781	/yawn
782	/grat
783	/hp
784	/emotion: views the emoticon list.
785	Skills assigned to shortcut windows 1, 2, 3 are Enabled. [/bm ON]
786	Skills assigned to shortcut windows 1, 2, 3 are Disabled. [/bm OFF]
787	/battlemode: allows you to use skills assigned to Shortcut Window 2 by pressing Q ~ O keys.
788	A ~ L keys allow you to use skills assigned to Shortcut Window 3.
789	Please remember, programs running in the background while playing may affect the game's performance.
790	Dear angel, can you hear my voice?
791	Super Novice
792	Super Novice~
793	Help me out~ Please~ T_T
794	wishes to adopt you. Do you accept?
795	Z ~ > keys allow you to use skills assigned on shortcut window 1. On | Off
796	Press the space bar to Chat when in Battle mode [/battlemode | /bm].
797	"Either there's no Game Guard installed on the program or Game Guard is cracked. Please, try to reinstall Game Guard from its setup file."
798	Some of Windows system files have been damaged. Please re-install your Internet Explorer.
799	"Failed to run Game Guard. Please, try to reinstall Game Guard from its setup file."
800	"At least one hazardous program has been detected. Please, terminate all the unnecessary programs before executing Game Guard."
801	"Game Guard update is canceled. If the disconnection continues, please, check your internet or firewall settings."
802	"Failed to connect to Game Guard update server. Try to connect again later, or try to check the internet or firewall settings."
803	"Can't complete Game Guard update process. Please, try to execute a vaccine program to remove viruses. Or, please try to modify the settings of your PC managing tool if you are using any."
804	/notrade: Declines trade offers automatically. On | Off
805	Auto decline trade offers has been Enabled. [/nt ON]
806	Auto decline trade offers has been Disabled. [/nt OFF]
807	You cannot buy more than 30,000ea items at once.
808	You do not have enough ingredients.
809	Login information remains at %s.
810	Account has been locked for a hacking investigation. Please contact the GM Team for more information.
811	This account has been temporarily prohibited from login due to a bug-related investigation.
812	Repairable items
813	Item has been successfully repaired.
814	You have failed to repair this item. Please check the distance between you and opponent.
815	System process enabled [GM mode] [/sc ON]
816	System process disabled [GM mode] [/sc OFF]
817	/systemcheck: Check the system process [GM mode] On | Off
818	(%s) wishes to be friends with you. Would you like to accept?
819	Your Friend List is full.
820	(%s)'s Friend List is full.
821	You have become friends with (%s).
822	(%s) does not want to be friends with you.
823	This character will be blocked to use until %s.
824	Price will be fixed at 10,000,000 zeny, even if you enter higher price.
825	(Very low)
826	(Low)
827	(Normal)
828	(High)
829	(Very high)
830	You have been blocked from using chat and skills for %d minutes by the GM Team.
831	%d minutes remain until release from the GM penalty.
832	You have been released from the GM penalty.
833	You have been blocked from using chat and skills for %d as an automatic penalty.
834	%d minutes remain until release from auto penalty.
835	You have been released from the auto penalty. Please refrain from spamming in-game.
836	%s and %s have divorced from each other.
837	%s has been designated as Gravity %s's Solar Space.
838	%s has been designated as Gravity %s's Luna Space.
839	%s has been designated as Gravity %s's Stellar Space.
840	Gravity %s's Solar Space: %s
841	Gravity %s's Luna Space: %s
842	Gravity %s's Stellar Space: %s
843	%s has been designated as Gravity %s's Solar Monster.
844	%s has been designated as Gravity %s's Luna Monster.
845	%s has been designated as Gravity %s's Stellar Monster.
846	Gravity %s's Solar Monster: %s
847	Gravity %s's Luna Monster: %s
848	Gravity %s's Stellar Monster: %s
849	/window: Display windows will snap/dock together. On | Off
850	Display window docking enabled. [/wi ON]
851	Display window docking disabled. [/wi OFF]
852	/pvpinfo: shows your PVP result and PVP points.
853	You have won %d times and have lost %d times in PVP. Current points %d.
854	A manner point has been successfully aligned.
855	You are in a PK area. Please beware of sudden attack.
856	Game Guard update has been failed when either Virus or Spyware conflicted with. Please, Uninstall Spyware and Virus protection program before you log in.
857	Program has encountered an error related to Windows compatibility. Please start the game again.
858	You have been blocked from chatting, using skills and items.
859	Login is temporarily unavailable while this character is being deleted.
860	Login is temporarily unavailable while your spouse character is being deleted.
861	Novice
862	Swordman
863	Mage
864	Archer
865	Acolyte
866	Merchant
867	Thief
868	Knight
869	Priest
870	Wizard
871	Blacksmith
872	Hunter
873	Assassin
874	Novice
875	Swordman
876	Mage
877	Archer
878	Acolyte
879	Merchant
880	Thief
881	Knight
882	Priest
883	Wizard
884	Blacksmith
885	Hunter
886	Assassin
887	Send an adoption request to %s
888	When you become a child, you will be unable to become a Transcendent Class character, all stats will be limited to a maximum of 80, and Max HP/SP will be reduced. Are you sure that you want to be adopted?
889	All abnormal status effects have been removed.
890	You will be immune to abnormal status effects for the next minute.
891	Your Max HP will stay increased for the next minute.
892	Your Max SP will stay increased for the next minute.
893	All of your Stats will stay increased for the next minute.
894	Your weapon will remain blessed with Holy power for the next minute.
895	Your armor will remain blessed with Holy power for the next minute.
896	Your Defense will stay increased for the next 10 seconds.
897	Your Attack strength will be increased for the next minute.
898	Your Accuracy and Flee Rate will be increased for the next minute.
899	You cannot adopt more than 1 child.
900	You must be at least character level 70 in order to adopt someone.
901	[Point] You have been rewarded with %d Blacksmith rank points. Your point total is %d.
902	[Point] You have been rewarded with %d Alchemist rank points. Your point total is %d.
903	Help me out~ Please~ T_T
904	Help me out~ Please~ T_T
905	Help me out~ Please~ T_T
906	Help me out~ Please~ T_T
907	/notalkmsg2: Hides chat messages(including guild chat). On Off
908	Show chat messages. [/nm2 ON]
909	Hide chat messages(including guild chat) [/nm2 OFF]
910	Upgradable Weapons
911	Weapons upgraded: %s
912	Weapons upgraded: %s
913	You cannot upgrade %s until you level up your Upgrade Weapon skill.
914	You lack a necessary item %s to upgrade this weapon.
915	Full Divestment cannot pierce the target. The target is fully shielded.
916	You cannot adopt a married person.
917	This name is not registered in your Friend List. Please check the name again.
918	/hi or /hi message: Send greetings to people who are online and registered on your Friend List.
919	This character is not your guildsman. Please check the name again.
920	Please be aware that the maximum selling price is fixed as 2 Billion. You cannot sell an item higher than that.
921	Whispers from friends are displayed as [ Friend ], and ones from guildsmen are displayed as [ Member ].
922	( From character name: ) is from an anonymous character who is neither your friend nor guildsman.
923	/blacksmith: Shows top 10 Blacksmiths in the server.
924	/alchemist: Shows top 10 Alchemists in the server.
925	ALT+Y: Opens a window which allows you to use various commands with ease.
926	[POINT] You have been rewarded with %d Tae-Kwon Mission rank points. Your point total is %d.
927	[Taekwon Mission] Target Monster: %s (%d%%)
928	Error - Failed to initialize GameGuard: %lu
929	Speed Hack has been detected.
930	The illegal program, (%s) has been detected.
931	The Game or Gameguard has been cracked.
932	GameGuard is currently running. Please wait for sometime and restart the game.
933	The Game or GameGuard is already running. Please close the game and restart the game.
934	Failed to intialize GameGuard. Please try again after rebooting the system or closing other programs.
935	Failed to load the scan module of virus and hacking tool. It's caused by lack of memory or PC virus infection.
936	Homunculus Info
937	Homunculus Skill List
938	Please give your Homunculus a name no longer than 23 letters.
939	You can name a Homunculus only once. You have entered the name, ^0000ff%s^000000. Would you like to continue?
940	(Away)
941	[Automated Message]
942	Send an automated message while you are away.
943	Cancel automated away message.
944	Please enter Away Message.
945	/fsh
946	/spin
947	/sigh
948	/dum
949	/crwd
950	/desp
951	/dice
952	/pk: Shows top 10 Slayers in the server.
953	[POINT] You have been rewarded with %d Slayer rank points. Your point total is %d.
954	Evolution Available
955	You have decided to delete this Homunculus ^ff0000^ff0000. When deleted, the homunculus and its history will be deleted and they cannot be restored in the future. Would you like to continue?
956	Save Homunculus status as a file.
957	Do not save Homunculus status as a file.
958	Crusader
959	Monk
960	Sage
961	Rogue
962	Alchemist
963	Bard
964	Crusader
965	Monk
966	Sage
967	Rogue
968	Alchemist
969	Dancer
970	High Novice
971	High Swordman
972	High Mage
973	High Archer
974	High Acolyte
975	High Merchant
976	High Thief
977	High Novice
978	High Swordman
979	High Mage
980	High Archer
981	High Acolyte
982	High Merchant
983	High Thief
984	Lord Knight
985	High Priest
986	High Wizard
987	MasterSmith
988	Sniper
989	Assassin Cross
990	Lord Knight
991	High Priest
992	High Wizard
993	WhiteSmith
994	Sniper
995	Assassin Cross_W
996	Paladin
997	Champion
998	Scholar
999	Stalker
1000	Biochemist
1001	Minstrel
1002	Paladin
1003	Champion
1004	Professor
1005	Stalker
1006	Creator
1007	Gypsy
1008	You have not set a password yet. Would you like to create one now?
1009	You have incorrectly entered the password 3 times. Please try again later.
1010	Password creation has failed.
1011	Password must be 4~8 letters long.
1012	Password
1013	New Password
1014	Confirm Password
1015	Password has been changed.
1016	Password does not match.
1017	Enter Password
1018	Your Homunculus is starving. Please feed it, otherwise it will leave you.
1019	EXP
1020	[EVENT] You have won an event prize. Please claim your prize in game.
1021	Hate
1022	Hate with a Passion
1023	Homunculus has been customized.
1024	Homunculus has been activated with the basic AI.
1025	Mail List
1026	Write Mail
1027	Read Mail
1028	You cannot change a map's designation once it is designated. Are you sure that you want to designate this map?
1029	Item has been added in the Item Window.
1030	You have failed to add the item in the Item Window.
1031	You have successfully mailed a message.
1032	You have failed to mail a message. Recipient does not exist.
1033	[Solar, Lunar and Stellar Angel] Designated places and monsters have been reset.
1034	The minimum starting bid for auctions is 10,000,000 zeny.
1035	You have successfully started a new auction.
1036	The auction has been canceled.
1037	An auction with at least one bidder cannot be canceled.
1038	Mail has been successfully deleted.
1039	You have failed to delete the mail.
1040	You have equipped throwing daggers.
1041	%s has logged in.
1042	%s has logged out.
1043	/loginout: Shows guildsmen and friends online status. On Off
1044	Display online status of friends in Chat Window. [/li ON]
1045	Do not display online status of friends in Chat Window. [/li OFF]
1046	It is already running.
1047	Use of Macro program has been detected.
1048	Use of Speed hack has been detected.
1049	API Hooking has been detected.
1050	Message Hooking has been detected.
1051	Module has been modified or damaged or its version does not match.
1052	(Thailand) You have logged in game with PC cafe payment.
1053	Prev
1054	Next
1055	Auction
1056	Product List
1057	Register
1058	Sale Status
1059	Purchase Status
1060	Item
1061	Name
1062	Current Bid / Max Bid
1063	Seller
1064	Buyer
1065	End Time
1066	%m %d %H
1067	Time (Hr)
1068	Fee
1069	No items found in search.
1070	Your Sale List is empty.
1071	Your Purchase List is empty.
1072	Auction Information is incorrect or incomplete.
1073	You must drag and drop an item from your Inventory into the Register Window to begin a new auction.
1074	The auction has already been registered.
1075	Starting Bid
1076	Current Bid
1077	Buy Now Price
1078	Your Current Zeny
1079	Highest Bid
1080	Previous Bid
1081	Next Bid
1082	Press buy to confirm.
1083	Would you like to sell this item?
1084	Place Bid
1085	Buy Now
1086	End the Auction
1087	Place another Bid
1088	You have placed a bid.
1089	You have failed to place a bid.
1090	You do not have enough zeny.
1091	Armors
1092	Card
1093	Other
1094	Bid
1095	Search
1096	You have ended the auction.
1097	You cannot end the auction.
1098	Bid Number is incorrect.
1099	To
1100	Title
1101	You have received a message in the mail.
1102	Searching...
1103	You cannot register more than 5 items in an auction at a time.
1104	You cannot place more than 5 bids at a time.
1105	Please accept all items from your mail before deleting.
1106	Please enter a title.
1107	/shopping: Enables you to open a shop with a single left-click and close your shop with a single right-click. On Off
1108	You can now open a shop with a single left-click and close your shop with a single right-click. [sh ON].
1109	You can open a shop by double-clicking. [/sh OFF]
1110	Please enter zeny amount before sending mail.
1111	You do not have enough zeny to pay the Auction Fee.
1112	View Status
1113	Feed
1114	Stand By
1115	Super Novice (Male)
1116	Super Novice (Female)
1117	Taekwon Boy
1118	Taekwon Girl
1119	Taekwon Master (Male)
1120	Taekwon Master (Female)
1121	Soul Linker (Male)
1122	Soul Linker (Female)
1123	Please check the connection, more than 2 accounts are connected with Internet Cafe Time Plan.
1124	Your account is using monthly payment. (Remaining day: %d day)
1125	Your account is using time limited. (Remaining time: %d hour %d minute %d second)
1126	This item cannot be mailed.
1127	You cannot accept any more items. Please try again later.
1128	Male
1129	Female
1130	New User.
1131	E-mail address is required to delete a character.
1132	Please enter the correct information.
1133	Please use this key.
1134	Please enter the correct card password.
1135	PT Info
1136	PT_ID is %s
1137	NUM_ID is %s
1138	Please don't forget this information.
1139	1001
1140	1002
1141	1003
1142	1004
1143	1006
1144	1007
1145	1008
1146	1009
1147	1012
1148	1013
1149	1014
1150	1015
1151	1019
1152	Navigation
1153	1021
1154	1023
1155	1024
1156	1025
1157	1027
1158	1028
1159	10
1160	20
1161	40
1162	50
1163	60
1164	70
1165	80
1166	90
1167	100
1168	110
1169	Do you want to receive 30 points?
1170	30 points (5 hours) have been added.
1171	You cannot register Unidentified Items in auctions.
1172	You cannot register this Consumable Item in an auction.
1173	Please close the Cart Window to open the Mail Window.
1174	Please close the Mail Window to open the Cart Window.
1175	Bullets have been equipped.
1176	The mail has been returned to sender.
1177	The mail no longer exists.
1178	More than 30 players sharing the same IP have logged into the game for an hour. Please check this matter.
1179	More than 10 connections sharing the same IP have logged into the game for an hour. Please check this matter.
1180	Please restart the game.
1181	Mercenary: Archer
1182	Mercenary: Swordman
1183	Mercenary: Spearman
1184	Expiration
1185	Loyalty
1186	Summons
1187	Kill
1188	You can feel hatred from your pet for neglecting to feed it.
1189	[POINT] You earned %d Taming Mission Ranking Points, giving you a total of %d points.
1190	[Taming Mission] Target Monster: %s
1191	/hunting: You can check the your hunting list.
1192	[Angel's Question] Please tell me, how many %s skills do you have?
1193	[Angel's Question] Please tell me, how much zeny you'll have if you divide it by 100,000?
1194	[Angel's Question] Please tell me, what is today's date?
1195	[Angel's Question] Please tell me, how many %s do you have?
1196	[Angel's Question] If A is 1, B is 2, and so on, and if Z is 26, what number do you get if you add the letters in SiYeon's name?
1197	[Angel's Question] If A is 1, B is 2, and so on, and if Z is 26, what number do you get if you add the letters in Munak's name?
1198	[Angel's Question] If A is 1, B is 2, and so on, and if Z is 26, what number do you get if you add the letters in Bongun's name?
1199	[Angel's Question] If A is 1, B is 2, and so on, and if Z is 26, what number do you get if you add the letters in the word, Ragnarok?
1200	[Angel's Question] If A is 1, B is 2, and so on, and if Z is 26, what number do you get if you add the letters in the word, online?
1201	[Angel's Question] If A is 1, B is 2, and so on, and if Z is 26, what number do you get if you add the letters in the word, death?
1202	[Angel's Question] If A is 1, B is 2, and so on, and if Z is 26, what number do you get if you add the letters in the word, knight?
1203	[Angel's Question] If A is 1, B is 2, and so on, and if Z is 26, what number do you get if you add the letters in the word, gravity?
1204	[Angel's Question] If A is 1, B is 2, and so on, and if Z is 26, what number do you get if you add the letters in the word, dark?
1205	[Angel's Question] If A is 1, B is 2, and so on, and if Z is 26, what number do you get if you add the letters in the word, collecter?
1206	[Angel's Answer] Thank you for letting me know~
1207	[Angel's Answer] I'm very pleased with your answer. You are a splendid adventurer.
1208	[Angel's Answer] You've disappointed me...
1209	[Point] You earned %d Ranking Points, giving you a total of %d Ranking Points.
1210	[%s]'s Points: %d Points
1211	Unselected Characters will be deleted. Continue?
1212	You cannot select more than 8.
1213	Do you want to change your name to '%s'?
1214	Character Name has been changed successfully.
1215	You have failed to change this character's name.
1216	You can purchase only one kind of item at a time.
1217	No characters were selected. You must select at least one character.
1218	This character's name has already been changed. You cannot change a character's name more than once.
1219	User Information is not correct.
1220	Another user is using this character name, so please select another one.
1221	The party member was not summoned because you are not the party leader.
1222	There is no party member to summon in the current map.
1223	You cannot find any trace of a Boss Monster in this area.
1224	Boss Monster, '%s' will appear in %02d hour(s) and %02d minute(s).
1225	The location of Boss Monster, '%s', will be displayed on your Mini-Map.
1226	Do you want to open '%s'? Once opened, the contents cannot be moved to other locations aside from the Kafra Storage. The item effect isn't doubled, even if the same items are used more than once.
1227	The Purchase has failed because the NPC does not exist.
1228	The Purchase has failed because the Kafra Shop System is not working correctly.
1229	You cannot purchase items while you are in a trade.
1230	The Purchase has failed because the Item Information was incorrect.
1231	STR has increased.
1232	STR has returned to normal.
1233	AGI has increased.
1234	AGI has returned to normal.
1235	VIT has increased.
1236	VIT has returned to normal.
1237	INT has increased.
1238	INT has returned to normal.
1239	DEX has increased.
1240	DEX has returned to normal.
1241	LUK has increased.
1242	LUK has returned to normal.
1243	Flee Rate (Flee) has increased.
1244	Flee Rate has returned to normal.
1245	Accuracy Rate (Hit) has increased.
1246	Accuracy Rate has returned to normal.
1247	Critical Attack (Critical) has increased.
1248	Critical Attack has returned to normal.
1249	You will receive 1.5 times more EXP from hunting monsters for the next 30 minutes.
1250	This character will not receive any EXP penalty if killed within the next 30 minutes.
1251	Regular item drops from monsters will be doubled for the next 30 minutes.
1252	Boss Monster Map Information for the next 10 minutes.
1253	Do you really want to purchase this item? %d points will be deducted from your total Kafra Credit Points.
1254	You do not have enough Kafra Credit Points.
1255	^ff0000Expiration Date: %s^000000
1256	The '%s' item will disappear in %d minutes.
1257	'%s' item will be deleted from the Inventory in 1 minute.
1258	'%s' item has been deleted from the Inventory.
1259	Input Number
1260	%m/%d %H:%M
1261	Boss Monster '%s' will appear within 1 minute.
1262	Mercenary Soldier Skill List
1263	Do you agree to cast the magic spell that consumes 1 Black Gemstone and 1,000,000 Zeny?
1264	[Point] You have gained %d Collector Rank Points; you now have a total of %d Collector Rank Points.
1265	[Collector Rank] Target Item: %s
1266	The mercenary contract has expired.
1267	The mercenary has died.
1268	You have released the mercenary.
1269	The mercenary has run away.
1270	The '%s' item will disappear in %d seconds.
1271	IP Bonus: EXP/JEXP %d%%, Death Penalty %d%%, Item Drop %d%%
1272	Symbols in Character Names are forbidden.
1273	Mercenary will follow custom AI.
1274	Mercenary will follow basic AI.
1275	%s's
1276	%s has acquired %s.
1277	Public Chat Display
1278	Whisper Display
1279	Party Chat Display
1280	Guild Chat Display
1281	Item Get/Drop Message Display
1282	Equipment On/Off Message Display
1283	Abnormal Status Message Display
1284	Party Member's Obtained Item Message Display
1285	Party Member's Abnormal Status Message Display
1286	Skill Failure Message Display
1287	Party Configuration Message Display
1288	Damaged Equipment Message Display
1289	Battle Message Window Display
1290	[%s]'s Han Coin: %d Han Coin
1291	Public Log
1292	Battle Log
1293	Mobile Authentication
1294	Read
1295	Auto Read
1296	Bookmark
1297	Previous
1298	Next
1299	Close
1300	%s's Equipment has been damaged.
1301	%s's %s was damaged.
1302	Weapon
1303	Armor
1304	Insufficient Skill Level for joining a Party
1305	[%s]'s Free Cash: %d Cash
1306	Use Free Cash:
1307	Cash
1308	http://payment.ro.hangame.com/index.asp
1309	You need to accept the Privacy Policy from Gravity in order to use the service.
1310	You need to accept the User Agreement in order to use the service.
1311	Incorrect or nonexistent ID.
1312	Do you really want to purchase these items? You will spend %d Regular Cash Points and %d Free Cash Points.
1313	%d hour(s) has passed.
1314	%d hour(s) %d minute(s) has passed.
1315	Please stop playing the game, and take a break. Exp and other features will be reduced to 50%.
1316	Please stop playing the game since you'll need to rest. Exp and other features will be fixed to 0%.
1317	Quest List
1318	RO SHOP
1319	Memorial Dungeon, '%s' is booked.
1320	Failed to book Memorial Dungeon, '%s'.
1321	Memorial Dungeon, '%s' is already booked.
1322	Memorial Dungeon, '%s' is created. Please enter in 5 minutes.
1323	Failed to create Memorial Dungeon, '%s'. Please try again.
1324	The character blocked the party invitation.
1325	Block all party invitations.
1326	Allow all party invitations.
1327	This item will be permanently bound to this character once it is equipped. Do you really want to equip this item?
1328	%s is now permanently bound to this character.
1329	You do not have enough Kafra Credit Points. Please enter whether you have free credit points.
1330	Request to Join Party
1331	Display WOE Info
1332	Memorial Dungeon %s's reservation has been canceled.
1333	Failed to create Memorial Dungeon %s. Please try again.
1334	This skill cannot be used within this area.
1335	This item cannot be used within this area.
1336	Memorial Dungeon
1337	%s in Standby
1338	%s Available
1339	%s in Progress
1340	No one entered the Memorial Dungeon within its duration; the dungeon has disappeared.
1341	Please apply for dungeon entry again to play in this dungeon.
1342	Your Standby Priority: ^ff0000%d^000000
1343	The requested dungeon will be removed if you do not enter within ^ff0000%s^000000.
1344	Dungeon Mission Time Limit:
1345	The Memorial Dungeon reservation has been canceled.
1346	The Memorial Dungeon duration expired; it has been destroyed.
1347	The Memorial Dungeon's entry time limit expired; it has been destroyed.
1348	The Memorial Dungeon has been removed.
1350	This slot is not usable.
1351	Your Base Level is over 15.
1352	Your Job Level is over 15.
1353	You cannot play the Merchant class character in this slot.
1354	Not Yet Implemented
1355	You are not eligible to open the Character Slot.
1356	This character cannot be deleted.
1357	This character's equipment information is not open to the public.
1358	Equipment information not open to the public.
1359	Equipment information open to the public.
1360	Check %s's Equipment Info
1361	'%s's Equipment
1362	Show Equip
1363	This service is only available for premium users.
1364	Free Trial users can only hold up to 50,000 zeny.
1365	Battlefield Chat has been activated.
1366	Battlefield Chat has been deactivated.
1367	Mercenary Info - Monster Type
1368	World Map
1369	The Memorial Dungeon is now closed.
1370	^ff0000Deleting a Mercenary Soldier^000000 will also delete his growth history. Do you really want to proceed with the deletion?
1371	The Memorial Dungeon is now open.
1372	This account has not been confirmed by connecting to the safe communication key. Please connect to the key first, and then log into the game.
1373	The number of accounts connected to this IP has exceeded the limit.
1374	You have received a new quest.
1375	^CC3399Requirement:
1376	View Skill Info
1377	Once used, skill points cannot be re-allocated. Would you like to use the skill points?
1378	1st
1379	2nd
1380	This account has been used for illegal program or hacking program. Block Time: %s
1381	The possibility of exposure to illegal program, PC virus infection or Hacking Tool has been detected. Please execute licensed client. Our team is trying to make a best environment for Ro players.
1382	You are currently playing in the best game environment. Please enjoy the Ragnarok.
1383	Job Exp points from hunting monsters are increased by 50% for 30 minutes.
1384	Exp points from hunting monsters are increased by 25% for 30 minutes.
1385	EXP points from hunting monsters are increased by 100%% for 30 minutes.
1386	EXP points from hunting monsters are increased by 50% for 60 minutes.
1387	Unable to organize a party in this map.
1388	(%s) are currently in restricted map to join a party.
1389	Simple Item Shop
1390	Han Coin: %d Han Coin
1391	RoK Point: %d RoK Point
1392	Free Cash: %d Cash
1393	An user of this server cannot connect to free server
1394	Your password has expired. Please log in again
1395	3rd
1396	This skill can't be used on that target.
1397	You can't use skill because you have exceeded the number Ancilla possession limit
1398	Holy water is required.
1399	Ancilla is required.
1400	Cannot be duplicated within a certain distance.
1401	This skill requires other skills to be used.
1402	Chat is not allowed in this map
1403	3 hours have passed.
1404	5 hours have passed.
1405	Game guard initialization error or previous version game guard file is installed. Please re-install the setup file and try again
1406	Either ini file is missing or altered. Install game guard setup file to fix the problem
1407	There is a program found that conflicts with game guard
1408	Incorrect client. Please run a normal client
1409	Thank you to accept mobile authentication.
1410	Mobile authentication has failed.
1411	This skill can't be used alone
1412	This skill can be used to certain direction only
1413	Cannot summon spheres anymore.
1414	There is no summoned sphere or you do not have enough sphere.
1415	There is no imitation skills available.
1416	You can't reuse this skill
1417	Skill can't be used in this state
1418	You have exceeded the maximum amount of possession of another item.
1419	No administrative privileges. Must first run the program with administrator privileges.
1420	nProtect KeyCrypt not the same. Please restart the program and the computer first.
1421	Currently wearing WindowXP Compatibility Mode. The program now removes Compatibility Mode. Please restart the program.
1422	PS/2 keyloggers exist.
1423	USB Keylogging attempt was detected.
1424	HHD monitoring tool has been detected.
1425	Paintbrush is required.
1426	Paint is required.
1427	Use the skills that are not at the specified location.
1428	Not enough SP.
1429	Character %d is character selection window cannot connect to the game that exceeds the total. Please remove unwanted characters.
1430	Throat Lozenge is required.
1431	Painful Tears is required.
1432	Throat Lozenge is required.
1433	Cooperation is only available with Weapon Blocking.
1434	Poisoned weapons is required.
1435	Item can only be used when Mado Gear is mounted.
1436	Vulcan Bullet is required.
1437	Mado Gear Fuel is required.
1438	Liquid Cold Bullet is required.
1439	Please load a Cannon Ball.
1440	Please equipped with a Mado Gear Accelerator.
1441	Please equipped with a Hovering Booster.
1442	[Toxin] Poison effect was applied to the weapon.
1443	[Paralysis] Poison effect was applied to the weapon.
1444	[Fatigue] Poison effect was applied to the weapon.
1445	[Laughing] Poison effect was applied to the weapon.
1446	[Disheart] Poison effect was applied to the weapon.
1447	[Pyrexia] Poison effect was applied to the weapon.
1448	[Oblivion] Poison effect was applied to the weapon.
1449	[Leech] Poison effect was applied to the weapon.
1450	Can only be used in Hovering state.
1451	Please equip a Self-Destruct Mechanism.
1452	Please equip a Shape Shift.
1453	Guillotine Cross Poison is required.
1454	Please equipped with a Cooling System.
1455	Please equipped with a Magnetic Field Generator.
1456	Please equipped with a Barrier Generator.
1457	Please equipped with a Optical Camouflage Generator.
1458	Please equipped with a Repair Kit.
1459	Monkey Wrench is required.
1460	[%s] Cannot use the skills due to cooldown delay.
1461	Deletion is impossible for over level %d
1462	Can't be used while on Magic Gear.
1463	Dismount Dragon
1464	Dismount Magic Gear
1465	I
1466	Cash
1467	Armors
1468	Weapons
1469	Ammo
1470	Card
1471	Other
1472	Client response time has passed so connection is terminated
1473	Incorrect version of hack shield file. Please reinstall the client
1474	[Magic Book] is required.
1475	Feel sleepy since Magic Book is too difficult to understand.
1476	Not enough saved point.
1477	Can't read a Magic Book anymore.
1478	Face Paint is required.
1479	Brush is required.
1480	Waiting time has passed. Please log in again
1481	Watch out! Same account is already logged in. Stop mobile verification and log in again after changing your password
1482	Watch out! Same account is waiting for mobile verification. Stop mobile verification and log in again after changing your password
1483	Game setting window
1484	Graphics Settings
1485	Sound Settings
1486	Press a key to assign. Pressing 'ESC' will remove the assigned key.
1487	Unable to specify a single key.
1488	Unable to specify the key assigned.
1489	Duplicated with ['%s']. Do you still want to change?
1490	Initialization is stored in the shortcut key settings. Do you want to initialized?
1491	Skill Bar
1492	Interface
1493	Macros
1494	Shortcut Settings
1495	BGM
1496	Effect
1497	Skin
1498	Chat room entrance sound on
1499	Chat room entrance sound off
1500	/tingonly: you can hear only sound like a chat room entry.
1501	/rock
1502	/scissors
1503	/paper
1504	/love
1505	/mobile
1506	/mail
1507	/antenna0
1508	/antenna1
1509	/antenna2
1510	/antenna3
1511	/hum
1512	/abs
1513	/oops
1514	/spit
1515	/ene
1516	/panic
1517	/whisp
1518	Not Assigned
1519	Only available when cart is mounted.
1520	[Thorny Seed] is required.
1521	[Bloodsucker Seed] is required.
1522	Cannot be used anymore.
1523	[Bomb Mushroom Spore] is required.
1524	[Fire Bottle] is required.
1525	[Oil Bottle] is required.
1526	[Explosive Powder] is required.
1527	[Smokescreen Powder] is required.
1528	[Tear Gas] is required.
1529	[Acid Bottle] is required.
1530	[Bottom Man-Eating Plant] is required.
1531	[Pot of Mandragora] is required.
1532	Party delegation
1533	Do you want to delegate the real party?
1534	Party cannot be delegated.
1535	Immutable
1537	Is now refining the value lowered.
1538	Need to put on [%s] in order to use.
1539	Battle field entrance setting
1540	Battlefield - [%s] you sign up?
1541	Current admission application state.
1542	It was unregistered and not be able to enter the state.
1543	Current admission application state.
1544	Do you want to cancel the admission application?
1545	Admission request has been cancelled.
1546	Go to the battlefield quickly.
1547	Battlefield - [%s]
1548	Do you really want to go back to your savepoint?
1549	Search Message for Party Members
1550	Message option is off the search party members.
1551	10 seconds delay of party support is in effect
1552	Party leader is '%s'.
1553	Unable to enter due to system error.
1554	Cannot wait to enter the number of excess.
1555	Has already been applied.
1556	Registration has been cancelled because of the excessive waiting time.
1557	Unregistered because admission requirements are not matching.
1558	Was unregistered and error.
1559	The skill need [%s].
1560	The skill need a particular skill.
1561	Requires %d mind bullets
1562	Mind Bullet is required.
1563	Cannot create rune stone more than the maximum amount.
1564	Not able to receive battle field list. Please check and try again
1565	Level is not high enough to enter
1566	You must consume all '%d' points in your 1st Tab.
1567	You must consume all '%d' remaining points in your 2nd Tab. 1st Tab is already done.
1568	Items available for conversion
1569	Insert items to convert
1570	Inconvertible combination
1571	Inventory weight is too much
1572	Please secure some room in the inventory
1573	Material doesn't exist
1574	Successful.
1575	Failed.
1576	all materials are gone due to failure
1577	unable to change the name of the specified tab, because it's too long.
1578	Cannot add more.
1579	Authentication failed.
1580	Bot checks
1581	Items cannot be used in materials cannot be emotional.
1582	It is impossible to connect using this IP in Ragnarok Online. Please contact the customer support center or home.
1583	You have entered a wrong password for more than six times, please check your personal information again.
1584	Consumption items are used in the synthesis. Are you sure?
1585	Please input the captcha code found at your left side.
1586	Describes the battlefield --
1587	Waiting for admission --
1588	Request help battle position
1589	Sorry the character you are trying to use is banned for testing connection.
1590	Remove all equipment
1591	Mini Icon
1592	Camp A: Camp B
1593	Wait
1594	cancellation notice of Battlefield registration.
1595	Required field for staff
1596	Battlefield staff A is waiting.
1597	Battlefield staff B is waiting.
1598	Waiting for my situation: %d (Camp A)
1599	Waiting for my situation: %d (Camp B)
1600	Battlefield display icon.
1601	Does not display the icon field.
1602	Field notification was moved.
1603	Admission pending notification of the battlefield
1604	Anyone
1605	[%s] deal '%d' damage on you.
1606	[%s] received damage from [%s] with '%d' damage.
1607	[%s] received '%d' damage.
1608	[%s] deal damage to [%s] with '%d' damage.
1609	You dropped '%s' (%d).
1610	[%s] Quest - defeated [%s] progress (%d/%d)
1611	The Quest '%s' has been removed.
1612	[%s] has
1613	You acquired '%d' Experience Points
1614	You acquired '%d' Job Experience Points
1615	gained.
1616	has lost.
1617	From [%s], '%d' coins were stolen.
1618	Battle Message
1619	Display Party Battle Message
1620	Display Experience Message
1621	Display Party Experience Message
1622	Display Quest Info Message
1623	Display Battlefield Message
1624	[%s]
1625	Casts [%s] skill.
1626	Activate lock function
1627	Deactivate lock function
1628	Citizens of Midgard, Lady Luck shines upon [%s] !! [%s] has awarded the player with '%s' !!
1629	Swordman
1630	Magician
1631	Archer
1632	Acolyte
1633	Merchant
1634	Thief
1635	Knight
1636	Priest
1637	Wizard
1638	Black Smith
1639	Hunter
1640	Assasin
1641	Crusader
1642	Monk
1643	Sage
1644	Rogue
1645	Alchemist
1646	Bard
1647	Dancer
1648	Rune Knight
1649	Warlock
1650	Ranger
1651	Arc Bishop
1652	Mechanic
1653	Guillotine Cross
1654	Royal Guard
1655	Sorcerer
1656	Minstrel
1657	Wanderer
1658	Sura
1659	Genetic
1660	Shadow Chaser
1661	High Swordman
1662	High Magician
1663	High Archer
1664	High Acolyte
1665	High Merchant
1666	High Thief
1667	Lord Knight
1668	High Priest
1669	High Wizard
1670	White Smith
1671	Sniper
1672	Assasin Cross
1673	Paladin
1674	Champion
1675	Professor
1676	Stalker
1677	Creator
1678	Clown
1679	Gypsy
1680	Wedding
1681	High Novice
1682	Super Novice
1683	Gunslinger
1684	Ninja
1685	Taekwon F/M
1686	Star Gladiator
1687	Soul Linker
1688	Party Recruitment
1689	Party Booking List
1690	Recruiting Party
1691	[Bow] must be equipped.
1692	[Musical Instrument/Whip] must be equipped.
1693	Only alphanumeric characters are allowed.
1694	Notice
1695	Item purchase failed due to incorrect shop information.
1696	Item cannot be discarded from the window.
1697	Time
1698	Map
1699	You can't use, equip or disarm items when you're trading.
1700	Unspecified value
1701	/stateinfo: Shows the description of status icons. On Off
1702	Status Information On: Status icon description is enabled.
1703	Status Information Off: Status icon description is disabled.
1704	It is not possible to purchase the same item more than %d pieces at a time
1705	It is not possible to purchase the same item more than %d pieces at a time
1706	Can purchase upto %d pieces of the same item at a time.
1707	User customized key is saved to [%s\%s]
1708	[%s] is currently on trade and cannot accept the request.
1709	RO_HELP.
1710	Anvil does not exist.
1711	Novice below level 10 is not allowed to whisper.
1712	Attack
1713	Defense
1714	Consumables
1715	Support
1716	Party recruitment related command
1717	Guild alliance application is not possible.
1718	Guild hostility application is not possible.
1719	Adding friends is not possible in this map.
1720	Buying Store Window
1721	Price:
1722	Money:
1723	Purchase Zeny Limit
1724	Please register the item first that has to be purchased.
1725	Enter the price for item %s.
1726	Enter the price for item %s. It has to be below 99990000 Zeny.
1727	Enter the item number for %s.
1728	The sum of purchasing and belonging items is over 9999. The sum has to be bellow 9999.
1729	You have duplicate items in your purchase list.
1730	Enter the limited price.
1731	You have entered a greater amount of zeny than you have. Please check your zeny.
1732	%s: %s  Zeny => %s ea.
1733	Available items:
1734	Purchase list:
1735	Price limit: %s Zeny
1736	Buying %s for %s Zeny. Amount: %d.
1737	Wanted items
1738	Available items:
1739	The max. number of items you can sell is %d.
1740	Buyer has insufficient money, lower the amount of items you're selling.
1741	Failed to open purchase shop.
1742	You exceed the total amount of items.
1743	You have purchased all items within the limited price.
1744	You purchased all items.
1745	Failed to deal because you have not enough Zeny.
1746	You have sold %s. Amount: %d. Total Zeny: %dz
1747	%s item could not be sold because you do not have the wanted amount of items.
1749	This is a restricted server.
1750	OTP password is 6 digits long.
1751	OTP information is unavailable. Please contact your administrator.
1752	OTP authentication failed.
1753	Party ad has been added.
1754	Recruit party members
1755	Roles
1756	1st Jobs
1757	2nd Jobs
1758	3-1 Classes
1759	3-2 Classes
1760	1st Job High
1761	2nd Jobs High
1762	Other Jobs
1763	Recruit
1764	Open party recruitment window.
1765	Searching -
1766	Select All
1767	Recruitment of at least one job must be running.
1768	You have to select atleast 1 or more jobs.
1769	You have selected %d Jobs. You can only select up to 6 different jobs.
1770	Only numeric characters are allowed.
1771	Please enter levels between 1~150.
1772	Nothing found in the selected map.
1773	You cannot equip this item with your current level.
1774	You cannot use this item with your current level.
1775	Enable Battlemode
1776	Failed to add because you have reached the limit.
1777	Window Sign Information
1778	Sell
1779	Purchase
1780	Search for Vends
1781	Shop Name
1782	Quantity
1783	Cost
1784	Too much results have been found. Please do a more precisely search.
1785	Do you want to open a street stall?
1786	Failed to recognize SSO.
1787	Cannot move to the applied area.
1788	searching  item including the word
1789	User has been expelled.
1790	You have not accepted the user agreements yet.
1791	You will not be disconnect from the game.
1792	It is available only for 12 hours.
1793	Your account is blocked due to illegal use of the game account.
1794	Your account is blocked because there may exist a bug with your account.
1795	Increases base exp and job exp gained by killing monsters up to 75% for 30 minutes.
1796	Increases base exp and job exp gained by killing monsters up to 50% for 30 minutes.
1797	No sales information.
1798	Failed to search any further.
1799	The item you have entered does not exist.
1800	Cannot search yet.
1801	Enter the card name or prefix/suffix.
1802	Searches left: %d
1803	No result has been found.
1804	The item price is too high.
1805	Normal Gear
1806	Costume
1807	minute
1808	second
1809	Please enter the name of the item.
1810	The item you have entered does not exist.
1811	The map is not available.
1812	The selected name or prefix/suffix does not exist.
1813	You can purchase up to 10 items.
1814	Some items could not be purchased.
1815	Enter your 6-digit DOB(YYMMDD) (e.g: 801122)
1816	Now Logging Out.
1817	A database error has occurred.
1818	Please leave your guild first in order to remove your character.
1819	Please leave your party first in order to remove your character.
1820	You cannot delete this character because the delete time has not expired yet.
1821	You cannot delete this character at the moment.
1822	Your entered birthday does not match.
1823	You lack of familiarity.
1824	This is only available on style change for fighting classes.
1825	This is only available on style change for novice.
1826	Party Registration failed.
1827	results have been found.
1828	Failed to remove result.
1829	No results have been found.
1830	No payment information has been found.
1831	Screenshot Trade
1832	[Trade_%s]
1833	Death due to the auto insurance young people are spending.
1834	Chat Dialog
1835	Redundant is not available.
1836	Use the limit that has been set.
1837	No user restrictions are set.
1838	Connection has failed. Please contact your administrator.
1839	Failed to authenticate.
1840	User is offline.
1841	The age limit from commandment tables cannot connect to this server.
1842	Buy
1843	Cancel.
1844	First page
1845	Last page
1846	New
1847	Headgears
1848	Limited
1849	Rental Items
1850	Equipments
1851	Scrolls
1852	Consumables
1853	Other
1854	Cost
1855	Quantity
1856	Total
1857	Free Cash: %s C
1858	CashPoints: %s C
1859	You cannot summon a monster in this area.
1860	Exceeded total free cash
1861	Content has been saved in [SaveData_ExMacro%d]
1862	%d seconds left until you can use
1863	~ [Windows] must be equipped with.
1864	Available only on the dragon.
1865	Unable to proceed due to exceeding capacity.
1866	Real name has not been verified. Go to name verification site.
1867	Please select slot you are going to save.
1868	Congratulation %s,  Acquired '%s' !
1869	Unable to use in gloomy state
1870	Purchased products has exceeded the total price.
1871	Cannot join a party in this map.
1872	Cannot leave a party in this map.
1873	Cannot withdraw/break the party in this map.
1874	Real Name
1875	ID Number
1876	E-mail
1877	Invalid input
1878	Failed to send the zeny
1879	This is not a relevant job
1880	This is not a relevant gender
1881	User information identification was successful.
1882	Name does not match. Please retry.
1883	ID number does not match. Please retry.
1884	Service is currently unavailable. Please try again later.
1885	Unable to attack while riding.
1886	Unable to cast the skill while riding.
1887	Pin number should be 4~6 characters.
1888	Secured authentication is successful.
1889	Succeeded in creating 2nd password.
1890	2nd password has been deleted.
1891	2nd password has been corrected.
1892	Password is incorrect.
1893	Failed to create 2nd password.
1894	Failed to delete 2nd password.
1895	Failed to correct 2nd password.
1896	Unable to use restricted number in 2nd password.
1897	Unable to use your KSSN number.
1898	~There is already a password.
1899	Security Code
1900	Account for the additional password security settings are recommended.
1901	Do not use secure password.
1902	Use the set security password failed.
1903	Use secure passwords. Will be applied to your next login.
1904	Use the set security password failed.
1905	Added to the security of your account password is set.
1906	Use the mouse to enter the 4-digit password below.
1907	Typing an incorrect password 3 times will shut down the client.
1908	ITEM
1909	SKILL
1910	TACTIC
1911	ETC
1912	COMBAT
1913	NON-COMBAT
1914	BUFF
1915	AUTO EQUIPED
1916	1st. ATTACK
1917	ATTACK
1918	Next attack time :
1919	When died
1920	When invited to the party
1921	Pickup Item
1922	Over 85% Weight
1923	Any work in progress (NPC dialog, manufacturing ...) quit and try again.
1924	Monster Job hunting experience that you can get through the doubling of %d is %.2f minutes.
1925	SaveData_ExMacro%d
1926	Settings for [%s] are stored in.
1927	Security level
1928	The current character is a party or join the guild can not be deleted.
1929	Objects can be used only near the wall.
1930	%s: Level %d %s party to obtain level.
1931	While boarding reins is not available for items.
1932	This skill requires 1% experience.
1933	Experience value:
1934	Drop rate:
1935	Death Penalty:
1936	%d%% (PCroom %d%% + TPLUS %d%% + Premium %d%% + %s Server %d%%)
1937	Amount of party members to cast the skill Chorus SP is low.
1938	Relative character that has possession of the items can not trade because amount is exceeded.
1939	Relative character that has possession of the item amount which exceeds makes it impossible to trade.
1940	Amounts are exceeded the possession of the item is not available for purchase.
1941	Advertising is pending registration.
1942	With the following files and text content Ragnarok Official Website -> Support -> Contact Us to submit your comments by:
1943	Has caused an error in billing system(%d)
1944	Failed purchase of runes, items exceed the maximum number that can be held.
1945	Exceeded the number of individual items, purchase failed.
1946	Purchase failed due to an unknown error.
1947	Please try again later.
1948	Kunai must be equipped to use this skill.
1949	Please enter the value of the minimum level to be recruited.
1950	Jonda agency receipt of the item to the NPC is not possible. Gaining possession of the free space of the window.
1951	This skill is only available in the siege.
1952	This skill is available only to the player.
1953	Forbidden to wear the state can not be worn.
1954	Current location of the shop and chat room creation is disabled.
1955	Elapsed time: %d:%d:%d / %d:%d:%d
1956	Speed : X 1/4
1957	Speed : X 1/2
1958	Speed : X 1
1959	Speed : X 2
1960	Speed : X 4
1961	Speed : X 8
1962	Speed : X 16
1963	Speed: Unknown
1964	Service Info : %s
1965	Character Name : %s
1966	Map Name : %s
1967	Record Time: %d-%01d-%01d %d: %02d: %02d
1968	Play Time: %02d: %02d: %02d
1969	No Replay File.
1970	Server No Matching
1971	Replay Option Setting
1972	Enter File Name
1973	Set Replay Save Data
1974	Set Rec Option
1975	%.1f % Pos->:%d:%d:%d
1976	%.1f % Pos->:cannot move
1977	Start
1978	Stop
1979	Input FileName -> Start
1980	Open Options
1981	Close Options
1982	End
1983	Time
1984	Party & Friends
1985	Chat
1986	Shortcuts
1987	Automatic filename generation
1988	Checking for duplicate files
1989	The same file exists already.
1990	Record Start
1991	Recording saved
1992	Weight : %3d / %3d
1993	Total: %s EUR
1994	[Shuriken] must be equipped.
1995	Base Lv. %d
1996	Job Lv. %d
1997	Zeny : %s
1998	Trilinear
1999	attack
2000	skill
2001	item
2002	Ctrl
2003	More
2004	(Characters/Total slots)
2005	VIP Service
2006	VIP
2007	Service
2008	VIP
2009	VIP
2010	Command List
2011	LEVEL
2012	MAP
2013	JOB
2014	Not Available
2015	[Protection of Guardian Angel] You can't use it when you reach the highest level.
2016	Do you really want to move?
2017	Failed to move Char slot.
2018	Character name is invalid.
2019	Show Quest
2020	Depending on the protection of youth, and 0:00 to 6:00 while under the age of 16 of your game use is limited.
2021	Depending on the protection of youth, 0:00 to 6:00 ^ff0000 under the age of 16 ^000000 limit your use of the game and the game ends.
2022	In order to change the character name, you must leave the guild.
2023	In order to change the character name, you must leave the party.
2024	Character name change failed, due an unknown error.
2025	Ready to change character slot in.(%d)
2026	Ready to change character name in.(%d)
2027	Length exceeds the maximum size of the character name you want to change.
2028	Name contains invalid characters. Character name change failed.
2029	The name change is prohibited. Character name change failed.
2030	Complete
2031	During %d minutes your Exp will increase by %d%%.
2032	%02d seconds left until summon.
2033	Your party leader summons you to %s (%s). Warp costs %d Zeny.
2034	Summon target
2035	Block List
2036	%d Zeny will be spent for making party ad.
2037	Insufficient Zeny for making party ad.
2038	) party: accept invitation
2039	) party: decline invitation
2040	) party: show equipment window
2041	Up to 36 english letters can be entered
2042	Enter
2043	1:1 Chat
2044	Block
2045	Insufficient Zeny for recall.
2046	Input your party ad.
2047	Only party leader can register party ad.
2048	You have already accepted this ad.
2049	For
2050	E
2051	F
2052	Drop Lock: On/Off
2053	Party Alarm
2054	Create Party
2055	Leave Party
2056	Party Invitation
2057	Party Name:
2058	Player Name:
2059	has recieved an invitation to join your party.
2060	rejected your party invitation.
2061	accepted your party invitation.
2062	Recruitment is already a party.
2063	Same conditions such as the previous search.
2064	Guild after withdrwal.
2065	Party after secession.
2066	The player can not be summoned to this map.
2067	Party Leader is on a map that is restricted to summon players.
2068	Summon has been denied.
2069	Can not be summoned.
2070	Only the leader can invite.
2071	Search item:
2072	You must enter a character name.
2073	You must enter the name of the party.
2074	Guild Creation Window
2075	Join a guild or start your own!
2076	Create Guild
2077	Guild Name
2078	Guild System
2079	What is the guild system
2080	You must enter the name of your guild.
2081	Supported at the party was rejected.
2082	Select Service:
2083	Possible escape area.
2084	Replay File List
2085	File info
2086	File List
2087	%s Item deal not possible.
2088	Disband the Guild
2089	Enter Guild Name
2090	The character is not online or does not exist.
2091	Failed to call Falcon.
2092	%d%%(default 100%%+ Premium%d%%+%s Server%d%%)
2093	This user is currently participating in the siege.
2094	It is only possible to change the party leader while on the same map.
2095	In the current region it is not possible to change the party.
2096	Gryphon making
2097	Delete: %d/%d - %d:%d:%d
2098	You can't invite characters in WoE maps.
2099	You are now in the battlefield queue.
2100	Queuing has finished.
2101	Invalid name of the battlefield.
2102	Invalid type of application.
2103	People count exceeded.
2104	Your level doesn't fit this battlefield rules.
2105	Duplicate application.
2106	After reconnecting, please re-apply.
2107	Your class can't participate in this battlefield.
2108	Only party leader / guild master can apply.
2109	You can't apply while your team member is already on a battlefield.
2110	You have left the battlefield queue.
2111	Wrong battlefield name.
2112	You are not in the battlefield queue list
2113	The selected arena is unavailable; your application has been cancelled
2114	You have left the queue
2115	Are you sure you want to join a battleground?
2116	[Battlefield application rules]
2117	Application and position into the battlefield cannot be applied under this circumtances
2118	1. Different types of battle can not be applied simultaneously.
2119	2. Personal / party / guild battle can not be applied simultaneously.
2120	3. Parties can only be applied by their party leaders.
2121	Offline party members won't proceed to the queue.
2122	4. You can add request to enter the arena from any map except for those who don't allow teleport/warp.
2123	When the battle is finished your character will be returned to the current spot or (if it's not possible) to the save point.
2124	5. You can view and choose rewards in the arena waiting room.
2125	Request help battle position
2126	%s battle begins.
2127	Do you want to enter the arena?
2128	[Note]
2129	When the battle is finished your character will
2130	be returned to the current spot or (if it's not
2131	possible) to the save point.
2132	Waiting for the opponents.
2133	Battlefield position request
2134	Accept standby time:%d seconds
2135	Standby position
2136	Battlefield name:%s
2137	Persons required:%d
2138	Your position:%d
2139	Name:
2140	Goal:
2141	Format:
2142	Level:
2143	Win:
2144	Draw:
2145	Loss:
2146	Do you want to participate in the individuals battle?
2147	Do you want to participate in the parties battle?
2148	Do you want to participate in the guilds battle?
2149	Battleground List
2150	%d VS %d
2151	LV %d and lower
2152	LV %d and higher
2153	LV %d ~ %d
2154	No restrictions
2155	[You can't apply on this map.]
2156	[You must wait about 1 minute to apply.]
2157	[You must be in a party.]
2158	[Only party leader can apply.]
2159	[Too many party members online.]
2160	[You must be in a guild.]
2161	[Only guild master can apply.]
2162	[Too many guild members online.]
2163	Moving Book
2164	Move
2165	Rename
2166	Create Character
2167	http://ro.game.gnjoy.com/
2168	(%s) Server
2169	Item Merge
2170	Two or more of the same type. Please select an item.
2171	Item merge is successful.
2172	Combining items will be only one kind at a time.
2173	You cannot have more than 30,000 stacked items.
2174	Rotate left
2175	Rotate right
2176	(%s) to view the old server information
2177	Existing server information
2178	^ff0000Existing server: ^0000ff
2179	^ff0000Existing character: ^0000ff
2180	Show monster HP bar when attacking.
2181	Hide monster HP bar when attacking.
2182	Merge does not exist as an item
2183	Merge items available does not exist.
2184	Act
2185	Pen
2186	Rec
2187	Episode
2188	Loc
2189	Evt
2190	New
2191	Monsters to kill
2192	Rewards
2193	Required Items
2194	Time Limit
2195	Deadline
2196	Search
2197	Navigation
2198	Back to Navigation
2199	Find Information
2200	Toggle Minimap
2201	Read Information from External File
2202	Exit
2203	Change the Default UI
2204	Change to Default UI
2205	Help
2206	ALL
2207	Map
2208	Npc
2209	Mob
2210	Enter search string... (Ex: word word ...)
2211	Scroll
2212	Use Scroll?
2213	Service
2214	Use Kafra Warp?
2215	Plane
2216	Use Airship?
2217	>> Failed to read the target information.
2218	>> Destination <<
2219	<<   Goal   >>
2220	-----------
2221	Navigation
2222	= Found (%d) ==
2223	Npc)%s:%s
2224	Mob)%s:%s
2225	Map)%s
2226	======== Results ==========
2227	Dist  %d Cell %d WarpMove
2228	Coords %s(%s)
2229	Goal:%s (%d,%d)
2230	Boss
2231	General
2232	Goal:
2233	Goal: (%d, %d)
2234	======= Guidance =======
2235	%2d) Item:%s => %s Use!
2236	%2d) %s(%d,%d)=>(%d,%d)
2237	E%2d) %s(%d,%d)=>(%d,%d)
2238	E%2d) %s
2239	Do you want to cancel navigation?
2240	How to Use Navigation
2241	------------------- Instruction --------------------
2242	1) /Navigation or /navi
2243	ex) /navi prontera 100 100 -> /navi "MAPNAME", 100, 100
2244	2) /Navigation2 or /navi2
2245	ex) /navi2 prontera 100 111
2246	-> MAPNAME location (100 90), Scroll | Zeny | Plane (1: Enable or 0: Disable)
2248	3) /$$ Output all the items (Can take a while...)
2249	4) /$$ Lv30 monsters are placed in the output
2250	5) /$$ Lv20~30 monsters in that level range are placed in the output
2251	-------------------  Description  --------------------
2252	1) One can search for monsters, npcs, maps, or all at once
2253	2) You can press the search button to get results. It will out put the results depending on what rule you choose
2254	ex) Drop down box -> Select "Npc", then type in the box "Kafra". Results will now be displayed
2255	3) When you select an item from a list, information about it are displayed.
2256	-> When button is clicked, it will point you towards your destination if available
2258	5) Guide button is pressed, the result list window displays where routes can change direction
2259	6) Using the button below, search results can be found
2260	-> [Results List Window] <-> [View Modes can be switched]
2261	Level:%d (Boss)
2262	Level:%d (Mob)
2263	Water %d
2264	Earth %d
2265	Fire %d
2266	Wind %d
2267	Poison %d
2268	Holy %d
2269	Shadow %d
2270	Ghost %d
2272	Neutral %d
2273	Medium
2274	Large
2275	Small
2276	Undead
2277	Brute
2278	Plant
2279	Insect
2280	Fish
2281	Demon
2282	Demi-Human
2283	Angel
2284	Dragon
2285	Formless
2286	Click to move %s
2287	Move to the Kafra Service Npc
2288	Click the NPC
2289	Move %s
2290	Move to the Airship Service
2291	By Warp
2292	End Points: (%d %d)
2293	That does not support the navigation area
2294	The purpose is unclear
2295	Does not meet the map requirement
2296	Information Failure | Change settings
2297	Failed to set info for location!
2298	Failed to find a path
2299	Failed to find players
2300	No Information
2301	Map doesn't support directions
2302	Please specify target goals.
2303	Found
2304	Directions were started
2305	Is the map that your looking for mob
2306	Map appears on the guide you are looking for
2307	Please navigate using the item
2308	Please follow the instruction to reach your destination.
2309	Arrived at the target map
2310	Arrived on the map that has the Npc your looking for. Go to that NPC
2311	You have arrived at the mob you were looking for
2312	You have reached your goal
2313	Please go to indicated direction.
2314	The goal has been reached
2315	Navigation >: %s
2316	Navigation >: Talk to Guide "%s" (A)
2317	Navigation >: Move to (%s) map
2318	Navigation >: Choose (%s) Map from Kafra
2319	Navigation >: Please go to the AirShip
2320	Navigation >: Get to your destination by using WarpPortal
2321	Item:
2322	$$
2323	$$lv
2324	~
2325	$$all
2326	Confirm Deal
2327	Below is the total cost:
2328	Zeny to complete the transaction.
2329	Press buy to confirm.
2330	%.1f% (PCRoom %.1f% + TPLUS %.1f% + Premium %.1f% + %sServer %.1f%)
2331	Card Book
2332	%d%% [ ( Basic 100%% + %sServer %d%% ) * Active %.1f ]
2333	%d%% [ Basic 100%% + %sServer %d%% ]
2334	This is PK region. Minors,Please leave immediately.
2335	Fatigue
2336	Health and gaming revenue is 100%%.
2337	Fatigue because it is now a guest of the gaming revenue is down 50 percent.Hope for the proper health
2338	Now because it is a non-health to the health of the guests want to offline games. If you still are online gaming revenue because the damage to the health of the game falls to 0% again after 5 hours will be restored offline.
2339	Online since %d minutes
2340	Online Time: %d
2341	Online since %d hours and %d minutes
2342	/monsterhp: Show the hp of attacked monster. On off
2343	Skill Points:
2344	There is no response from the authentification server. Please try again
2345	Please change your password
2346	http://www.ragnarok.co.kr
2347	Guest access is prohibited
2348	Your System is been Shutdown, %1.2d-%1.2d-%1.2d %1.2d:%1.2d:%1.2d is the end time.
2349	Selected System Shutdown is activated in your account,Time Left: %1.2d hours %1.2d minutes.
2350	Replay
2351	Macro
2352	Webbrowser
2353	Navigation
2354	UAEURL
2355	Clan Information
2356	Clan Level
2357	Clan Name
2358	Clan Mark
2359	Ally Clan
2360	Antagonist Clan
2361	Send to Clan
2362	ClanMaster Name
2363	Number of Members
2364	Castles Owned
2365	Clan Chat Messages
2366	Go to Page Charged.
2367	https://gfb.gameflier.com/Billing/ingame/index_new.asp?
2368	Create char
2369	Name does not match
2370	Enter the name of character
2371	Sex Selection Window
2372	Editing of the File Detected
2373	Items obtained by opening the item is character bounded (can not move to storage). Do you want to open the box?
2374	Game Settings
2375	Game System
2376	Game Commands
2377	Game Command ON/OFF
2378	Macro
2379	Trading is prohibited in this Map
2380	Vending is prohibited in this Map
2381	In this Map,Effect of Mirace of Sun and Moon is nullified.
2382	Ranking Board
2383	Rank
2384	Name
2385	Points
2386	BlackSmith
2387	Alchemist
2388	Taekwon
2389	Killer
2390	7 vs 7
2391	RuneKnight
2392	Warlock
2393	Ranger
2394	Mechanic
2395	GuillotineCross
2396	Archbishop
2397	RoyalGuard
2398	Sorcerer
2399	Minstrel
2400	Wanderer
2401	Genetic
2402	ShadowChaser
2403	Sura
2404	Kagerou
2405	Oboro
2406	Select Ranking Type
2407	Ranking Type
2408	Currently,Server is full.           ^0000ffPeople Currently Waiting: %d                    Expected Waiting Time: %dSeconds
2409	Currently,Server is full.           ^0000ffPeople Currently Waiting: %d                    Expected Waiting Time: %dMinutes %d Seconds
2410	CBT is not an invited user
2411	------------------- Instruction --------------------
2412	1) /Navigation or /navi ex) /navi prontera 100 100 -> /navi "MAPNAME", 100, 100
2414	-> /navi2 goes with the case with location coordinates. They must be no less than 3 characters
2415	3) $$all Output all the items (Can take a while...)
2416	4) $$lv30 monsters are placed in the output
2417	5) $$lv20~30 monsters in that level range are placed in the output
2418	1 vs 1
2419	Special Gear
2420	%d First character of the profession is more than information. Please contact the Customer Care Center. ErrorCode(%d)
2421	(%s) %d / %d
2422	%s-%s(%d/%d)
2423	Server Exceeded the maximum number of users,Cannot Connect anymore users.
2424	Server Connection Failed (%d)
2425	Login Timeout Permitted
2426	Login Authentication Failed from Authentication Server.
2427	Guild Cannot use Space in the name.
2428	Hey,Hello There
2429	Available Time will End on %d month %d hour %d:%d
2430	You've lot of time,Play in Peace.
2431	Your hours will be terminated within this week. Please Charge before termination.
2432	Your hours will be terminated within 24 hours.Please Charge Quickly.
2433	Current Time Left:%d hours.Charge the game for uninterrupted play.
2434	Current Time Left:%d minutes.Charge the game for uninterrupted play.
2435	Time Left: %d hours %d minutes
2436	%d%% ( Basic 100%% + PCRoom %d%% + Premium %d%% + %sServer %d%% )
2437	After %d hours %d minutes, your game will be terminated.
2438	This Account is permanently Banned.
2439	This Account is banned. Termination Time:%04d-%02d-%02d %02d:%02d
2440	Monster(Tab)
2441	Map(Alt)
2442	Product Information
2443	Find Information
2444	AirShip
2445	Kafra
2446	(Arrival)
2447	Mob)%s:%s(%s)
2448	Distribution:%s
2449	Very Plenty
2450	Plenty
2451	Normal
2452	Low
2453	Very Low
2454	The bank is not available. Please try again in a few minutes.
2455	Bank balance is low.
2456	You don't have enough zeny
2457	Minimum Deposit Amount: 1 zeny
2458	Minimum Withdrawal Amount: 1 zeny
2459	You cannot hold more than 2,147,483,647 Zeny
2460	your account is lock by mobile otp
2461	MOTP auth fail
2462	For %d minutes,Job Experience obtained from monster is increased by %d%%
2463	Current Zeny: %s Zeny
2464	Zeny
2465	The Maximum amount is 2,147,483,647 Zeny
2466	Insufficient bullet
2467	You entered more than 1 Billion Zeny, the price will be set to 1 Billion Zeny.
2468	AuthTicket is Not Valid
2469	ErrorCode : %d, ErrorValue : %d
2470	%d%% ( Basic 100%% + Premium %d%% + Internet cafe %d%% + %s Server %d%% )
2471	Basic item drop rate from monster hunting is increased for %dmins by %dtimes.
2472	Basic item drop rate from monster hunting is increased for %dhour %.2dmins  by %dtimes.
2473	The price of^0000FF %s^000000
2474	100000000
2475	is over ^FF0000%d^0000FF Billion^000000 Zeny and
2476	10000000
2477	more than^FF0000 %d0^0000FF Million^000000 Zeny
2478	. Is this correct?
2479	Safety check for more than 10m Zeny
2480	https://www.warpportal.com/account/login.aspx?ReturnUrl=%2faccount%2fpayment.aspx
2481	https://kepler.warpportal.com/ror/purchase/?step=1&steamid=%lld&accountname=
2482	A giant crevice appeared in Bifrost, the bridge between Splendide, the end of the world and the floating continent of Alfheim, and you do not know the source of the labyrinth forest.
2483	This is a marker indicating the end of the trip, a new world is opening indicators! Guardian, such as the lyrics to the temptation was gradually losing the soul.
2484	For thousands of years, a mysterious melody has mesmerized the guardian. After a millennia of slumber, the guardian became confused about what he had been protecting all these years, and began to suspect that he might be the one who has been sealed and hidden away.
2485	When the melody reached its peak, a giant crevice appeared in Bifrost, the bridge between Splendide, the end of the world and the floating continent of Alfheim. As a result, the two worlds were cut off from each other, causing a big problem for the people.
2486	Now, the only way to get to Bifrost is through the Labyrinth Forest. Nobody knows how the forest came to exist, and nobody has ever come out of it alive...
2487	Swallowed countless adventurers to put a hell of confusion, wandering in the forest labyrinth of nowhere, like the heart of a woman was being extend deeper confusion.
2488	You can enter only numbers.
2489	Exchange or store window is active and can not register the withdrawal.
2490	Go to
2491	Item Compare
2492	Now you are trying to mount the gun equipped with bullet does not meet
2493	Now you are trying to mount the guns and bullets will not fit mounted
2494	Has not registered to sell the item. Please register to sell the item
2495	ITEM
2496	Guild storage is not available.
2497	Guild is not subscribed to. After signing up, please use
2498	Two other guild members are in use. Please use it after a while.
2499	Storage Permission
2500	Guild Storage
2501	You do not have permission to use guild storage.
2502	Limited Sale Registration Window
2503	Item DB Name
2504	Item DB Number
2505	Number of Sale
2506	Sale Start Time
2507	Time to sell
2508	Please enter number you want to sell
2509	Enter start time of sale
2510	Start time does not match the scope of sales.
2511	Please enter the time
2512	Please enter the Item DB Name
2513	Item ID lookup failed. Please try again later
2514	>> ItemName: %s / Price: %dc / Quantity: %d / TimeOfSale: %dMonth:%dDay:%dMinute:%dSecond ~ %dMonth:%dDay:%dMinute:%dSecond
2515	Registration successful
2516	Registration failure. Please try again later.
2517	Item has already been registered. Please try again later.
2518	Failed to delete the item. Please try again later.
2519	%s item has been deleted.
2520	Special
2521	Sales limited sale item update
2522	Discontinued
2523	Quantity update is required
2524	The %d is out of stock or to buy as much as
2525	%s Items are on sale
2526	%s time-out or sale of the items sold has been shut down due to the limited sales
2527	/limitedsale
2528	http://www.ragnarokeurope.com/news/home-r70.html
2529	http://www.ragnarokeurope.com/index.php?rubrique=70&Steam
2530	Item purchase successful
2531	You do not have enough items.
2532	Name of the character that cannot be invited.
2533	You cannot invite the character to the guild.
2534	Item already Sold,Purchase Failed.
2535	The warp spot cannot be memorized in current position.
2536	Cannot purchase item, You exceeded the weight.
2537	No.
2538	Item
2539	Number
2540	Name
2541	Time
2542	Input/Output
2543	Log does not exist.
2544	Entire
2545	Insert Symbol
2546	Remaining Time
2547	Guild Storage Logs
2548	100 entries are displayed.
2549	Guild Storage is open only for 2 minutes, and will close automatically.
2550	Incorrect GameSamba ID. Please Try Again.
2551	%s [%d Option]: %d Quantity
2552	Requires a Coin.
2553	%d Coins are required.
2554	Gatling Gun should be equipped with bullets.
2555	Shotguns should be equipped with bullets.
2556	Rifle should be equipped with bullets.
2557	Pair of Revolver should be equipped with bullets.
2558	[Silver Bullet] weapon class must be equipped.
2559	Item Sell History
2560	Item Purchase History
2561	Grenade Launcher should be equipped with bullets.
2562	[Heat barrel],[Last Stand],[Platinum Alter] cannot be used while sitting.
2563	Cannot use skill in this map.
2564	If you are using a guild storage, all items inside it will disappear.
2565	http://ragnarok.gamesamba.com/
2566	Please enter a password to login.
2567	Pet Evolution
2568	Evolution - %s
2569	Evolution requires the following ingredients:
2570	Are you sure you want to evolve your pet?
2571	Unknown Error
2572	Pet Cannot be hatched.
2573	It is not requested petal.
2574	Evolution material is low.
2575	Insufficient materials for evolution.
2576	Loyal Intimacy is required to evolve.
2577	Automatic feeding
2578	Feeding the pet. %d '%d' remaining
2579	Automatic feeding turned On
2580	Automatic feeding turned Off
2581	Update
2582	%d minutes ago
2583	%d hours ago
2584	%d days ago
2585	%d%%% ( Premium %d%%% + %s Server )
2586	Mailed
2587	Your mail has been sent.
2588	This item has been moved to the inventory.
2589	Failed to get items.
2590	Please empty your inventory.
2591	Zeny received.
2592	Failed to get zeny.
2593	Exceeded the limits of zenny.
2594	Items attached success
2595	The name of the recipient must be included.
2596	The length of the title must be 4 to 50 characters long.
2597	Mail delivery failed.
2598	Transmission has failed to inappropriate items.
2599	Information of the recipient does not exist.
2600	%s [%d Option]
2601	Level, enter a number between 1 and %d.
2602	Please free the window possessing space.
2603	Sending mail count exceeded.
2604	You can not open the mail.
2605	You currently belong to a clan.
2606	Gold PC rooms mileage information
2607	Unequip pet accessories first to start evolution
2608	%d minutes later
2609	%d hours later
2610	%d days later
2611	Press the OK button to confirm the C-CODE.
2612	After obtaining the attached article can be deleted.
2613	You can not send any more zeny.
2614	Fee: %s Zeny
2615	The recipient's name does not exist.
2616	E X P : %.1f%% ( basic %.1f%% premium %.1f%% + %s %.1f%%)
2617	DROP  : %.1f%% ( basic %.1f%% premium %.1f%% + %s %.1f%%)
2618	DEATH : %.1f%% ( basic %.1f%% premium %.1f%% + %s %.1f%%)
2619	You can accumulate points of PC Gold-club up to %d points maximum.
2620	This function can not be used on the server.
2621	Imposible to use in server.
2622	The auction is not available in server.
2623	The deal is imposible in server.
2624	Items discard is imposible in server.
2625	Stores selling features are not available.
2626	The SP's summoned enough.
2627	%s/%s
2628	The maximum length of the message content is 1K.
2629	Failed to attach an item.
2630	The weight of the items that can be attached to mail has been exceeded.
2631	Is already in service. Please try again in a few minutes.
2632	Unable to open the window of Lucky Roulette.
2633	Unable to close the window of the Lucky Roulette.
2634	You can not start a roulette wheel of fortune.
2635	Points is required to play Lucky Roulette.
2636	You can not receive a winning items.
2637	The number of items in the inventory has been exceeded.
2638	The weight has been exceeded. Please free up the possesion window.
2639	Failed to open stalls.
2640	The roulette wheel is spinning. Please try again after checking with prizes.
2641	Lucky Roulette
2642	Notify when item sell out
2643	Please check the fees.
2644	Verify user name
2645	Schedule deletion
2646	Achievable challenge
2647	Achieve overall
2648	Achieve rank
2649	The following compensation box until [% 5d] point
2650	Progress
2651	Recent Achievements
2652	Cracker  Item
2653	Cracker  : %d / %d
2654	Cracker  is low.
2655	%s
2656	Overview
2657	General
2658	Role
2659	Action
2660	Other
2661	Adventure
2662	Rune Midgarts
2663	Schwartzvald
2664	Arunafeltz
2665	Commandment
2666	Localizing
2667	Dungeon
2668	Battle
2669	Duel
2670	Lily
2671	Quest
2672	Episode
2673	General
2674	Memorial
2675	Midgard
2676	Commandment
2677	Other
2678	Feat
2679	Achieved challenge
2680	You cannot add anymore.
2681	< %S > achieved.
2682	Only OTP users are allowed
2683	When this button pressed, you will receive a specified initialized roulette item.
2684	When this button pressed, the flashing arrows from the lines of the roulette wheel begins.
2685	Style
2686	Title release
2687	Can't create a Guild in this area.
2688	Can't disband a Guild in this area.
2689	Can't join a Guild in this area.
2690	Can't leave a Guild in this area.
2691	Can't deport a Guild in this area.
2692	Can't change a Guild title in this area
2693	Please empty at least 5 amount of possession in item window.
2694	E X P : %.1f%% ( basic 100.0%% pccafe %.1f%% + %s %.1f%%)
2695	DROP  : %.1f%% ( basic 100.0%% pccafe %.1f%% + %s %.1f%%)
2696	DEATH : %.1f%% ( basic 100.0%% pccafe %.1f%% + %s %.1f%%)
2697	The number of items that can be attached is exceeded.
2698	Notify when item purchased
2699	Unable to attach the items.
2700	Because you can not win a slam room and turn the roulette of the next higher step.
2701	Replying
2702	Read more
2703	Delete message
2704	Crackers  : %d
2705	%s %s crackers
2706	Crackers
2707	Total : %d Crackers
2708	%d -> %s Crackers
2709	%s Crackers
2710	Current Crackers : %s
2711	%s  :  %s  Crackers
2712	%10s Crackers
2713	Total : %s Crackers
2714	* Commission 3% / Minimum 1 Crackers comission deducted
2715	The Crackers.
2716	^0000ff more than crackers^000000Did you enter the correct amount?
2717	Over than 10billions secure check
2718	If you fill over 1 billion, the price will be automatically set as 10 billion Xianbei.
2719	If you fill over 9,999 Xianbei, the price will automatically set as 9,999 Xianbei.
2720	There are items priced 0 Xianbei. You cannot open vending.
2721	The opponent is over the Xianbei limit. Trade failed.
2722	Please fill out %s item price less than 1 billion Xianbei.
2723	%s:  %s  Xianbei => %s ea
2724	Limited price: %s Xianbei
2725	%s %s %d Xianbei
2726	%d %s are sold. In total %d Xianbei. 3%% charge will be imposed.
2727	RODEX
2728	SEND
2729	RECEIVE
2730	Please close the mail compose window.
2731	Server access denied(A)
2732	Server access denied(B)
2733	Unequipped Arrow/Ammunition.
2734	Consuming item in inventory will close mail compose window.
2735	Do not have Magnifier.
2736	Close email window if you want to discard item.
2737	The opponent has already requested you to be a friend.
2738	SCRIPT ERROR AID
2739	%s Errorfile : %s ErrorLine : %d item ErrorContext: %s
2740	^ff0000Are you sure want to purchase the item? after confirmation will consume %d point and %d crackers.
2741	Close
2742	Quest
2743	View Quest icon
2744	Facility
2745	View Facility icon
2746	Guild/Party
2747	Show Guild/Party
2748	Record
2749	Boss Monster
2750	I
2751	Are you sure want to delete it?
2752	Quest NPC
2753	Record content
2754	Store
2755	Record
2756	%s [%d Property] %d ea
2757	%s [%d Property] %s Zeny
2758	%s [%d Property] %d %s %d -> %s %s
2759	%s [%d Property] %d %s %s %s
2760	%s [%d Property] %d -> %s %s
2761	%s [%d Property] %s %s
2762	The minimum trading unit must be 100 crackers or more.
2763	Hair color
2764	Hair style
2765	Cloth color
2766	Cloth pattern
2767	Unsupported Map.
2768	Enter Zeny Below 2,147,483,647.
2769	Please Enter atleast 1 zeny.
2770	You do not hold any zeny.
2771	Zeny Storage
2772	in Bank
2773	on hand
2774	Deposit
2775	Withdraw
2776	1 z UP
2777	1 z Down
2778	Max
2779	There is no Input value
2780	Not enough zeny
2781	Input Required
2782	Numbers only
2783	Exceeded max input
2784	Below Minimum Input
2785	Not enough zeny
2786	Insufficient funds
2787	Exceeded max zeny
2788	Drop X
2789	Storage X
2790	Cart X
2791	Mail X
2792	Trade X
2793	Auction X
2794	Guild Storage X
2795	Sell to NPC X
2796	Item moves restriction.
2797	Please Create a Character!
2798	You need to disarm the equipped projectiles.
2799	You cannot enter Memorial Dungeon with excess members
2800	Memorial Dungeon Access was denied due to exceeding number of players
2801	%.1f%% ( %s Server: %.1f%% + Premium:%.1f%% )
2802	%.1f%% ( %s Server: %.1f%% + Premium:%.1f%% )
2803	Consuming Item denied due to multiple same item.
2804	Consuming Item denied due to effect of same consumed item.
2805	Flicker Effect ON
2806	Flicker Effect OFF
2807	Illegal Programs has been detected
2808	Send Mail
2809	E X P : %.1f%% ( basic 100.0%% VIP Bonus %.1f%% + %s %.1f%%)
2810	DROP  : %.1f%% ( basic 100.0%% VIP Bonus %.1f%% + %s %.1f%%)
2811	DEATH : %.1f%% ( basic 100.0%% VIP Bonus %.1f%% + %s %.1f%%)
2812	You cannot use the tag as a name.
2813	Style Shop
2814	No serial number, Please visit the store to buy.
2815	Please turn on Serial item number window box.
2816	Bank
2817	Slot is full, please delete a character.
2818	Item cannot be restored, are you sure want to apply it?
2819	Registered as the following style.
2820	There are plenty of golds in the bank, Please go to the bank now.
2821	moving...
2822	You are not allowed to fly over the sovereign airspace of the country.
2823	Airship flight is temporarily unavailable due to atmospheric instability caused by magic.
2824	Private airship
2825	Please try again in a moment.
2826	Not enough Zeny to use the private airship.
2827	Not enough Cans to use the private airship.
2828	You cannot meet the level to use the private airship.
2829	You cannot move to the selected point by the private airship.
2830	You cannot use the private airship where you are now.
2831	Accessory
2832	Second costume
2833	Wardrobe
2834	This hairstyle cannot be dyed.
2835	Press an arrow to choose the style you want.
2836	Come and see the new styles. (Purchased accessories will be sent via RODEX.)
2837	Basic style
2838	You can level up the skill from the base Lv. %d.
2839	Special symbol can't be used in name
2840	MaxHP is to low to use this skill
2841	MaxSP is to low to use this skill
2842	Compare items
2843	Drop lock
2844	Screenshots are not attached
2845	Twitter
2846	General
2847	Notice
2848	Clear
2849	Refresh
2850	%d minute
2851	%d hour
2852	%d day
2853	Returned
2854	Do you want to delete the message?
2855	Show information
2856	Zoom In
2857	Zoom Out
2858	Maximize
2859	Show world map
2860	Total possession item type
2861	/minimap
2862	Show minimap buttons
2863	Hide minimap buttons
2864	Show guild member login status
2865	Intimacy: %s
2866	Confirmation
2867	Team name
2868	Leader
2869	Time limit exceeded. Closing the client
2870	Input error. Closing the client
2871	Incorrect input. A small buff has given to you
2872	Enter 4 english words and 2 chinese words
2873	Your entered answer is [%s]. Is it right?
2874	Icon is unchecked
2875	Incorrect input (Remaining chance: %d)
2876	Do you want to announce %d to player?
2877	Message has been sent to player
2878	Needed Data for Query illegal software are not signed.
2879	The player is being monitored.
2880	Already signed in investigation system.
2881	Failed to store icon.
2882	Failed to store replied answer.
2883	Hello, illegal software is being monitored.
2884	Please enter the text below within the specified time.
2885	According to game regulation, when you enter the wrong text three times, you will get banned.
2886	Remaining chance : %d
2887	Role
2888	Range
2889	You use the left mouse button to specify the role
2890	You use the left mouse button to specify the range
2891	Not a valid range, please press Enter
2892	E X P : %.1f%% ( basic %.1f%% %s %.1f%%)
2893	DROP  : %.1f%% ( basic %.1f%% %s %.1f%%)
2894	DEATH : %.1f%% ( basic %.1f%% %s %.1f%%)
2895	The role name will be sent: %s
2896	Synthesis of the required materials
2897	Insufficient synthesis materials
2898	Required material %d ea.
2899	Refine value is to low for synthesis
2900	Do you want to sign in to the adventurers?
2901	Please leave a message
2902	Please enter the text on the graph
2903	%d second left
2904	Please enter your 6 identification number.
2905	Identification number.
2906	It's not a 6 identification number. Please try again
2907	The message has been deleted
2908	Please select the area where the private airship will move
2909	E X P : %d%% ( basic 100.0%% %s %d%%)
2910	DROP  : %d%% ( basic 100.0%% %s %d%%)
2911	DEATH : %d%% ( basic 100.0%% %s %d%%)
2912	Move to the destination
2913	The [%s] is not present, the default AI will be used instead.
2914	%.1f%% ( Basic 100.0%% + Premium %.1f%% + %s %.1f%%)
2915	Would you like to open a shop at this location?
2916	Doram race can't wear this clothes
2917	Props open-air store sales will be traded in RODEX
2918	30,000 z
2919	Malangdo Special Can 100 pc
2920	Cannot carry anymore because weight limit over 80%
2921	Unsold items are sent to RODEX
2922	Preview
2923	Assign Guild Leader
2924	Are sure want to assign %s as guild leader? After assigned your position will become %s
2925	Cancel
2926	Do you want to close the shop?
2927	%02d day %02d hour %02d minute %02d second
2928	Unable to sign in
2929	Unable to sign in because the maximum number of sign-in is exceeded
2930	Please select a location for your shop
2931	Pet name will be changed to ^0000ff^0000ff %s^000000^000000, do you want to continue?
2932	Trade date :
2933	Trade item :
2934	Trade quantity :
2935	Trade price :
2936	Total trade :
2937	Open vending sales agent
2938	Open vending purchase agent
2939	Close vending sales agent
2940	Close vending purchase agent
2941	Balance:
2942	Item list:
2943	Vending agent
2944	Returned item:
2945	Returned quantity:
2946	Returned date:
2947	Total trade will be sent to RODEX
2948	Name isn't available
2949	Item has been delivered
2950	Thank you for purchasing
2951	Press again to unlock
2952	Lock from NPC selling
2953	There is no callable location nearby
2954	Capture full screens
2955	Capture part of screen
2956	Send
2957	Family Affairs agent
2958	Acknowledgement of family member registrations.
2959	Dear whom it may concern. Today, \"%s\" and \"%s\" 's son/daughter \"%s\" has fully separated and independent from your member of family. Hereat, we inform you in writing. Please contact to Prontera Family Affairs if you have any enquiries. Thank you.
2960	Equip
2961	No image
2962	[%s] is blocking Call Massage.
2963	Currently in WoE hours, unable to delegate Guild leader
2964	You have to wait for one day before delegating a new Guild leader
2965	When adopted, character will not able to transcend, maximum stats will be limited, MaxHP and MaxSP will be reduced. Are you sure you want to continue?
2966	Refining
2967	Use Blacksmith's Blessing
2968	Insufficient zeny
2969	Not enough Blacksmith's Blessing
2970	This equipment can not be refined
2971	Upgrade success!
2972	Upgrade failed!
2973	Back
2974	Success
2975	Return
2976	With Mr/Miss
2977	The Homunculus's name will be changed to^0000ff^0000ff %s^000000^000000, Are you sure?
2978	Call function is ON
2979	Call function is OFF
2980	Display Call messages
2981	This character is currently opening a shop and can't be deleted
2982	The same vend shop NPC has been set up
2983	Opening shop is not allowed on this location
2984	Opening shop is not allowed when there is other character
2985	Failed to feed pet, please close RODEX window
2986	Set item setting
2987	Equip
2988	Equipment will dissapear when refine fails
2989	Equipment's refine level will decreased when refine fails
2990	Equipment will dissapear or refine level will decreased when refine fails
2991	You cannot use RODEX while refining. RODEX has closed.
2992	You cannot use RODEX while refining.
2993	Please close other windows to continue.
2994	Turn On Aura [Aura ON]
2995	Turn Off Aura [Auta OFF]
2996	Aura is turned off. Please turn it on and try again
2997	You need %d bullet(s) to activate the skill.
2998	Do you want to change the equipment set?
2999	You can not do it while you are dead.
3000	You can not do it while casting
3001	You can not do it while trading
3002	You can not do it while opening vendor
3003	You can not do it while using NPC
3004	You can not do it while using chatting room
3005	Party members are not connected.
3006	You need %d arrow(s) to activate the skill.
3007	Align items
3008	Please close item setting window to dump item.
3009	There is no item to replace.
3010	Deleted character
3011	%Y.%m.%d
3012	Access date: %s
3013	You can not use bank while refining. Bank has closed.
3014	You can not use bank while refining.
3015	The item has bind to set equipment.
3016	Human
3017	Swordman, Mage, Merchant, Acolyte, Thief, Archer
3018	Doram
3019	Summoner
3020	Delegate race of Midgard. Very talented race to solve a problem with inifite potential and great adaptability.
3021	One of delegate race of Far-star continent with natural born curiosity and sparky character.
3022	Weight limit has reached toover 70%. Or less then 10 invenrory space.
3023	EUR
3024	EUR
3025	Doing in other activity.
3026	Overheat limit : %d
3027	You cannot invite or withdraw while in memorial dungeon.
3028	Expletive has detected. Please check again.
3029	Please enter over %d characters. If you don't have user account, please click [Register] button on the bottom left.
3030	Please enter the password over %d characters.
3031	Please finish your current work and try it again.
3032	%.1f%% (Internet-Cafe %.1f%% + TPLUS %.1f%% + %sServer %.1f%%)
3033	The item cannot be registered.
3034	/300
3035	/4000
3036	https://member.gnjoy.com.tw/mRO_SecPwd.aspx
3037	The emblem you want to register does not exist. Insert it in the emblem file and try again
3038	Ragnarok Ragnarok
3039	If your screenshot or chat box includes other users besides yourself, first ask permission from the other users before using it.
3040	You cannot change equipment in current condition
3041	Getting the user's name
3042	This message includes contents you are not able to use.
3043	Failed to purchase item.
3044	The lower numbers of the identification number does not match.
3045	Close
3046	Rule
3047	Purchase 1x
3048	Purchase 10x
3049	Purchase 100x
3050	Win 1st prize
3051	Win 2nd prize
3052	Win 3rd prize
3053	Currently not in use
3054	Currently not in use
3055	Zeny Lottery winner
3056	Lottery purchase amount
3057	Participating character
3058	1st Price
3059	2nd Price
3060	3rd Price
3061	Purchase Reward Item
3062	^1a1a1a Do you want to purchase ^b%d lottery tickets for ^4435b2%dZeny^1a1a1a?
3063	You have successfully purchased the lottery ticket.
3064	Not enough Zeny to purchase lottey ticket.
3065	You are only able to purchase the tickets upto 1000 times.
3066	Yes
3067	No
3068	HP
3069	SP
3070	Lv.
3071	Lv.
3072	Exp
3073	all on
3074	Start replay
3075	P
3076	Total
3077	Basicinfo
3078	Equipment
3079	Items
3080	Skills
3081	Guild
3082	Party
3083	Chat
3084	Hotkeys
3085	Status
3086	ALL
3087	Custom file name
3088	Check file
3089	on
3090	<Basic>
3091	Choose skin
3092	You cannot delete it because you are currently participating in the lottery
3093	/achievement
3094	Zeny Lottery ticket
3095	Zenyy Lottery %dprize reward
3096	%dprize reward: %s
3097	Zeny Lottery Cumulative purchase reward
3098	Cumulative %d times reward: %s
3099	Zeny Lottery Refund
3100	Refund amount: %d Zeny Reason for Refund: Failed to draw lottery in the server
3101	Add Mini Party Chat
3102	Delete Mini Party Chat
3103	The lottery draw had ended! Check the winner!
3104	%dMonth %dDay
3105	Till the next grade
3106	All
3107	Incomplete
3108	(Accomplished!)
3109	(Not Accomplished)
3110	Change equipment
3111	CHANGE
3112	Power Parameter ^cc0000Melee PhysicalAttack^ffffff, Carrying Weight
3113	Agility Parameter ^cc0000Attack Speed^ffffff, Dodge, Physical Defense
3114	HP Parameter ^cc0000Max HP^ffffff, Physical Defense, Magic Defense
3115	Intellect Parameter ^cc0000Magic Attack^ffffff, Casting Time, Magic Defense
3116	Handcraft Parameter ^cc0000Long Range Physical Attack^ffffff, Accuracy, Casting Time, Magic Attack
3117	Moon Parameter ^cc0000Critical Rate^ffffff, Accuracy, Physical Attack, Magic Attack, Dodge
3118	Physical Attack
3119	Physical Defense
3120	Accuracy
3121	Critical Rate
3122	Affiliated Guild
3123	Points to level up each Parameter
3124	Magic Attack
3125	Magic Defense
3126	Dodge
3127	Attack Speed
3128	Shortcut
3129	Option
3130	Skill Shortcut Key (F1 ~ F9)
3131	Capture Image
3132	Zoom In
3133	Zoom Out
3134	Guild
3135	Bank
3136	Mail
3137	Cash Shop
3138	Sit
3139	Move
3140	Rotate
3141	The Party Leader can be dropped out only after another party member becomes a Party Leader.
3142	Do you want to stop viewing this video?
3143	gear has been equipped in the gear equipment pop-up.
3144	gear has been removed in the gear equipment pop-up.
3145	This is the last line.
3146	%.1f%% ( Base 100%% + Premium %.1f%%+ %sServer %.1f%% )
3147	Chinese character
3148	Shortcut Settings
3149	Your subscription will be ended on%s.
3150	Cannot find the replay file.
3151	Shoes
3152	Head
3153	Armor
3154	Shoulders
3155	Accessory
3156	Costume
3157	Sort Order
3158	Normal Gear
3159	Special Gear
3160	Style
3161	/quake : Screen Shaking Effect On/Off
3162	/aura2 : You can completely turn off the aurora On/Off
3163	Default Settings
3164	Advanced Settings
3165	The Default Settings will be applied.
3166	The Default Settings will be applied. Do you agree?
3167	The settings will be applied. Do you agree?
3168	Need to restart to apply the settings. Do you agree?
3169	Fog
3170	Simplified aurora
3171	Turn on aurora
3172	Show Effect
3173	Show Shadows
3174	No Shift
3175	Select Hardware T&L Acceleration Function
3176	Select Game Resolution
3177	Use full screen
3178	Fix mouse
3179	Effect Settings
3180	Control Settings
3181	Graphic Device Settings
3182	Graphic Resolution Settings
3183	Full Screen Settings
3184	Fix mouse Settings
3185	Commission :
3186	Total commission amount :
3187	Select receiver
3188	Select receiving group
3189	Change size(F10)
3190	Loading the mailbox. ^c92114Delete^000000unnecessary emails!!
3191	Loading...
3192	Title
3193	Sender
3196	This account does not exist.
3197	Passwords do not match.
3198	Failed to pass IP authentication
3199	No identification number, supplement your registration information
3200	Account block
3201	System error
3202	unknown error found.
3221	100,001 z ~ 1,000,000 z 1,000,001 z ~ 10,000,000 z 10,000,001 z ~ 100,000,000 z
3238	BOX
3241	File abusing detected. Please restart the client with clean files.
3254	MOTP
3255	Identification number.
3262	Normal
3265	map
3277	File abusing detected. Please restart the client with clean files.
3290	New
3291	Headgears
3292	Limited
3293	Rental Items
3294	Equipments
3295	Scrolls
3296	Consumables
3297	Other
3298	Special
3301	http://member.gnjoy.com/user/pay/chargelist.asp
3313	http://gift.zhaouc.com/
3314	UNKNOWN ERROR:%d
3315	NOT USER
3316	THIS ACCOUNT ID IS BLOCKED
3317	COUNTRY REJECT (OR NOT AVALIABLE USER )
3318	NOT MATCH PASSWORD
3319	NOT EMAIL CERT
3320	PAYPAL BLOCK
3321	COUNTRY REJECT
3322	PAYPAL BLOCK
3323	WEB BLOCK
3324	AGE LIMIT USER
3325	PASSWORD HAS NOT BEEN CHANGED FOR MORE THAN 90DAYS
3326	INPUT DATA ERROR
3327	ERROR DATABASE
3328	ERROR SYSTEM
3342	Delete
3343	Character List
3344	Notice
3346	Hair Style
3347	Hair Color
3359	Note
3360	Quest
3362	Dungeon
3363	MD
3365	Other
3366	Search
3371	Register
3377	All
3381	Exit
3388	Taekwon
3395	Ignore-list is empty
3396	Characters in ignore-list:
3397	Act
3398	Rec
3399	Pen
3400	QUEST
3401	For
3404	EXP
3405	JEXP
3406	Item
3412	Password
3415	Leader
3445	http://ro.gnjoy.com
3446	▲
3447	▼
3465	%s Attendance Check Reward
3467	%d Day
3468	%d Day attendance check Please click~!
3469	%d Day attendance success!
3470	D-day
3471	Day
3472	Attendance Check failed. Please run again.
3473	Attendance Check
3474	This is not the current attendance check event
3479	Enter 4 english words and 2 chinese words
3486	The guild tax rate can't be set to more than 50%.
3508	Support
3509	Zoom Out
3513	/zoom
3521	/viewclear
3526	Emblem Frame
3532	/frame
3535	EXP: %.1f%% (basic: 100.0%%, %s: %.1f%%)
3536	DROP: %.1f%% (basic: 100.0%%, %s: %.1f%%)
3537	DEATH: %.1f%% (basic: 100.0%%, %s: %.1f%%)
3538	Forbidden symbols in character name.
3539	you must have an AccessTicket to login
3540	Loading....
3541	Loading...
3542	Delete
3543	Reply
3544	Send
3545	Name Check
3546	Notice
3547	General
3548	Clear
3549	Search
3559	PvP
3573	Taming monster
3574	message
3575	Header
3581	http://rodata.zhaouc.com/renwu.html
3586	Please try again in a moment.
3597	←
3598	↑
3599	→
3600	↓
3601	▤
3602	←
3627	J.Lv
3628	AP
3647	?
3648	Z
3649	Total : %s Zeny
3650	Limited Account Registration Window
3651	Item DB Name
3652	Item DB Number
3653	Number of Sale
3654	Sale Start Time
3655	Sale end time
3656	Account only
3657	Sale period:% d month% d day% d hours% d
3659	limited to% d
3660	>> ItemName:% s / Quantity:% d / Sales Period:% d Month:% d Day:% d Hour:% d Minute ~% d Month:% d Day:% d Hour:% d Minute
3661	Sold Out
3662	% s] is currently in a region that cannot be summoned.
3663	% d min% d days% d days
3664	Can't add any more items
3665	The item being mounted cannot be exchanged. Please unmount it and try again.
3666	You can not move to the character selection window while using the Guild Warehouse.
3667	Item tag is included and cannot be used.
3668	Monster
3669	Unknown
3670	Undead
3671	Animal
3672	Plant
3673	Insect
3674	Marine
3675	Devil
3676	Human
3677	Angel
3678	Dragon
3679	Balance: %s %c
3680	Do you really want to purchase this item? %s Money will be deducted from your total balance.
3681	Do you really want to purchase this item? %s Money and %s Free Points will be deducted from your total balance.
3744	Num: %d/%d Weight: %d/%d
3774	https://member.gnjoy.com.tw/billing.aspx
3777	Search
3790	Search
3809	EXP: %.1f%% (basic: 100.0%%, %s: %.1f%%)
3810	DROP: %.1f%% (basic: 100.0%%, %s: %.1f%%)
3811	DEATH: %.1f%% (basic: 100.0%%, %s: %.1f%%)
3828	%u / 1000 P
3829	All
3830	Loading...
3832	Current admission application state.
3833	General
3875	Base Lv. %d
3876	Job Lv. %d
3877	Lv.%d %s
3887	Formless
3888	Undead
3889	Brute
3890	Plant
3891	Insect
3892	Fish
3893	Demon
3894	Demi-Human
3895	Angel
3896	Dragon
3898	Water
3899	Earth
3900	Fire
3901	Wind
3907	Small
3908	Medium
3909	Large
3910	DEF
3913	Select All
3915	FREE!
3947	Select receiver
3948	Select receiving group
3956	Please try again in a moment.
3977	Imperial Guard
3978	Abyss Chaser
3979	Windhawk
